Workbook

Sheet 1. 운영실적
A1: 1. 유동상 소각로 위탁 운영비용 사업계획대비 실적 (단위: 백만원)
A3: 구 분 | B3: 1월 | E3: 2월 | H3: 3월 | K3: 4월 | N3: 5월 | Q3: 6월 | T3: 7월 | W3: 8월 | Z3: 9월 | AC3: 10월 | AF3: 11월 | AI3: 12월 | AL3: 합 계
B4: 계획 | C4: 실적 | D4: 증감 | E4: 계획 | F4: 실적 | G4: 증감 | H4: 계획 | I4: 실적 | J4: 증감 | K4: 계획 | L4: 실적 | M4: 증감 | N4: 계획 | O4: 실적 | P4: 증감 | Q4: 계획 | R4: 실적 | S4: 증감 | T4: 계획 | U4: 실적 | V4: 증감 | W4: 계획 | X4: 실적 | Y4: 증감 | Z4: 계획 | AA4: 실적 | AB4: 증감 | AC4: 계획 | AD4: 실적 | AE4: 증감 | AF4: 계획 | AG4: 실적 | AH4: 증감 | AI4: 계획 | AJ4: 실적 | AK4: 증감 | AL4: 계획 | AM4: 실적 | AN4: 증감
A5: 운영비 | B5: 345 | C5: 290.9316 | D5: =C5-B5 -> -54.0684 | E5: 333.7856 | F5: 287.18552 | G5: =F5-E5 -> -46.600084 | H5: 293.2448 | I5: 305.13218 | J5: =I5-H5 -> 11.887384 | K5: 354.056 | L5: 288.28613 | M5: =L5-K5 -> -65.769866 | N5: 293.2448 | O5: 324.71287 | P5: =O5-N5 -> 31.468074 | Q5: 283.1096 | R5: 289.44732 | S5: =R5-Q5 -> 6.337716 | T5: 364.1912 | U5: 314.93804 | V5: =U5-T5 -> -49.253164 | W5: 364.1912 | X5: 298.23335 | Y5: =X5-W5 -> -65.957854 | Z5: 354.056 | AA5: 339.31497 | AB5: =AA5-Z5 -> -14.741032 | AC5: 274.1432 | AD5: ='3. 세부 운영내역'!AK17/10^6 -> 326.35474 | AE5: =AD5-AC5 -> 52.211536 | AF5: 354.056 | AH5: =AG5-AF5 -> -354.056 | AI5: 364.1912 | AK5: =AJ5-AI5 -> -364.1912 | AL5: =SUM(B5,E5,H5,K5,N5,Q5,T5,W5,Z5,AC5,AF5,AI5) -> 3977.2696 | AM5: =SUM(C5,F5,I5,L5,O5,R5,U5,X5,AA5,AD5,AG5,AJ5) -> 3064.5367 | AN5: =AM5-AL5 -> -912.73289
A6: 전력비 | B6: 121.26569 | C6: 108.49332 | D6: =C6-B6 -> -12.772367 | E6: 124.41984 | F6: 102.0377 | G6: =F6-E6 -> -22.382137 | H6: 92.278154 | I6: 94.075849 | J6: =I6-H6 -> 1.7976944 | K6: 120.17817 | L6: 90.347481 | M6: =L6-K6 -> -29.830688 | N6: 95.566077 | O6: 101.111 | P6: =O6-N6 -> 5.5449185 | Q6: 103.46577 | R6: 104.25798 | S6: =R6-Q6 -> 0.79220238 | T6: 145.53626 | U6: 115.87644 | V6: =U6-T6 -> -29.659815 | W6: 142.57577 | X6: 106.51199 | Y6: =X6-W6 -> -36.063774 | Z6: 123.55266 | AA6: 101.85734 | AB6: =AA6-Z6 -> -21.695319 | AC6: 87.491179 | AD6: ='3. 세부 운영내역'!AK65/10^6 -> 102.10439 | AE6: =AD6-AC6 -> 14.613206 | AF6: 141.94793 | AH6: =AG6-AF6 -> -141.94793 | AI6: 146.90364 | AK6: =AJ6-AI6 -> -146.90364 | AL6: =SUM(B6,E6,H6,K6,N6,Q6,T6,W6,Z6,AC6,AF6,AI6) -> 1445.1811 | AM6: =SUM(C6,F6,I6,L6,O6,R6,U6,X6,AA6,AD6,AG6,AJ6) -> 1026.6735 | AN6: =AM6-AL6 -> -418.50765
A7: 폐기물처리비 | B7: 45.798372 | C7: 36.41135 | D7: =C7-B7 -> -9.3870216 | E7: 45.798372 | F7: 33.95949 | G7: =F7-E7 -> -11.838882 | H7: 39.255747 | I7: 42.16597 | J7: =I7-H7 -> 2.9102229 | K7: 49.069684 | L7: 30.23643 | M7: =L7-K7 -> -18.833254 | N7: 39.255747 | O7: 44.26812 | P7: =O7-N7 -> 5.0123729 | Q7: 37.620091 | R7: 36.38793 | S7: =R7-Q7 -> -1.232161 | T7: 50.70534 | U7: 41.69372 | V7: =U7-T7 -> -9.01162 | W7: 50.70534 | X7: 36.64323 | Y7: =X7-W7 -> -14.06211 | Z7: 49.069684 | AA7: 47.50944 | AB7: =AA7-Z7 -> -1.5602439 | AC7: 34.348779 | AD7: =SUM('3. 세부 운영내역'!AK49:AK62)/10^6 -> 50.44521 | AE7: =AD7-AC7 -> 16.096431 | AF7: 49.069684 | AH7: =AG7-AF7 -> -49.069684 | AI7: 50.70534 | AK7: =AJ7-AI7 -> -50.70534 | AL7: =SUM(B7,E7,H7,K7,N7,Q7,T7,W7,Z7,AC7,AF7,AI7) -> 541.40218 | AM7: =SUM(C7,F7,I7,L7,O7,R7,U7,X7,AA7,AD7,AG7,AJ7) -> 399.72089 | AN7: =AM7-AL7 -> -141.68129
A8: SRF수입금 | B8: -50.039405 | C8: -56.45611 | D8: =C8-B8 -> -6.4167053 | E8: -50.039405 | F8: -53.56009 | G8: =F8-E8 -> -3.5206853 | H8: -42.890918 | I8: -62.87792 | J8: =I8-H8 -> -19.987002 | K8: -53.613648 | L8: -56.57397 | M8: =L8-K8 -> -2.9603221 | N8: -42.890918 | O8: -68.72314 | P8: =O8-N8 -> -25.832222 | Q8: -41.103797 | R8: -62.10351 | S8: =R8-Q8 -> -20.999713 | T8: -55.40077 | U8: -64.37344 | V8: =U8-T8 -> -8.9726705 | W8: -55.40077 | X8: -65.4274 | Y8: =X8-W8 -> -10.02663 | Z8: -53.613648 | AA8: -84.56299 | AB8: =AA8-Z8 -> -30.949342 | AC8: -37.529554 | AD8: ='3. 세부 운영내역'!AK46/10^6 -> -72.26553 | AE8: =AD8-AC8 -> -34.735976 | AF8: -53.613648 | AH8: =AG8-AF8 -> 53.613648 | AI8: -55.40077 | AK8: =AJ8-AI8 -> 55.40077 | AL8: =SUM(B8,E8,H8,K8,N8,Q8,T8,W8,Z8,AC8,AF8,AI8) -> -591.53725 | AM8: =SUM(C8,F8,I8,L8,O8,R8,U8,X8,AA8,AD8,AG8,AJ8) -> -646.9241 | AN8: =AM8-AL8 -> -55.386851
A9: 총 금액 | B9: =SUM(B5:B8) -> 462.02465 | C9: =SUM(C5:C8) -> 379.38016 | D9: =SUM(D5:D8) -> -82.644494 | E9: =SUM(E5:E8) -> 453.9644 | F9: =SUM(F5:F8) -> 369.62262 | G9: =SUM(G5:G8) -> -84.341788 | H9: =SUM(H5:H8) -> 381.88778 | I9: =SUM(I5:I8) -> 378.49608 | ... X9: =SUM(X5:X8) -> 375.96117 | Y9: =X9-W9 -> -126.11037 | Z9: =SUM(Z5:Z8) -> 473.06469 | AA9: =SUM(AA5:AA8) -> 404.11875 | AB9: =AA9-Z9 -> -68.945937 | AC9: =SUM(AC5:AC8) -> 358.4536 | AD9: =SUM(AD5:AD8) -> 406.6388 | AE9: =AD9-AC9 -> 48.185197 | AF9: =SUM(AF5:AF8) -> 491.45997 | AG9: =SUM(AG5:AG8) -> 0 | AH9: =AG9-AF9 -> -491.45997 | AI9: =SUM(AI5:AI8) -> 506.39941 | AJ9: =SUM(AJ5:AJ8) -> 0 | AK9: =AJ9-AI9 -> -506.39941 | AL9: =SUM(AL5:AL8) -> 5372.3157 | AM9: =SUM(AM5:AM8) -> 3844.007 | AN9: =AM9-AL9 -> -1528.3087
A12: 구 분 | B12: `25년 10월 | E12: '25년 누계 | H12: `25년 9월 | I12: 전월 대비 | K12: 비 고
B13: 계 획 | C13: 실 적 | D13: 증 감 | E13: 계 획 | F13: 실 적 | G13: 증 감 | H13: 실 적 | I13: 증 감 | J13: 증감률(%)
A14: 위탁운영비(백만) | B14: =AC9 -> 358.4536 | C14: =AD9 -> 406.6388 | D14: =C14-B14 -> 48.185197 | E14: =AL9 -> 5372.3157 | F14: =AM9 -> 3844.007 | G14: =F14-E14 -> -1528.3087 | H14: =AA9 -> 404.11875 | I14: =C14-H14 -> 2.5200462 | J14: =I14/H14 -> 0.006235905
A16: 2. 유동상 소각로 위탁 운영비용 전년도 실적 및 비교 (단위:천원)
A18: 구 분 | C18: 1월 | D18: 2월 | E18: 3월 | F18: 4월 | G18: 5월 | H18: 6월 | I18: 7월 | J18: 8월 | K18: 9월 | L18: 10월 | M18: 11월 | N18: 12월 | O18: 합계
A19: 유동상 소각로 (합계) | B19: 2024실적 | C19: 392.6876 | D19: 383.06851 | E19: 369.99182 | F19: 320.64202 | G19: 402.87264 | H19: 256.90538 | I19: 407.01462 | J19: 381.04337 | K19: 374.89038 | L19: 323.17679 | M19: 378.64492 | N19: 314.01669 | O19: =SUM(C19:N19) -> 4304.9547
B20: 2025실적 | C20: =C9 -> 379.38016 | D20: =F9 -> 369.62262 | E20: =I9 -> 378.49608 | F20: =L9 -> 352.29607 | G20: =O9 -> 401.36885 | H20: =R9 -> 367.98971 | I20: =U9 -> 408.13476 | J20: =X9 -> 375.96117 | K20: =AA9 -> 404.11875 | L20: =AD9 -> 406.6388 | M20: =AG9 -> 0 | N20: =AJ9 -> 0 | O20: =SUM(C20:N20) -> 3844.007
B21: 증감 | C21: =C20-C19 -> -13.30744 | D21: =D20-D19 -> -13.445895 | E21: =E20-E19 -> 8.5042644 | F21: =F20-F19 -> 31.654058 | G21: =G20-G19 -> -1.5037903 | H21: =H20-H19 -> 111.08434 | I21: =I20-I19 -> 1.1201375 | J21: =J20-J19 -> -5.0822038 | ... O21: =O20-O19 -> -460.94775
A23: 유동상 소각로 정비 | B23: 1월 | C23: 1/13 제지 3호기 운휴시 동시운휴, 인버터 점검, 1/24~31 설 운휴기간 슬러지 감소로 운휴
B24: 2월 | C24: 2/7~11 제지 조단시 슬러지 재고 감소로 운휴
B25: 3월 | C25: 3/27~4/6 제지 조단기간 정비 시행 (내화물 보수, B/F클리닝)
B26: 4월 | C26: 4/1~4/4 제지 조단기간 운휴, 4/5~6 내화물 큐어링으로 인한 추가 운휴, 4/28~30 제지 조단기간 운휴
B27: 5월 | C27: 5/1~4 제지 조단기간 운휴
B28: 6월 | C28: 6/11~16 제지2 운휴로 인한 스팀사용량 감소로 설비 운휴
B29: 7월 | C29: 7/4~9 제지2 운휴로 인한 스팀사용량 감소로 설비 운휴
B30: 8월 | C30: 8/16~21정기정비 운휴 (고정비 지급 처리)
B31: 9월 | C31: 9/2 제지3호기 정비시 운휴
B32: 10월 | C32: 10/6~8 추석 연휴기간 스팀사용량 감소로 설비 운휴
B33: 11월
B34: 12월

Sheet 2. 운영실적
B1: 1. 2025년 10월 소각로 도급비용
B3: 일별 | C3: 유동상 소각로
C4: 스팀 구매량 / 운휴시간 | J4: 총 운영비용(원)
C5: 스팀 생산량 | E5: 스팀단가 (원/톤) | F5: 운영비용(원) | G5: 운휴시간(Hr) | H5: 운휴시간당 고정비(원/시간) | I5: 운영비용(원)
C6: (T/D) | D6: (T/hr)
B7: 1일 | D7: =C7/24 -> 0 | F7: =C7*E7 -> 0 | G7: 0 | I7: =G7*H7 -> 0 | J7: =F7+I7 -> 0
B8: 2일 | D8: =C8/24 -> 0 | F8: =C8*E8 -> 0 | G8: 0 | I8: =G8*H8 -> 0 | J8: =F8+I8 -> 0
B9: 3일 | D9: =C9/24 -> 0 | F9: =C9*E9 -> 0 | G9: 0 | I9: =G9*H9 -> 0 | J9: =F9+I9 -> 0
B10: 4일 | D10: =C10/24 -> 0 | F10: =C10*E10 -> 0 | G10: 0 | I10: =G10*H10 -> 0 | J10: =F10+I10 -> 0
B11: 5일 | D11: =C11/24 -> 0 | F11: =C11*E11 -> 0 | G11: 0 | I11: =G11*H11 -> 0 | J11: =F11+I11 -> 0
B12: 6일 | D12: =C12/24 -> 0 | F12: =C12*E12 -> 0 | G12: 0 | I12: =G12*H12 -> 0 | J12: =F12+I12 -> 0
B13: 7일 | D13: =C13/24 -> 0 | F13: =C13*E13 -> 0 | G13: 0 | I13: =G13*H13 -> 0 | J13: =F13+I13 -> 0
B14: 8일 | D14: =C14/24 -> 0 | F14: =C14*E14 -> 0 | G14: 0 | I14: =G14*H14 -> 0 | J14: =F14+I14 -> 0
B15: 9일 | D15: =C15/24 -> 0 | F15: =C15*E15 -> 0 | G15: 0 | I15: =G15*H15 -> 0 | J15: =F15+I15 -> 0
B16: 10일 | D16: =C16/24 -> 0 | F16: =C16*E16 -> 0 | G16: 0 | I16: =G16*H16 -> 0 | J16: =F16+I16 -> 0
B17: 11일 | D17: =C17/24 -> 0 | F17: =C17*E17 -> 0 | G17: 0 | I17: =G17*H17 -> 0 | J17: =F17+I17 -> 0
B18: 12일 | D18: =C18/24 -> 0 | F18: =C18*E18 -> 0 | G18: 0 | I18: =G18*H18 -> 0 | J18: =F18+I18 -> 0
... B34: 28일 | D34: =C34/24 -> 0 | F34: =C34*E34 -> 0 | G34: 0 | I34: =G34*H34 -> 0 | J34: =F34+I34 -> 0
B35: 29일 | D35: =C35/24 -> 0 | F35: =C35*E35 -> 0 | G35: 0 | J35: =F35+I35 -> 0
B36: 30일 | D36: =C36/24 -> 0 | F36: =C36*E36 -> 0 | G36: 0 | I36: =G36*H36 -> 0 | J36: =F36+I36 -> 0
B37: 31일 | D37: =C37/24 -> 0 | F37: =C37*E37 -> 0 | G37: 0 | I37: =G37*H37 -> 0 | J37: =F37+I37 -> 0
B38: 합 계 | C38: =SUM(C7:C37) -> 0 | F38: =SUM(F7:F37) -> 0 | G38: =SUM(G7:G36) -> 0 | I38: =SUM(I7:I37) -> 0 | J38: =SUM(J7:J37) -> 0
B39: 평 균 | C39: =AVERAGE(C7:C36) -> #DIV/0! | D39: =C39/24 -> #DIV/0! | F39: =AVERAGE(F7:F36) -> 0 | G39: =AVERAGE(G7:G36) -> 0 | I39: =AVERAGE(I7:I36) -> 0 | J39: =AVERAGE(J7:J36) -> 0
H41: [단위 : 원]
D42: 설비명 | E42: 인건비 | F42: 운영비 | G42: 설비개선비용 | H42: 총 지급비용
D43: 유동상소각로 | E43: 122450000 | F43: =H43-E43 -> -72450000 | G43: 50000000 | H43: =J38+G43 -> 50000000

Sheet 3. 세부 운영내역
B1: 유동상 소각로 운영현황 및 비용 (2025. 10월)
A3: 구 분 | C3: 1 | D3: 2 | E3: 3 | F3: 4 | G3: 5 | H3: 6 | I3: 7 | J3: 8 | K3: 9 | L3: 10 | M3: 11 | N3: 12 | O3: 13 | P3: 14 | Q3: 15 | R3: 16 | S3: 17 | T3: 18 | U3: 19 | V3: 20 | W3: 21 | X3: 22 | Y3: 23 | Z3: 24 | AA3: 25 | AB3: 26 | AC3: 27 | AD3: 28 | AE3: 29 | AF3: 30 | AG3: 31 | AH3: 합계 | AI3: 평균 | AJ3: 단가 | AK3: 비용
A4: 가동시간 | B4: HR | C4: 24 | D4: 24 | E4: 24 | F4: 24 | G4: 24 | H4: 0 | I4: 0 | J4: 12.5 | K4: 24 | L4: 24 | M4: 24 | N4: 24 | O4: 24 | P4: 24 | Q4: 24 | R4: 24 | S4: 24 | T4: 24 | U4: 24 | V4: 24 | W4: 24 | X4: 24 | Y4: 24 | Z4: 24 | AA4: 24 | AB4: 24 | AC4: 24 | AD4: 24 | AE4: 24 | AF4: 24 | AG4: 24 | AH4: =SUM(C4:AG4) -> 684.5 | AI4: =AVERAGE(C4:AG4) -> 22.080645
A5: 운휴시간 | C5: =24-C4 -> 0 | D5: =24-D4 -> 0 | E5: =24-E4 -> 0 | F5: =24-F4 -> 0 | G5: =24-G4 -> 0 | H5: =24-H4 -> 24 | I5: =24-I4 -> 24 | J5: =24-J4 -> 11.5 | ... AG5: =24-AG4 -> 0 | AH5: =SUM(C5:AG5) -> 59.5 | AI5: =AVERAGE(C5:AG5) -> 1.9193548
A6: 스팀 | B6: 스팀 생산량 (톤) | C6: 504.3 | D6: 462.7 | E6: 492 | F6: 488.4 | G6: 480.8 | H6: 23.6 | I6: 0 | J6: 260.7 | K6: 470.6 | L6: 480.8 | M6: 468 | N6: 489 | O6: 483.4 | P6: 495.8 | Q6: 502.7 | R6: 495.7 | S6: 496.9 | T6: 514.1 | U6: 515.3 | V6: 553.4 | W6: 542.1 | X6: 533.8 | Y6: 530.7 | Z6: 513.3 | AA6: 489.5 | AB6: 489.5 | AC6: 512.5 | AD6: 496.9 | AE6: 452.2 | AF6: 490.6 | AG6: 494.3 | AH6: =SUM(C6:AG6) -> 14223.6 | AI6: =AVERAGE(C6:AG6) -> 458.82581 | AK6: =AJ6*AH6 -> 0
B7: 스팀 송기량 (톤) | C7: 293 | D7: 161 | E7: 234 | F7: 245 | G7: 231 | H7: 0 | I7: 0 | J7: 158 | K7: 288 | L7: 285 | M7: 273 | N7: 318 | O7: 368 | P7: 310 | Q7: 409 | R7: 329 | S7: 417 | T7: 409 | U7: 419 | V7: 464 | W7: 430 | X7: 434 | Y7: 440 | Z7: 397 | AA7: 296 | AB7: 208 | AC7: 210 | AD7: 300 | AE7: 210 | AF7: 315 | AG7: 287 | AH7: =SUM(C7:AG7) -> 9138 | AI7: =AVERAGE(C7:AG7) -> 294.77419 | AK7: =AJ7*AH7 -> 0
A8: 소각량 | B8: 슬러지 (톤) | C8: 190 | D8: 165.1 | E8: 174.5 | F8: 165.7 | G8: 161.3 | H8: 0 | I8: 0 | J8: 81 | K8: 148.8 | L8: 129.8 | M8: 122.5 | N8: 176.6 | O8: 160.2 | P8: 152 | Q8: 186.9 | R8: 174.1 | S8: 192.4 | T8: 172.4 | U8: 147.1 | V8: 166.9 | W8: 160.8 | X8: 182 | Y8: 177.4 | Z8: 194.9 | AA8: 164.2 | AB8: 187 | AC8: 164.2 | AD8: 169.6 | AE8: 146.2 | AF8: 142.8 | AG8: 178.5 | AH8: =SUM(C8:AG8) -> 4734.9 | AI8: =AVERAGE(C8:AG8) -> 152.73871 | AK8: =AJ8*AH8 -> 0
B9: SRF (톤) | C9: 63.052 | D9: 70.504 | E9: 72.324 | F9: 61.984 | G9: 73.192 | H9: 0 | I9: 0 | J9: 34.594 | K9: 70.264 | L9: 76.522 | M9: 67.01 | N9: 55.744 | O9: 59.934 | P9: 72.726 | Q9: 60.634 | R9: 72.246 | S9: 68.59 | T9: 72.596 | U9: 74.65 | V9: 84.842 | W9: 81.386 | X9: 82.864 | Y9: 75.652 | Z9: 71.086 | AA9: 67.864 | AB9: 77.024 | AC9: 82.57 | AD9: 72.304 | AE9: 70.624 | AF9: 79.358 | AG9: 64.872 | AH9: =SUM(C9:AG9) -> 2037.012 | AI9: =AVERAGE(C9:AG9) -> 65.710065 | AK9: =AJ9*AH9 -> 0
B10: 소각량 | C10: =C8+C9 -> 253.052 | D10: =D8+D9 -> 235.604 | E10: =E8+E9 -> 246.824 | F10: =F8+F9 -> 227.684 | G10: =G8+G9 -> 234.492 | H10: =H8+H9 -> 0 | I10: =I8+I9 -> 0 | J10: =J8+J9 -> 115.594 | ... AG10: =AG8+AG9 -> 243.372 | AH10: =SUM(C10:AG10) -> 6771.912 | AI10: =AVERAGE(C10:AG10) -> 218.44877
A11: KNE지급비용 | B11: 스팀단가 (원/톤) | C11: 18760 | D11: 18760 | E11: 18760 | F11: 18760 | G11: 18760 | H11: 18760 | I11: 18760 | J11: 18760 | K11: 18760 | L11: 18760 | M11: 18760 | N11: 18760 | O11: 18760 | P11: 18760 | Q11: 18760 | R11: 18760 | S11: 18760 | T11: 18760 | U11: 18760 | V11: 18760 | W11: 18760 | X11: 18760 | Y11: 18760 | Z11: 18760 | AA11: 18760 | AB11: 18760 | AC11: 18760 | AD11: 18760 | AE11: 18760 | AF11: 18760 | AG11: 18760
B12: 스팀 구매비 (원/일) | C12: =C6*C11 -> 9460668 | D12: =D6*D11 -> 8680252 | E12: =E6*E11 -> 9229920 | F12: =F6*F11 -> 9162384 | G12: =G6*G11 -> 9019808 | H12: =H6*H11 -> 442736 | I12: =I6*I11 -> 0 | J12: =J6*J11 -> 4890732 | ... AG12: =AG6*AG11 -> 9273068 | AH12: =SUM(C12:AG12) -> 266834736 | AI12: =AVERAGE(C12:AG12) -> 8607572.1 | AK12: =AH12 -> 266834736
B13: 운휴시간 단가(원/시간) | C13: 160000 | D13: 160000 | E13: 160000 | F13: 160000 | G13: 160000 | H13: 160000 | I13: 160000 | J13: 160000 | K13: 160000 | L13: 160000 | M13: 160000 | N13: 160000 | O13: 160000 | P13: 160000 | Q13: 160000 | R13: 160000 | S13: 160000 | T13: 160000 | U13: 160000 | V13: 160000 | W13: 160000 | X13: 160000 | Y13: 160000 | Z13: 160000 | AA13: 160000 | AB13: 160000 | AC13: 160000 | AD13: 160000 | AE13: 160000 | AF13: 160000 | AG13: 160000
B14: 고정비(원/일) | C14: =C13*C5 -> 0 | D14: =D13*D5 -> 0 | E14: =E13*E5 -> 0 | F14: =F13*F5 -> 0 | G14: =G13*G5 -> 0 | H14: =H13*H5 -> 3840000 | I14: =I13*I5 -> 3840000 | J14: =J13*J5 -> 1840000 | ... AE14: =AE13*AE5 -> 0 | AG14: =AG13*AG5 -> 0 | AH14: =SUM(C14:AG14) -> 9520000 | AI14: =AVERAGE(C14:AG14) -> 317333.33 | AK14: =AH14 -> 9520000
B15: 설비개선비용 | AK15: 50000000
B16: 추가비용
B17: 운영비 합계 (원/월) | AK17: =SUM(AK12:AK15) -> 326354736
A18: 탄산암모늄 (KG) | B18: 반입 | C18: 6200 | D18: 7350 | E18: 0 | F18: 0 | G18: 8040 | H18: 0 | I18: 0 | J18: 0 | K18: 0 | L18: 7980 | M18: 0 | N18: 0 | O18: 10420 | P18: 0 | Q18: 5390 | R18: 0 | S18: 6890 | T18: 0 | U18: 0 | V18: 7890 | W18: 0 | X18: 6250 | Y18: 0 | Z18: 10000 | AA18: 0 | AB18: 0 | AC18: 8120 | AD18: 0 | AE18: 7260 | AF18: 0 | AG18: 5770 | AH18: =SUM(C18:AG18) -> 97560 | AI18: =IFERROR(AVERAGE(C18:AG18),"") -> 3147.0968 | AJ18: 380 | AK18: =AH18*AJ18 -> 37072800
B19: 사용 | C19: 3427 | D19: 3129 | E19: 3773 | F19: 3506 | G19: 3085 | H19: 0 | I19: 0 | J19: 1682 | K19: 3048 | L19: 2250 | M19: 3182 | N19: 3064 | O19: 3372 | P19: 3455 | Q19: 3229 | R19: 3727 | S19: 2984 | T19: 3773 | U19: 3439 | V19: 3178 | W19: 3227 | X19: 2674 | Y19: 3455 | Z19: 3209 | AA19: 3182 | AB19: 2636 | AC19: 2935 | AD19: 3545 | AE19: 2690 | AF19: 3045 | AG19: 2876 | AH19: =SUM(C19:AG19) -> 90777 | AI19: =IFERROR(AVERAGE(C19:AG19),"") -> 2928.2903 | AJ19: =AJ18 -> 380 | AK19: =AH19*AJ19 -> 34495260
B20: 재고 | C20: =9441+C18-C19 -> 12214 | D20: =C20+D18-D19 -> 16435 | E20: =D20+E18-E19 -> 12662 | F20: =E20+F18-F19 -> 9156 | G20: =F20+G18-G19 -> 14111 | H20: =G20+H18-H19 -> 14111 | I20: =H20+I18-I19 -> 14111 | J20: =I20+J18-J19 -> 12429 | K20: =J20+K18-K19 -> 9381 | ... AG20: =AF20+AG18-AG19 -> 16224 | AI20: =IFERROR(AVERAGE(C20:AG20),"") -> 12678.935 | AK20: =AJ20*AH20 -> 0
A21: 청관제 (KG) | B21: 반입 | C21: 660 | D21: 0 | E21: 0 | F21: 0 | G21: 0 | H21: 0 | I21: 0 | J21: 0 | K21: 0 | L21: 610 | M21: 0 | N21: 0 | O21: 0 | P21: 0 | Q21: 0 | R21: 0 | S21: 600 | T21: 0 | U21: 0 | V21: 0 | W21: 0 | X21: 410 | Y21: 0 | Z21: 0 | AA21: 0 | AB21: 0 | AC21: 0 | AD21: 0 | AE21: 0 | AF21: 0 | AG21: 600 | AH21: =SUM(C21:AG21) -> 2880 | AI21: =IFERROR(AVERAGE(C21:AG21),"") -> 92.903226 | AJ21: 1300 | AK21: =AH21*AJ21 -> 3744000
B22: 사용 | C22: 100 | D22: 70 | E22: 80 | F22: 70 | G22: 70 | H22: 80 | I22: 100 | J22: 60 | K22: 80 | L22: 90 | M22: 80 | N22: 70 | O22: 70 | P22: 70 | Q22: 80 | R22: 70 | S22: 90 | T22: 80 | U22: 70 | V22: 80 | W22: 80 | X22: 90 | Y22: 70 | Z22: 70 | AA22: 70 | AB22: 70 | AC22: 50 | AD22: 80 | AE22: 60 | AF22: 60 | AG22: 60 | AH22: =SUM(C22:AG22) -> 2320 | AI22: =IFERROR(AVERAGE(C22:AG22),"") -> 74.83871 | AJ22: 1300 | AK22: =AH22*AJ22 -> 3016000
B23: 재고 | C23: =380+C21-C22 -> 940 | D23: =C23+D21-D22 -> 870 | E23: =D23+E21-E22 -> 790 | F23: =E23+F21-F22 -> 720 | G23: =F23+G21-G22 -> 650 | H23: =G23+H21-H22 -> 570 | I23: =H23+I21-I22 -> 470 | J23: =I23+J21-J22 -> 410 | K23: =J23+K21-K22 -> 330 | ... AG23: =AF23+AG21-AG22 -> 940 | AI23: =IFERROR(AVERAGE(C23:AG23),"") -> 672.58065 | AK23: =AJ23*AH23 -> 0
A24: 활성탄 (KG) | B24: 반입 | C24: 0 | D24: 0 | E24: 0 | F24: 0 | G24: 0 | H24: 0 | I24: 0 | J24: 0 | K24: 0 | L24: 0 | M24: 0 | N24: 0 | O24: 0 | P24: 0 | Q24: 0 | R24: 0 | S24: 0 | T24: 0 | U24: 0 | V24: 0 | W24: 0 | X24: 0 | Y24: 2000 | Z24: 0 | AA24: 0 | AB24: 0 | AC24: 0 | AD24: 0 | AE24: 0 | AF24: 0 | AG24: 0 | AH24: =SUM(C24:AG24) -> 2000 | AI24: =IFERROR(AVERAGE(C24:AG24),"") -> 64.516129 | AJ24: 1650 | AK24: =AJ24*AH24 -> 3300000
B25: 사용 | C25: 120 | D25: 120 | E25: 120 | F25: 120 | G25: 120 | H25: 0 | I25: 0 | J25: 60 | K25: 80 | L25: 80 | M25: 80 | N25: 80 | O25: 80 | P25: 80 | Q25: 80 | R25: 80 | S25: 80 | T25: 80 | U25: 80 | V25: 120 | W25: 120 | X25: 120 | Y25: 120 | Z25: 120 | AA25: 120 | AB25: 120 | AC25: 120 | AD25: 120 | AE25: 120 | AF25: 120 | AG25: 120 | AH25: =SUM(C25:AG25) -> 2980 | AI25: =IFERROR(AVERAGE(C25:AG25),"") -> 96.129032 | AJ25: 1650 | AK25: =AJ25*AH25 -> 4917000
B26: 재고 | C26: =1970+C24-C25 -> 1850 | D26: =C26+D24-D25 -> 1730 | E26: =D26+E24-E25 -> 1610 | F26: =E26+F24-F25 -> 1490 | G26: =F26+G24-G25 -> 1370 | H26: =G26+H24-H25 -> 1370 | I26: =H26+I24-I25 -> 1370 | J26: =I26+J24-J25 -> 1310 | K26: =J26+K24-K25 -> 1230 | ... AG26: =AF26+AG24-AG25 -> 990 | AI26: =IFERROR(AVERAGE(C26:AG26),"") -> 1130 | AK26: =AJ26*AH26 -> 0
A27: 가성소다 (KG) | B27: 반입 | C27: 0 | D27: 0 | E27: 0 | F27: 0 | G27: 0 | H27: 0 | I27: 0 | J27: 0 | K27: 0 | L27: 0 | M27: 0 | N27: 0 | O27: 0 | P27: 0 | Q27: 0 | R27: 0 | S27: 0 | T27: 0 | U27: 0 | V27: 0 | W27: 0 | X27: 0 | Y27: 0 | Z27: 0 | AA27: 0 | AB27: 0 | AC27: 0 | AD27: 0 | AE27: 0 | AG27: 0 | AH27: =SUM(C27:AG27) -> 0 | AI27: =IFERROR(AVERAGE(C27:AG27),"") -> 0 | AJ27: 460 | AK27: =AJ27*AH27 -> 0
B28: 사용 | C28: 0 | D28: 0 | E28: 0 | F28: 0 | G28: 0 | H28: 0 | I28: 0 | J28: 0 | K28: 0 | L28: 0 | M28: 0 | N28: 0 | O28: 0 | P28: 0 | Q28: 0 | R28: 0 | S28: 0 | T28: 0 | U28: 0 | V28: 0 | W28: 0 | X28: 0 | Y28: 0 | Z28: 0 | AA28: 0 | AB28: 0 | AC28: 0 | AD28: 0 | AE28: 0 | AG28: 0 | AH28: =SUM(C28:AG28) -> 0 | AI28: =IFERROR(AVERAGE(C28:AG28),"") -> 0 | AJ28: 460 | AK28: =AJ28*AH28 -> 0
B29: 재고 | C29: =0+C27-C28 -> 0 | D29: =C29+D27-D28 -> 0 | E29: =D29+E27-E28 -> 0 | F29: =E29+F27-F28 -> 0 | G29: =F29+G27-G28 -> 0 | H29: =G29+H27-H28 -> 0 | I29: =H29+I27-I28 -> 0 | J29: =I29+J27-J28 -> 0 | K29: =J29+K27-K28 -> 0 | ... AE29: =AD29+AE27-AE28 -> 0 | AG29: =AE29+AG27-AG28 -> 0 | AI29: =IFERROR(AVERAGE(C29:AG29),"") -> 0 | AK29: =AJ29*AH29 -> 0
A30: 소석회 (KG) | B30: 반입 | C30: 0 | D30: 0 | E30: 0 | F30: 0 | G30: 0 | H30: 0 | I30: 0 | J30: 0 | K30: 0 | L30: 0 | M30: 0 | N30: 0 | O30: 0 | P30: 0 | Q30: 0 | R30: 0 | S30: 0 | T30: 0 | U30: 0 | V30: 0 | W30: 0 | X30: 0 | Y30: 0 | Z30: 0 | AA30: 0 | AB30: 0 | AC30: 0 | AD30: 0 | AE30: 0 | AF30: 0 | AG30: 0 | AH30: =SUM(C30:AG30) -> 0 | AI30: =IFERROR(AVERAGE(C30:AG30),"") -> 0 | AJ30: 580 | AK30: =AJ30*AH30 -> 0
B31: 사용 | C31: 20 | D31: 20 | E31: 20 | F31: 20 | G31: 20 | H31: 0 | I31: 0 | J31: 0 | K31: 20 | L31: 20 | M31: 20 | N31: 20 | O31: 20 | P31: 20 | Q31: 20 | R31: 20 | S31: 20 | T31: 20 | U31: 20 | V31: 20 | W31: 20 | X31: 20 | Y31: 20 | Z31: 20 | AA31: 20 | AB31: 20 | AC31: 20 | AD31: 20 | AE31: 20 | AF31: 20 | AG31: 20 | AH31: =SUM(C31:AG31) -> 560 | AI31: =IFERROR(AVERAGE(C31:AG31),"") -> 18.064516 | AJ31: =AJ30 -> 580 | AK31: =AJ31*AH31 -> 324800
B32: 재고 | C32: =1480+C30-C31 -> 1460 | D32: =C32+D30-D31 -> 1440 | E32: =D32+E30-E31 -> 1420 | F32: =E32+F30-F31 -> 1400 | G32: =F32+G30-G31 -> 1380 | H32: =G32+H30-H31 -> 1380 | I32: =H32+I30-I31 -> 1380 | J32: =I32+J30-J31 -> 1380 | K32: =J32+K30-K31 -> 1360 | ... AG32: =AF32+AG30-AG31 -> 920 | AI32: =IFERROR(AVERAGE(C32:AG32),"") -> 1208.3871 | AK32: =AJ32*AH32 -> 0
A33: 소금(KG) | B33: 반입 | C33: 1440 | D33: 0 | E33: 0 | F33: 0 | G33: 0 | H33: 0 | I33: 1440 | J33: 0 | K33: 0 | L33: 0 | M33: 0 | N33: 0 | O33: 0 | P33: 1440 | Q33: 0 | R33: 0 | S33: 0 | T33: 0 | U33: 0 | V33: 0 | W33: 1440 | X33: 0 | Y33: 0 | Z33: 0 | AA33: 0 | AB33: 0 | AC33: 0 | AD33: 0 | AE33: 1440 | AF33: 0 | AG33: 0 | AH33: =SUM(C33:AG33) -> 7200 | AI33: =IFERROR(AVERAGE(C33:AG33),"") -> 232.25806 | AJ33: 140 | AK33: =AJ33*AH33 -> 1008000
B34: 사용 | C34: 200 | D34: 200 | E34: 200 | F34: 200 | G34: 200 | H34: 20 | I34: 200 | J34: 200 | K34: 200 | L34: 200 | M34: 200 | N34: 200 | O34: 200 | P34: 200 | Q34: 200 | R34: 200 | S34: 200 | T34: 200 | U34: 200 | V34: 200 | W34: 200 | X34: 200 | Y34: 200 | Z34: 200 | AA34: 200 | AB34: 200 | AC34: 200 | AD34: 200 | AE34: 200 | AF34: 200 | AG34: 200 | AH34: =SUM(C34:AG34) -> 6020 | AI34: =IFERROR(AVERAGE(C34:AG34),"") -> 194.19355 | AJ34: =AJ33 -> 140 | AK34: =AJ34*AH34 -> 842800
B35: 재고 | C35: =470+C33-C34 -> 1710 | D35: =C35+D33-D34 -> 1510 | E35: =D35+E33-E34 -> 1310 | F35: =E35+F33-F34 -> 1110 | G35: =F35+G33-G34 -> 910 | H35: =G35+H33-H34 -> 890 | I35: =H35+I33-I34 -> 2130 | J35: =I35+J33-J34 -> 1930 | K35: =J35+K33-K34 -> 1730 | ... AG35: =AF35+AG33-AG34 -> 1650 | AH35: 0 | AI35: =IFERROR(AVERAGE(C35:AG35),"") -> 1508.7097 | AK35: =AJ35*AH35 -> 0
A36: 경유(L) | B36: 반입 | C36: 0 | D36: 0 | E36: 3000 | F36: 0 | G36: 0 | H36: 0 | I36: 0 | J36: 0 | K36: 0 | L36: 0 | M36: 0 | N36: 0 | O36: 0 | P36: 0 | Q36: 0 | R36: 0 | S36: 0 | T36: 0 | U36: 0 | V36: 0 | W36: 0 | X36: 0 | Y36: 0 | Z36: 0 | AA36: 0 | AB36: 0 | AC36: 0 | AD36: 0 | AE36: 0 | AF36: 0 | AG36: 0 | AH36: =SUM(C36:AG36) -> 3000 | AI36: =IFERROR(AVERAGE(C36:AG36),"") -> 96.774194 | AJ36: 1390 | AK36: =AH36*AJ36 -> 4170000
B37: 사용 | C37: 0 | D37: 0 | E37: 0 | F37: 0 | G37: 0 | H37: 0 | I37: 0 | J37: 4220 | K37: 0 | L37: 0 | M37: 0 | N37: 0 | O37: 0 | P37: 0 | Q37: 0 | R37: 0 | S37: 0 | T37: 0 | U37: 0 | V37: 0 | W37: 0 | X37: 0 | Y37: 0 | Z37: 0 | AA37: 0 | AB37: 0 | AC37: 0 | AD37: 0 | AE37: 0 | AF37: 0 | AG37: 0 | AH37: =SUM(C37:AG37) -> 4220 | AI37: =IFERROR(AVERAGE(C37:AG37),"") -> 136.12903 | AJ37: =AJ36 -> 1390 | AK37: =AJ37*AH37 -> 5865800
B38: 재고 | C38: =4090+C36-C37 -> 4090 | D38: =C38+D36-D37 -> 4090 | E38: =D38+E36-E37 -> 7090 | F38: =E38+F36-F37 -> 7090 | G38: =F38+G36-G37 -> 7090 | H38: =G38+H36-H37 -> 7090 | I38: =H38+I36-I37 -> 7090 | J38: =I38+J36-J37 -> 2870 | K38: =J38+K36-K37 -> 2870 | ... AG38: =AF38+AG36-AG37 -> 2870 | AI38: =IFERROR(AVERAGE(C38:AG38),"") -> 3629.3548 | AK38: =AJ38*AH38 -> 0
A39: 규사(KG) | B39: 반입 | C39: 0 | D39: 0 | E39: 0 | F39: 0 | G39: 0 | H39: 0 | I39: 0 | J39: 0 | K39: 0 | L39: 0 | M39: 0 | N39: 0 | O39: 0 | P39: 0 | Q39: 0 | R39: 0 | S39: 0 | T39: 0 | U39: 0 | V39: 0 | W39: 0 | X39: 0 | Y39: 0 | Z39: 0 | AA39: 0 | AB39: 0 | AC39: 0 | AD39: 0 | AE39: 0 | AH39: =SUM(C39:AG39) -> 0 | AI39: =IFERROR(AVERAGE(C39:AG39),"") -> 0 | AJ39: 145 | AK39: =AJ39*AH39 -> 0
B40: 사용 | C40: 사용량 측정불가 | AI40: =IFERROR(AVERAGE(C40:AG40),"") | AK40: =AJ40*AH40 -> 0
A41: 활성탄 (KG) | B41: 반입 | AH41: =SUM(C41:AG41) -> 0 | AJ41: 5900 | AK41: =AH41*AJ41 -> 0
A42: 경유(L)-비상발전기 | B42: 반입 | AH42: =SUM(C42:AG42) -> 0 | AJ42: =1788/1.1 -> 1625.4545 | AK42: =AH42*AJ42 -> 0
A43: 등유(L)-열풍기용 | B43: 반입 | AI43: 0 | AJ43: 1035.4545 | AK43: =AH43*AJ43 -> 0
A44: 약품. 소모품 소계 (실 구매비용 기준) | C44: =SUM(C18,C21,C24,C27,C30,C33,C36,C39) -> 8300 | D44: =SUM(D18,D21,D24,D27,D30,D33,D36,D39) -> 7350 | E44: =SUM(E18,E21,E24,E27,E30,E33,E36,E39) -> 3000 | F44: =SUM(F18,F21,F24,F27,F30,F33,F36,F39) -> 0 | G44: =SUM(G18,G21,G24,G27,G30,G33,G36,G39) -> 8040 | H44: =SUM(H18,H21,H24,H27,H30,H33,H36,H39) -> 0 | I44: =SUM(I18,I21,I24,I27,I30,I33,I36,I39) -> 1440 | J44: =SUM(J18,J21,J24,J27,J30,J33,J36,J39) -> 0 | ... AG44: =SUM(AG18,AG21,AG24,AG27,AG30,AG33,AG36,AG39) -> 6370 | AH44: =SUM(AH18,AH21,AH24,AH27,AH30,AH33,AH36,AH39,AH41,AH42,AH43) -> 112640 | AI44: =SUM(AI18,AI21,AI24,AI27,AI30,AI33,AI36,AI39) -> 3633.5484 | AJ44: 0 | AK44: =AK18+AK21+AK24+AK27+AK30+AK33+AK36+AK39+AK41+AK42+AK43 -> 49294800
A45: 일 약품 사용량 | C45: =SUM(C19,C22,C25,C28,C31,C34,C37) -> 3867 | D45: =SUM(D19,D22,D25,D28,D31,D34,D37) -> 3539 | E45: =SUM(E19,E22,E25,E28,E31,E34,E37) -> 4193 | F45: =SUM(F19,F22,F25,F28,F31,F34,F37) -> 3916 | G45: =SUM(G19,G22,G25,G28,G31,G34,G37) -> 3495 | H45: =SUM(H19,H22,H25,H28,H31,H34,H37) -> 100 | I45: =SUM(I19,I22,I25,I28,I31,I34,I37) -> 300 | J45: =SUM(J19,J22,J25,J28,J31,J34,J37) -> 6222 | ... AH45: =SUM(AH19,AH22,AH25,AH28,AH31,AH34,AH37) -> 106877 | AI45: =SUM(AI19,AI22,AI25,AI28,AI31,AI34,AI37,AI39) -> 3447.6452 | AJ45: 0 | AK45: =SUM(AK19,AK22,AK25,AK28,AK31,AK34,AK37) -> 49461660
A46: SRF(KG) | B46: 반입 | C46: 72.12 | D46: 87.65 | E46: 67.17 | F46: 59.54 | G46: 45.88 | H46: 0 | I46: 0 | J46: 64.26 | K46: 39.66 | L46: 62.69 | M46: 86.92 | N46: 71.09 | O46: 66.93 | P46: 64.06 | Q46: 65.33 | R46: 72.64 | S46: 67.92 | T46: 66.41 | U46: 67.89 | V46: 88.56 | W46: 90.48 | X46: 86.6 | Y46: 85.95 | Z46: 80.21 | AA46: 61.02 | AB46: 70.4 | AC46: 88.05 | AD46: 83.13 | AE46: 87.18 | AF46: 67.89 | AG46: 83.56 | AH46: =SUM(C46:AG46) -> 2101.19 | AI46: =IFERROR(AVERAGE(C46:AG46),"") -> 67.780323 | AJ46: =AK46/AH46 -> -34392.668 | AK46: =-'4. SRF입고내역'!M38 -> -72265530
B47: 사용 | C47: =C9 -> 63.052 | D47: =D9 -> 70.504 | E47: =E9 -> 72.324 | F47: =F9 -> 61.984 | G47: =G9 -> 73.192 | H47: =H9 -> 0 | I47: =I9 -> 0 | J47: =J9 -> 34.594 | ... AG47: =AG9 -> 64.872 | AH47: =SUM(C47:AG47) -> 2037.012 | AI47: =IFERROR(AVERAGE(C47:AG47),"") -> 65.710065 | AJ47: =AJ46 -> -34392.668 | AK47: =-AJ47*AH47 -> 70058277
B48: 재고 | C48: =3035.263+C46-C47 -> 3044.331 | D48: =C48+D46-D47 -> 3061.477 | E48: =D48+E46-E47 -> 3056.323 | F48: =E48+F46-F47 -> 3053.879 | G48: =F48+G46-G47 -> 3026.567 | H48: =G48+H46-H47 -> 3026.567 | I48: =H48+I46-I47 -> 3026.567 | J48: =I48+J46-J47 -> 3056.233 | K48: =J48+K46-K47 -> 3025.629 | ... AF48: =AE48+AF46-AF47 -> 3080.753 | AG48: =AE48+AG46-AG47 -> 3110.909 | AI48: =IFERROR(AVERAGE(C48:AG48),"") -> 3052.5258 | AK48: =AJ48*AH48 -> 0
A49: 소각재(톤, 대) | B49: 비산재(발생) | AH49: =SUM(C49:AG49) -> 0 | AI49: =IFERROR(AVERAGE(C49:AG49),"") | AK49: =AJ49*AH49 -> 0
B50: 비산재(반출)-조은 | V50: 27.52 | X50: 26.92 | AE50: 28.28 | AH50: =SUM(C50:AG50) -> 82.72 | AI50: =IFERROR(AVERAGE(C50:AG50),"") -> 27.573333 | AJ50: 31000 | AK50: =AJ50*AH50 -> 2564320
B51: 비산재(반출)-씨엠디기술단 | C51: 52.76 | G51: 28.32 | J51: 28.46 | M51: 28.23 | P51: 27.25 | Q51: 27.36 | S51: 26.96 | W51: 29.48 | Y51: 26.57 | AA51: 25.78 | AC51: 29.77 | AD51: 29.44 | AF51: 28.94 | AG51: 29.05 | AH51: =SUM(C51:AG51) -> 418.37 | AI51: =IFERROR(AVERAGE(C51:AG51),"") -> 29.883571 | AJ51: 27000 | AK51: =AJ51*AH51 -> 11295990
B52: 비산재(반출)-대광소재 | AH52: =SUM(C52:AG52) -> 0 | AI52: =IFERROR(AVERAGE(C52:AG52),"") | AJ52: 55000 | AK52: =AJ52*AH52 -> 0
B53: 비산재(반출)-아이케이 | AH53: =SUM(C53:AG53) -> 0 | AI53: =IFERROR(AVERAGE(C53:AG53),"") | AJ53: 36000 | AK53: =AJ53*AH53 -> 0
B54: 비산재(반출)-연경기초소재 | D54: 27.02 | F54: 27.68 | M54: 28.78 | AD54: 28.45 | AF54: 28.28 | AH54: =SUM(C54:AG54) -> 140.21 | AI54: =IFERROR(AVERAGE(C54:AG54),"") -> 28.042 | AJ54: 22000 | AK54: =AJ54*AH54 -> 3084620
B55: 비산재(반출)-느티나무 | AH55: =SUM(C55:AG55) -> 0 | AI55: =IFERROR(AVERAGE(C55:AG55),"") | AJ55: 29000 | AK55: =AJ55*AH55 -> 0
B56: 비산재(반출)-모두그린 | C56: 54.71 | E56: 54.77 | G56: 26.96 | K56: 28.29 | L56: 28.82 | O56: 29.28 | P56: 26.57 | Q56: 27.05 | R56: 27.62 | S56: 54.6 | T56: 54.11 | U56: 26.66 | V56: 27.55 | W56: 28.01 | Y56: 28.19 | Z56: 28.65 | AA56: 27.71 | AC56: 26.98 | AG56: 56.09 | AH56: =SUM(C56:AG56) -> 662.62 | AI56: =IFERROR(AVERAGE(C56:AG56),"") -> 34.874737 | AJ56: 41000 | AK56: =AJ56*AH56 -> 27167420
B57: 비산재(반출)-주영이엔티 | AH57: =SUM(C57:AG57) -> 0 | AI57: =IFERROR(AVERAGE(C57:AG57),"") | AJ57: 43000 | AK57: =AJ57*AH57 -> 0
B58: 바닥재(발생) | AH58: =SUM(C58:AG58) -> 0 | AI58: =IFERROR(AVERAGE(C58:AG58),"")
B59: 바닥재(반출)-하이콘코리아 | AH59: =SUM(C59:AG59) -> 0 | AI59: =IFERROR(AVERAGE(C59:AG59),"") | AJ59: 53000 | AK59: =AJ59*AH59 -> 0
B60: 바닥재(반출)-제이에이그린 | AH60: =SUM(C60:AG60) -> 0 | AI60: =IFERROR(AVERAGE(C60:AG60),"") | AJ60: 66000 | AK60: =AJ60*AH60 -> 0
B61: 바닥재(반출)-새롬산업 | F61: 27.48 | M61: 24.25 | Q61: 23.02 | AA61: 26.75 | AE61: 24.18 | AH61: =SUM(C61:AG61) -> 125.68 | AI61: =IFERROR(AVERAGE(C61:AG61),"") -> 25.136 | AJ61: 41000 | AK61: =AJ61*AH61 -> 5152880
B62: 바닥재(반출)-삼영에스엔알 | W62: 28.78 | AH62: =SUM(C62:AG62) -> 28.78 | AI62: =IFERROR(AVERAGE(C62:AG62),"") -> 28.78 | AJ62: 41000 | AK62: =AJ62*AH62 -> 1179980
B63: 폐토사 | AH63: =SUM(C63:AG63) -> 0 | AI63: =IFERROR(AVERAGE(C63:AG63),"") | AJ63: 49000 | AK63: =AJ63*AH63 -> 0
A64: SRF. 폐기물 소계 (발생비용 기준) | C64: =C50*$AJ$50+C51*$AJ$51+C52*$AJ$52+C53*$AJ$53+C54*$AJ$54+C55*$AJ$55+C56*$AJ$56+C57*$AJ$57+C59*$AJ$59+C60*$AJ$60+C61*$AJ$61+C62*$AJ$62+C63*$AJ$63 -> 3667630 | D64: =D50*$AJ$50+D51*$AJ$51+D52*$AJ$52+D53*$AJ$53+D54*$AJ$54+D55*$AJ$55+D56*$AJ$56+D57*$AJ$57+D59*$AJ$59+D60*$AJ$60+D61*$AJ$61+D62*$AJ$62+D63*$AJ$63 -> 594440 | E64: =E50*$AJ$50+E51*$AJ$51+E52*$AJ$52+E53*$AJ$53+E54*$AJ$54+E55*$AJ$55+E56*$AJ$56+E57*$AJ$57+E59*$AJ$59+E60*$AJ$60+E61*$AJ$61+E62*$AJ$62+E63*$AJ$63 -> 2245570 | F64: =F50*$AJ$50+F51*$AJ$51+F52*$AJ$52+F53*$AJ$53+F54*$AJ$54+F55*$AJ$55+F56*$AJ$56+F57*$AJ$57+F59*$AJ$59+F60*$AJ$60+F61*$AJ$61+F62*$AJ$62+F63*$AJ$63 -> 1735640 | G64: =G50*$AJ$50+G51*$AJ$51+G52*$AJ$52+G53*$AJ$53+G54*$AJ$54+G55*$AJ$55+G56*$AJ$56+G57*$AJ$57+G59*$AJ$59+G60*$AJ$60+G61*$AJ$61+G62*$AJ$62+G63*$AJ$63 -> 1870000 | H64: =H50*$AJ$50+H51*$AJ$51+H52*$AJ$52+H53*$AJ$53+H54*$AJ$54+H55*$AJ$55+H56*$AJ$56+H57*$AJ$57+H59*$AJ$59+H60*$AJ$60+H61*$AJ$61+H62*$AJ$62+H63*$AJ$63 -> 0 | I64: =I50*$AJ$50+I51*$AJ$51+I52*$AJ$52+I53*$AJ$53+I54*$AJ$54+I55*$AJ$55+I56*$AJ$56+I57*$AJ$57+I59*$AJ$59+I60*$AJ$60+I61*$AJ$61+I62*$AJ$62+I63*$AJ$63 -> 0 | J64: =J50*$AJ$50+J51*$AJ$51+J52*$AJ$52+J53*$AJ$53+J54*$AJ$54+J55*$AJ$55+J56*$AJ$56+J57*$AJ$57+J59*$AJ$59+J60*$AJ$60+J61*$AJ$61+J62*$AJ$62+J63*$AJ$63 -> 768420 | ... AG64: =AG50*$AJ$50+AG51*$AJ$51+AG52*$AJ$52+AG53*$AJ$53+AG54*$AJ$54+AG55*$AJ$55+AG56*$AJ$56+AG57*$AJ$57+AG59*$AJ$59+AG60*$AJ$60+AG61*$AJ$61+AG62*$AJ$62+AG63*$AJ$63 -> 3084040 | AH64: =SUM(C64:AG64) -> 50445210 | AK64: =SUM(AK46,AK50,AK51,AK52,AK53,AK54,AK55,AK56,AK57,AK59,AK60,AK61,AK62,AK63) -> -21820320
A65: 전력량(KW) | B65: Main | C65: 20459 | D65: 19524 | E65: 20112 | F65: 19971 | G65: 19850 | H65: 15309 | I65: 9898 | J65: 16184 | K65: 19257 | L65: 19380 | M65: 19182 | N65: 19504 | O65: 19088 | P65: 20149 | Q65: 20117 | R65: 20081 | S65: 19945 | T65: 20487 | U65: 20673 | V65: 21258 | W65: 21014 | X65: 20925 | Y65: 20777 | Z65: 20886 | AA65: 20627 | AB65: 20396 | AC65: 20989 | AD65: 20720 | AE65: 19854 | AF65: 20179 | AG65: 19994 | AH65: =SUM(C65:AG65) -> 606789 | AI65: =AVERAGE(C65:AG65) -> 19573.839 | AJ65: 168.27 | AK65: =AH65*AJ65 -> 1.0210439e+08
B66: Ash 밴트필터 | C66: 26.9 | D66: 29.9 | E66: 28.3 | F66: 26.5 | G66: 25.5 | H66: 30.9 | I66: 32.1 | J66: 29.4 | K66: 24.6 | L66: 25.6 | M66: 26.6 | N66: 25.8 | O66: 27.7 | P66: 26.3 | Q66: 27.3 | R66: 17.8 | S66: 18.1 | T66: 28.5 | U66: 28.5 | V66: 27.3 | W66: 28.8 | X66: 28.1 | Y66: 27.4 | Z66: 27.4 | AA66: 30.1 | AB66: 30.2 | AC66: 30.9 | AD66: 29.3 | AE66: 30.8 | AF66: 29.2 | AG66: 29.8 | AH66: =SUM(C66:AG66) -> 855.6 | AI66: =AVERAGE(C66:AG66) -> 27.6 | AJ66: =$AJ$65 -> 168.27 | AK66: =AH66*AJ66 -> 143971.81
B67: 백필터 | C67: 30 | D67: 12 | E67: 20 | F67: 21 | G67: 21 | H67: 440 | I67: 468 | J67: 200 | K67: 21 | L67: 20 | M67: 20 | N67: 21 | O67: 21 | P67: 22 | Q67: 21 | R67: 21 | S67: 20 | T67: 22 | U67: 21 | V67: 21 | W67: 22 | X67: 21 | Y67: 21 | Z67: 21 | AA67: 21 | AB67: 22 | AC67: 22 | AD67: 21 | AE67: 23 | AF67: 21 | AG67: 22 | AH67: =SUM(C67:AG67) -> 1700 | AI67: =AVERAGE(C67:AG67) -> 54.83871 | AJ67: =$AJ$65 -> 168.27 | AK67: =AH67*AJ67 -> 286059
B68: 스크러버 | C68: 3900 | D68: 3800 | E68: 3900 | F68: 3800 | G68: 3800 | H68: 3900 | I68: 4000 | J68: 3800 | K68: 3800 | L68: 3900 | M68: 3800 | N68: 3900 | O68: 3800 | P68: 3900 | Q68: 3800 | R68: 3800 | S68: 3800 | T68: 3900 | U68: 3900 | V68: 3800 | W68: 3900 | X68: 3900 | Y68: 3800 | Z68: 3800 | AA68: 3900 | AB68: 3900 | AC68: 3800 | AD68: 4000 | AE68: 3800 | AF68: 3800 | AG68: 3900 | AH68: =SUM(C68:AG68) -> 119500 | AI68: =AVERAGE(C68:AG68) -> 3854.8387 | AJ68: =$AJ$65 -> 168.27 | AK68: =AH68*AJ68 -> 20108265
B69: 활성탄공급 | C69: 50 | D69: 40 | E69: 50 | F69: 50 | G69: 50 | H69: 10 | I69: 10 | J69: 30 | K69: 50 | L69: 50 | M69: 40 | N69: 50 | O69: 50 | P69: 60 | Q69: 50 | R69: 50 | S69: 50 | T69: 40 | U69: 60 | V69: 60 | W69: 50 | X69: 60 | Y69: 60 | Z69: 50 | AA69: 60 | AB69: 60 | AC69: 60 | AD69: 60 | AE69: 60 | AF69: 60 | AG69: 50 | AH69: =SUM(C69:AG69) -> 1530 | AI69: =AVERAGE(C69:AG69) -> 49.354839 | AJ69: =$AJ$65 -> 168.27 | AK69: =AH69*AJ69 -> 257453.1
B70: 소석회공급 | C70: 10 | D70: 20 | E70: 10 | F70: 0 | G70: 10 | H70: 10 | I70: 10 | J70: 0 | K70: 20 | L70: 10 | M70: 20 | N70: 10 | O70: 10 | P70: 10 | Q70: 10 | R70: 10 | S70: 10 | T70: 50 | U70: 20 | V70: 20 | W70: 30 | X70: 20 | Y70: 20 | Z70: 20 | AA70: 30 | AB70: 20 | AC70: 30 | AD70: 30 | AE70: 30 | AF70: 20 | AG70: 20 | AH70: =SUM(C70:AG70) -> 540 | AI70: =AVERAGE(C70:AG70) -> 17.419355 | AJ70: =$AJ$65 -> 168.27 | AK70: =AH70*AJ70 -> 90865.8
B71: 요소수 | C71: 10 | D71: 10 | E71: 20 | F71: 10 | G71: 20 | H71: 0 | I71: 0 | J71: 0 | K71: 20 | L71: 10 | M71: 20 | N71: 10 | O71: 10 | P71: 20 | Q71: 10 | R71: 20 | S71: 10 | T71: 20 | U71: 10 | V71: 10 | W71: 20 | X71: 10 | Y71: 10 | Z71: 20 | AA71: 10 | AB71: 10 | AC71: 20 | AD71: 10 | AE71: 10 | AF71: 20 | AG71: 10 | AH71: =SUM(C71:AG71) -> 390 | AI71: =AVERAGE(C71:AG71) -> 12.580645 | AJ71: =$AJ$65 -> 168.27 | AK71: =AH71*AJ71 -> 65625.3
B72: F.D FAN | C72: 7244 | D72: 6869 | E72: 7255 | F72: 7155 | G72: 7161 | H72: 4908 | I72: 18 | J72: 4733 | K72: 6615 | L72: 6647 | M72: 6606 | N72: 6693 | O72: 6510 | P72: 7096 | Q72: 7091 | R72: 7155 | S72: 7019 | T72: 7271 | U72: 7437 | V72: 7574 | W72: 7494 | X72: 7365 | Y72: 7401 | Z72: 7333 | AA72: 7310 | AB72: 7321 | AC72: 7571 | AD72: 7550 | AE72: 7079 | AF72: 6904 | AG72: 6828 | AH72: =SUM(C72:AG72) -> 209213 | AI72: =AVERAGE(C72:AG72) -> 6748.8065 | AJ72: =$AJ$65 -> 168.27 | AK72: =AH72*AJ72 -> 35204272
A73: 전력량 소계 | C73: =C65 -> 20459 | D73: =D65 -> 19524 | E73: =E65 -> 20112 | F73: =F65 -> 19971 | G73: =G65 -> 19850 | H73: =H65 -> 15309 | I73: =I65 -> 9898 | J73: =J65 -> 16184 | ... AK73: =AK65 -> 1.0210439e+08
A74: 용 수 | B74: 재이용수 | C74: 396.9 | D74: 390.6 | E74: 395.7 | F74: 396.3 | G74: 391.2 | H74: 393.5 | I74: 377.9 | J74: 380.8 | K74: 393.5 | L74: 393.3 | M74: 392 | N74: 397.8 | O74: 395.5 | P74: 397.7 | Q74: 397.2 | R74: 399 | S74: 400.5 | T74: 405.9 | U74: 403.1 | V74: 265.1 | W74: 401.1 | X74: 538.4 | Y74: 329 | Z74: 470.8 | AA74: 465.5 | AB74: 489 | AC74: 502.2 | AD74: 500 | AE74: 492.9 | AF74: 493.9 | AG74: 492 | AH74: =SUM(C74:AG74) -> 12938.3 | AI74: =IFERROR(AVERAGE(B74:AG74),"") -> 417.36452 | AJ74: 44.06 | AK74: =AH74*AJ74 -> 570061.5
B75: 복류수 | C75: 69 | D75: 61.3 | E75: 68.3 | F75: 63.6 | G75: 71.5 | H75: 73.4 | I75: 43.8 | J75: 50.3 | K75: 65.6 | L75: 60.3 | M75: 70.8 | N75: 62 | O75: 67 | P75: 58.3 | Q75: 64.3 | R75: 58.6 | S75: 58.1 | T75: 60.4 | U75: 64.6 | V75: 57.9 | W75: 72.1 | X75: 90 | Y75: 61.4 | Z75: 65.7 | AA75: 66.9 | AB75: 60.8 | AC75: 67.1 | AD75: 57.3 | AE75: 62.2 | AF75: 82.8 | AG75: 59.9 | AH75: =SUM(C75:AG75) -> 1995.3 | AI75: =IFERROR(AVERAGE(B75:AG75),"") -> 64.364516 | AJ75: =AJ74 -> 44.06 | AK75: =AH75*AJ75 -> 87912.918
B76: 응축수 | C76: 553 | D76: 443.9 | E76: 552.3 | F76: 541.9 | G76: 531.7 | H76: 35.1 | I76: 2.4 | J76: 283.9 | K76: 525.3 | L76: 536 | M76: 489 | N76: 528.5 | O76: 504 | P76: 516.3 | Q76: 520.5 | R76: 512.6 | S76: 509.4 | T76: 581.8 | U76: 600.6 | V76: 650.6 | W76: 620.7 | X76: 589.8 | Y76: 584.8 | Z76: 553.7 | AA76: 520 | AB76: 523.3 | AC76: 555.6 | AD76: 526.9 | AE76: 457.3 | AF76: 507 | AG76: 526.4 | AH76: =SUM(C76:AG76) -> 15384.3 | AI76: =IFERROR(AVERAGE(B76:AG76),"") -> 496.26774 | AJ76: 0 | AK76: =AH76*AJ76 -> 0
B77: 보일러급수 | C77: 513.9 | D77: 476.5 | E77: 506 | F77: 503.3 | G77: 497.6 | H77: 31.8 | I77: 0 | J77: 273 | K77: 486.7 | L77: 496.2 | M77: 484.6 | N77: 503.9 | O77: 497.7 | P77: 510.2 | Q77: 515.5 | R77: 509.4 | S77: 511.6 | T77: 531.1 | U77: 531.8 | V77: 571.2 | W77: 560.2 | X77: 553.6 | Y77: 550.5 | Z77: 533.6 | AA77: 509.1 | AB77: 504.8 | AC77: 526.1 | AD77: 509.1 | AE77: 468 | AF77: 506.4 | AG77: 505.5 | AH77: =SUM(C77:AG77) -> 14678.9 | AI77: =IFERROR(AVERAGE(B77:AG77),"") -> 473.5129 | AJ77: 0 | AK77: =AH77*AJ77 -> 0
B78: 폐수 | C78: 0 | D78: 0 | E78: 0 | F78: 0 | G78: 0 | H78: 0 | I78: 0 | J78: 0 | K78: 0 | L78: 0 | M78: 0 | N78: 0 | O78: 0 | P78: 0 | Q78: 0 | R78: 0 | S78: 0 | T78: 0 | U78: 0 | V78: 0 | W78: 0 | X78: 0 | Y78: 0 | Z78: 0 | AA78: 0 | AB78: 0 | AC78: 0 | AD78: 0 | AE78: 0 | AF78: 0 | AG78: 0 | AH78: =SUM(C78:AG78) -> 0 | AI78: =IFERROR(AVERAGE(B78:AG78),"") -> 0 | AJ78: 481.83 | AK78: =AH78*AJ78 -> 0
B79: 연수 | C79: 75.1 | D79: 70.2 | E79: 74 | F79: 71.9 | G79: 77.4 | H79: 86.1 | I79: 42.4 | J79: 59.3 | K79: 69.2 | L79: 71.5 | M79: 69.1 | N79: 70.4 | O79: 71.2 | P79: 67.2 | Q79: 69.7 | R79: 67.3 | S79: 63.7 | T79: 66.6 | U79: 68.6 | V79: 68 | W79: 67.2 | X79: 66.4 | Y79: 65 | Z79: 66.5 | AA79: 70 | AB79: 63.8 | AC79: 69 | AD79: 63.9 | AE79: 63.4 | AF79: 60.2 | AG79: 59.3 | AH79: =SUM(C79:AG79) -> 2093.6 | AI79: =IFERROR(AVERAGE(B79:AG79),"") -> 67.535484 | AK79: =AH79*AJ79 -> 0
A80: 용수 사용량 (베올리아 지급비 기준) | C80: =SUM(C74:C79) -> 1607.9 | D80: =SUM(D74:D79) -> 1442.5 | E80: =SUM(E74:E79) -> 1596.3 | F80: =SUM(F74:F79) -> 1577 | G80: =SUM(G74:G79) -> 1569.4 | H80: =SUM(H74:H79) -> 619.9 | I80: =SUM(I74:I79) -> 466.5 | J80: =SUM(J74:J79) -> 1047.3 | ... AK80: =SUM(AK74:AK79) -> 657974.42
A81: 기타 | B81: 슬러지위탁 - 에덴녹화 | AH81: =SUM(C81:AG81) -> 0 | AI81: =IFERROR(AVERAGE(B81:AG81),"") | AJ81: 61500 | AK81: =AH81*AJ81 -> 0
B82: 슬러지위탁 - 에코비트 | AH82: =SUM(C82:AG82) -> 0 | AI82: =IFERROR(AVERAGE(B82:AG82),"") | AJ82: 105000 | AK82: =AH82*AJ82 -> 0
B83: 슬러지위탁 - 신기산업 | AH83: =SUM(C83:AG83) -> 0 | AI83: =IFERROR(AVERAGE(B83:AG83),"") | AJ83: 88500 | AK83: =AH83*AJ83 -> 0
B84: 슬러지위탁 - 진들농산 | AH84: =SUM(C84:AG84) -> 0 | AI84: =IFERROR(AVERAGE(B84:AG84),"") | AJ84: 89000 | AK84: =AH84*AJ84 -> 0
B85: 슬러지위탁 - 보림씨에스 | AH85: =SUM(C85:AG85) -> 0 | AI85: =IFERROR(AVERAGE(B85:AG85),"") | AJ85: 118000 | AK85: =AH85*AJ85 -> 0
B86: 슬러지위탁 - 삼화그린웰 | AH86: =SUM(C86:AG86) -> 0 | AI86: =IFERROR(AVERAGE(B86:AG86),"") | AJ86: 88000 | AK86: =AH86*AJ86 -> 0
B87: 슬러지위탁 - 제이농장 | AH87: =SUM(C87:AG87) -> 0 | AI87: =IFERROR(AVERAGE(B87:AG87),"") | AJ87: 88000 | AK87: =AH87*AJ87 -> 0
B88: 슬러지위탁 - 오대오바이오 | AH88: =SUM(C88:AG88) -> 0 | AI88: =IFERROR(AVERAGE(B88:AG88),"") | AJ88: 88000 | AK88: =AH88*AJ88 -> 0
B89: 슬러지위탁 - 관동녹화 | AH89: =SUM(C89:AG89) -> 0 | AI89: =IFERROR(AVERAGE(B89:AG89),"") | AJ89: 94000 | AK89: =AH89*AJ89 -> 0
B90: 슬러지위탁 - 원진영농 | AH90: =SUM(C90:AG90) -> 0 | AI90: =IFERROR(AVERAGE(B90:AG90),"") | AJ90: 90000 | AK90: =AH90*AJ90 -> 0
B91: 슬러지위탁 - 산우리 | AH91: =SUM(C91:AG91) -> 0 | AI91: =IFERROR(AVERAGE(B91:AG91),"") | AJ91: 84000 | AK91: =AH91*AJ91 -> 0
B92: 측정검사비 | AH92: =SUM(C92:AG92) -> 0 | AI92: =IFERROR(AVERAGE(B92:AG92),"") | AK92: =AH92*AJ92 -> 0
B93: 사후영향조사비 | AH93: 1 | AI93: =IFERROR(AVERAGE(B93:AG93),"") | AK93: =AH93*AJ93 -> 0
B94: 슬러지 비용 합계 | C94: =(C81*$AJ$81)+(C82*$AJ$82)+(C83*$AJ$83)+(C84*$AJ$84)+(C85*$AJ$85)+(C86*$AJ$86)+(C87*$AJ$87)+(C88*$AJ$88)+(C89*$AJ$89)+(C90*$AJ$90)+(C91*$AJ$91) -> 0 | D94: =(D81*$AJ$81)+(D82*$AJ$82)+(D83*$AJ$83)+(D84*$AJ$84)+(D85*$AJ$85)+(D86*$AJ$86)+(D87*$AJ$87)+(D88*$AJ$88)+(D89*$AJ$89)+(D90*$AJ$90)+(D91*$AJ$91) -> 0 | E94: =(E81*$AJ$81)+(E82*$AJ$82)+(E83*$AJ$83)+(E84*$AJ$84)+(E85*$AJ$85)+(E86*$AJ$86)+(E87*$AJ$87)+(E88*$AJ$88)+(E89*$AJ$89)+(E90*$AJ$90)+(E91*$AJ$91) -> 0 | F94: =(F81*$AJ$81)+(F82*$AJ$82)+(F83*$AJ$83)+(F84*$AJ$84)+(F85*$AJ$85)+(F86*$AJ$86)+(F87*$AJ$87)+(F88*$AJ$88)+(F89*$AJ$89)+(F90*$AJ$90)+(F91*$AJ$91) -> 0 | G94: =(G81*$AJ$81)+(G82*$AJ$82)+(G83*$AJ$83)+(G84*$AJ$84)+(G85*$AJ$85)+(G86*$AJ$86)+(G87*$AJ$87)+(G88*$AJ$88)+(G89*$AJ$89)+(G90*$AJ$90)+(G91*$AJ$91) -> 0 | H94: =(H81*$AJ$81)+(H82*$AJ$82)+(H83*$AJ$83)+(H84*$AJ$84)+(H85*$AJ$85)+(H86*$AJ$86)+(H87*$AJ$87)+(H88*$AJ$88)+(H89*$AJ$89)+(H90*$AJ$90)+(H91*$AJ$91) -> 0 | I94: =(I81*$AJ$81)+(I82*$AJ$82)+(I83*$AJ$83)+(I84*$AJ$84)+(I85*$AJ$85)+(I86*$AJ$86)+(I87*$AJ$87)+(I88*$AJ$88)+(I89*$AJ$89)+(I90*$AJ$90)+(I91*$AJ$91) -> 0 | J94: =(J81*$AJ$81)+(J82*$AJ$82)+(J83*$AJ$83)+(J84*$AJ$84)+(J85*$AJ$85)+(J86*$AJ$86)+(J87*$AJ$87)+(J88*$AJ$88)+(J89*$AJ$89)+(J90*$AJ$90)+(J91*$AJ$91) -> 0 | ... AC94: =(AC81*$AJ$81)+(AC82*$AJ$82)+(AC83*$AJ$83)+(AC84*$AJ$84)+(AC85*$AJ$85)+(AC86*$AJ$86)+(AC87*$AJ$87)+(AC88*$AJ$88)+(AC89*$AJ$89)+(AC90*$AJ$90)+(AC91*$AJ$91) -> 0 | AH94: =SUM(C94:AG94) -> 0 | AK94: =AH94*AJ94 -> 0
A95: 기타 비용 소계 | C95: =C94 -> 0 | D95: =D94 -> 0 | E95: =E94 -> 0 | F95: =F94 -> 0 | G95: =G94 -> 0 | H95: =H94 -> 0 | I95: =I94 -> 0 | J95: =J94 -> 0 | ... AC95: =AC94 -> 0 | AH95: =SUM(C95:AG95) -> 0 | AI95: =SUM(AI81:AI94) -> 0 | AJ95: 0 | AK95: =SUM(AK81:AK94) -> 0
A96: 총 비용 | AK96: =SUM(AK17,AK64,AK73,AK80,AK95) -> 4.0729678e+08
A97: 기타비용 제외시 | AK97: =AK96-AK95 -> 4.0729678e+08
J101: [단위 : 원]
G102: 구 분 | H102: 인건비 | I102: 운영비 | J102: 합 계
G103: 유동상소각로 | H103: 120400000 | I103: =J103-H103 -> 205954736 | J103: =AK17 -> 326354736

Sheet 3-1. 월별 운영내역
A2: 1. 운영현황 | V2: * 소각톤당 약품사용량(Kg/ton)
A3: 2025년도 | B3: 유동상 소각로 | J3: 도급비 원단위 | R3: 운영비 원단위 | V3: 구 분 | W3: 탄산암모늄 | X3: 활성탄 | Y3: 소석회
B4: 슬러지 소각량(톤) | C4: SRF소각량(톤) | D4: 전체 소각량(톤) | E4: SRF반입량(톤) | F4: 스팀 생산량(톤) | G4: 스팀 송기량(톤) | H4: 가동시간(Hr) | I4: 운휴시간 (고정비 지급) | J4: 가동시간 운영비 스팀생산 운영비 | K4: 운휴시간 고정비 | L4: 설비개선비용 | M4: 차감비 | N4: 추가 지급분 | O4: 도급비용(천원) | P4: 소각 원단위 (천원/톤) | Q4: 스팀 원단위 (천원/톤) | R4: 운영비용(천원) | S4: 소각 원단위 (천원/톤) | T4: 스팀 원단위 (천원/톤) | V4: 1월 | W4: =G23/D5 -> 14.487806 | X4: =O23/D5 -> 0.35882699 | Y4: =K40/D5 -> 0.079739332
A5: 1월 | B5: 4365.2 | C5: 1654.414 | D5: =B5+C5 -> 6019.614 | E5: 1641.19 | F5: 11589.6 | G5: 7010 | H5: 569.5 | I5: 174.5 | J5: =F5*18500/1000 -> 214407.6 | K5: =I5*152000/1000 -> 26524 | L5: =50000000/1000 -> 50000 | M5: 0 | N5: 0 | O5: =J5+K5+L5-M5+N5 -> 290931.6 | P5: =O5/D5 -> 48.330607 | Q5: =O5/F5 -> 25.102816 | R5: 380493.18 | S5: =R5/D5 -> 63.208901 | T5: =R5/F5 -> 32.830571 | U5: =F5/H5 -> 20.350483 | V5: 2월 | W5: =G24/D6 -> 14.101076 | X5: =O24/D6 -> 0.35111675 | Y5: =K41/D6 -> 0.078025944
A6: 2월 | B6: 4650.1 | C6: 1501.7 | D6: =B6+C6 -> 6151.8 | E6: 1574.43 | F6: 11559.5 | G6: 8436 | H6: 563.5 | I6: 99.5 | J6: =F6*18760/1000 -> 216856.22 | K6: =I6*160000/1000 -> 15920 | L6: =50000000/1000 -> 50000 | M6: 0 | N6: 4409.296 | O6: =J6+K6+L6-M6+N6 -> 287185.52 | P6: =O6/D6 -> 46.683169 | Q6: =O6/F6 -> 24.844112 | R6: 370377.36 | S6: =R6/D6 -> 60.20634 | T6: =R6/F6 -> 32.04095 | U6: =F6/H6 -> 20.513753 | V6: 3월 | W6: =G25/D7 -> 12.506048 | X6: =O25/D7 -> 0.36368005 | Y6: =K42/D7 -> 0.0743891
A7: 3월 | B7: 5532.6 | C7: 1726.528 | D7: 7259.128 | E7: 1845.54 | F7: 12593.4 | G7: 7646 | H7: 623 | I7: 118 | J7: =F7*18760/1000 -> 236252.18 | K7: =I7*160000/1000 -> 18880 | L7: =50000000/1000 -> 50000 | M7: 0 | N7: 0 | O7: =J7+K7+L7-M7+N7 -> 305132.18 | P7: =O7/D7 -> 42.034275 | Q7: =O7/F7 -> 24.229532 | R7: 379191.79 | S7: =R7/D7 -> 52.236548 | T7: =R7/F7 -> 30.110358 | U7: =F7/H7 -> 20.214125 | V7: 4월 | W7: =G26/D8 -> 15.897955 | X7: =O26/D8 -> 0.37400884 | Y7: =K43/D8 -> 0.061260068
A8: 4월 | B8: 4539.2 | C8: 1663.862 | D8: =B8+C8 -> 6203.062 | E8: 1657.87 | F8: 11568.4 | G8: 9397 | H8: 541.7 | I8: 151.3 | J8: =F8*18760/1000 -> 217023.18 | K8: =I8*160000/1000 -> 24208 | L8: =50000000/1000 -> 50000 | M8: =2945050/1000 -> 2945.05 | N8: 0 | O8: =J8+K8+L8-M8+N8 -> 288286.13 | P8: =O8/D8 -> 46.474811 | Q8: =O8/F8 -> 24.920139 | R8: 351810.01 | S8: =R8/D8 -> 56.715541 | T8: =R8/F8 -> 30.411294 | U8: =F8/H8 -> 21.355732 | V8: 5월 | W8: =G27/D9 -> 12.779805 | X8: =O27/D9 -> 0.29843936 | Y8: =K44/D9 -> 0.07747945
A9: 5월 | B9: 4940.1 | C9: 2029.49 | D9: =B9+C9 -> 6969.59 | E9: 2006.26 | F9: 13682.4 | G9: 9006 | H9: 663.5 | I9: 80.5 | J9: =F9*18760/1000 -> 256681.82 | K9: =I9*160000/1000 -> 12880 | L9: =50000000/1000 -> 50000 | M9: 0 | N9: 5151.05 | O9: =J9+K9+L9-M9+N9 -> 324712.87 | P9: =O9/D9 -> 46.589953 | Q9: =O9/F9 -> 23.732158 | R9: 401007.36 | S9: =R9/D9 -> 57.536721 | T9: =R9/F9 -> 29.308261 | U9: =F9/H9 -> 20.621552 | V9: 6월 | W9: =G28/D10 -> 14.57516 | X9: =O28/D10 -> 0.363948 | Y9: =K45/D10 -> 0.10343785
A10: 6월 | B10: 3515.6 | C10: 1704.926 | D10: =B10+C10 -> 5220.526 | E10: 1804.43 | F10: 11544.1 | G10: 7500 | H10: 577 | I10: 143 | J10: =F10*18760/1000 -> 216567.32 | K10: =I10*160000/1000 -> 22880 | L10: =50000000/1000 -> 50000 | M10: 0 | N10: 0 | O10: =J10+K10+L10-M10+N10 -> 289447.32 | P10: =O10/D10 -> 55.44409 | Q10: =O10/F10 -> 25.073182 | R10: 365434.8 | S10: =R10/D10 -> 69.999613 | T10: =R10/F10 -> 31.655547 | U10: =F10/H10 -> 20.007106 | V10: 7월 | W10: =G29/D11 -> 15.498483 | X10: =O29/D11 -> 0.34434826 | Y10: =K46/D11 -> 0.09487146
A11: 7월 | B11: 3836.1 | C11: 1855.812 | D11: =B11+C11 -> 5691.912 | E11: 1872.44 | F11: 13116.1 | G11: 7993 | H11: 622.7 | I11: 118 | J11: =F11*18760/1000 -> 246058.04 | K11: =I11*160000/1000 -> 18880 | L11: 50000 | M11: 0 | N11: 0 | O11: =J11+K11+L11-M11+N11 -> 314938.04 | P11: =O11/D11 -> 55.330799 | Q11: =O11/F11 -> 24.011561 | R11: 408897.62 | S11: =R11/D11 -> 71.838359 | T11: =R11/F11 -> 31.175244 | U11: =F11/H11 -> 21.063273 | V11: 8월 | W11: =G30/D12 -> 13.380811 | X11: =O30/D12 -> 0.36536947 | Y11: =K47/D12 -> 0.087959317
A12: 8월 | B12: 4272 | C12: 1639.824 | D12: =B12+C12 -> 5911.824 | E12: 2383.871 | F12: 11997.6 | G12: 7816 | H12: 598.5 | I12: 145.5 | J12: =F12*18760/1000 -> 225074.98 | K12: =I12*160000/1000 -> 23280 | L12: 50000 | M12: 121.63 | N12: 0 | O12: =J12+K12+L12-M12+N12 -> 298233.35 | P12: =O12/D12 -> 50.446926 | Q12: =O12/F12 -> 24.85775 | R12: 376708.56 | S12: =R12/D12 -> 63.721207 | T12: =R12/F12 -> 31.39866 | U12: =F12/H12 -> 20.046115 | V12: 9월 | W12: =G31/D13 -> 13.545116 | X12: =O31/D13 -> 0.44398623 | Y12: =K48/D13 -> 0.091678572
A13: 9월 | B13: 5475.4 | C13: 2159.972 | D13: =B13+C13 -> 7635.372 | E13: 2207.4 | F13: 15311.032 | G13: 10152 | H13: 707 | I13: 13 | J13: =F13*18760/1000 -> 287234.97 | K13: =I13*160000/1000 -> 2080 | L13: 50000 | M13: 0 | O13: =J13+K13+L13 -> 339314.97 | P13: =O13/D13 -> 44.439874 | Q13: =IFERROR(O13/F13," ") -> 22.161469 | R13: 404808.91 | S13: =IFERROR(R13/(D13)," ") -> 53.017576 | T13: =IFERROR(R13/F13," ") -> 26.439034 | U13: =F13/H13 -> 21.65634 | V13: 10월 | W13: =G32/D14 -> 13.404929 | X13: =O32/D14 -> 0.44005297 | Y13: =K49/D14 -> 0.082694518
A14: 10월 | B14: ='3. 세부 운영내역'!AH8 -> 4734.9 | C14: ='3. 세부 운영내역'!AH9 -> 2037.012 | D14: =B14+C14 -> 6771.912 | E14: ='3. 세부 운영내역'!AH46 -> 2101.19 | F14: ='3. 세부 운영내역'!AH6 -> 14223.6 | G14: ='3. 세부 운영내역'!AH7 -> 9138 | H14: ='3. 세부 운영내역'!AH4 -> 684.5 | I14: ='3. 세부 운영내역'!AH5 -> 59.5 | J14: =F14*18760/1000 -> 266834.74 | K14: =I14*160000/1000 -> 9520 | L14: 50000 | M14: 0 | N14: 0 | O14: =J14+K14+L14-M14 -> 326354.74 | P14: =O14/D14 -> 48.192407 | Q14: =IFERROR(O14/F14," ") -> 22.944595 | R14: ='3. 세부 운영내역'!AK96/1000 -> 407296.78 | S14: =IFERROR(R14/(D14)," ") -> 60.145019 | T14: =IFERROR(R14/F14," ") -> 28.63528 | V14: 11월 | W14: =G33/D15 -> #DIV/0! | X14: =O33/D15 -> #DIV/0! | Y14: =K50/D15 -> #DIV/0!
A15: 11월 | J15: =F15*18760/1000 -> 0 | K15: =I15*160000/1000 -> 0 | N15: 0 | O15: =J15+K15+L15-M15 -> 0 | P15: =IFERROR(O15/D15," ") | Q15: =IFERROR(O15/F15," ") | S15: =IFERROR(R15/(D15)," ") | T15: =IFERROR(R15/F15," ") | V15: 12월 | W15: =G34/D16 -> #DIV/0! | X15: =O34/D16 -> #DIV/0! | Y15: =K51/D16 -> #DIV/0!
A16: 12월 | J16: =F16*18760/1000 -> 0 | K16: =I16*160000/1000 -> 0 | O16: =J16+K16+L16-M16+N16 -> 0 | P16: =IFERROR(O16/D16," ") | Q16: =IFERROR(O16/F16," ") | S16: =IFERROR(R16/(D16)," ") | T16: =IFERROR(R16/F16," ")
A17: Total | B17: =SUM(B5:B16) -> 45861.2 | C17: =SUM(C5:C16) -> 17973.54 | D17: =SUM(B17:C17) -> 63834.74 | E17: =SUM(E5:E16) -> 19094.621 | F17: =SUM(F5:F16) -> 127185.73 | G17: =SUM(G5:G16) -> 84094 | H17: =SUM(H5:H16) -> 6150.9 | I17: =SUM(I5:I16) -> 1102.8 | J17: =SUM(J5:J16) -> 2382991 | K17: =SUM(K5:K16) -> 175052 | L17: =SUM(L5:L16) -> 500000 | ... O17: =SUM(O5:O16) -> 3064536.7 | P17: =IFERROR(O17/(D17)," ") -> 48.00735 | Q17: =IFERROR(O17/F17," ") -> 24.094972 | R17: =SUM(R5:R16) -> 3846026.4 | S17: =IFERROR(R17/(D17)," ") -> 60.249738 | T17: =IFERROR(R17/F17," ") -> 30.239448 | U17: =F17/H17 -> 20.677581
A18: Average | B18: =AVERAGE(B5:B16) -> 4586.12 | C18: =AVERAGE(C5:C16) -> 1797.354 | D18: =AVERAGE(D5:D16) -> 6383.474 | E18: =AVERAGE(E5:E16) -> 1909.4621 | F18: =AVERAGE(F5:F16) -> 12718.573 | G18: =AVERAGE(G5:G16) -> 8409.4 | H18: =AVERAGE(H5:H16) -> 615.09 | I18: =AVERAGE(I5:I16) -> 110.28 | ... T18: =AVERAGE(T5:T16) -> 30.40052
A20: 2. 약품 사용량 (실사용량 및 비용)
A21: =A3 -> 2025년도 | B21: 경 유 | F21: 탄산암모늄 | J21: 청관제 | N21: 활성탄 | S21: 약품명 | T21: 단가(Kg/원)
B22: 구입량 | C22: 사용량 | D22: 구입비용 | E22: 사용비용 | F22: 구입량 | G22: 사용량 | H22: 구입비용 | I22: 사용비용 | J22: 구입량 | K22: 사용량 | L22: 구입비용 | M22: 사용비용 | N22: 구입량 | O22: 사용량 | P22: 구입비용 | Q22: 사용비용 | S22: 경유 | T22: =1209/1.1 -> 1099.0909
A23: 1월 | B23: 9000 | C23: 6812 | D23: 12861927 | E23: 9735049.6 | F23: 78220 | G23: 87211 | H23: =VLOOKUP($F$21,$S$21:$T$29,2,0)*F23 -> 29723600 | I23: =VLOOKUP($F$21,$S$21:$T$29,2,0)*G23 -> 33140180 | J23: 1770 | K23: 2130 | L23: =VLOOKUP($J$21,$S$21:$T$29,2,0)*J23 -> 2301000 | M23: =VLOOKUP($J$21,$S$21:$T$29,2,0)*K23 -> 2769000 | N23: 2000 | O23: 2160 | P23: =VLOOKUP($N$21,$S$21:$T$29,2,0)*N23 -> 3300000 | Q23: =VLOOKUP($N$21,$S$21:$T$29,2,0)*O23 -> 3564000 | S23: 탄산암모늄 | T23: 380
A24: 2월 | B24: 6000 | C24: 6018 | D24: 8683636 | E24: 8709686.9 | F24: 94760 | G24: 86747 | H24: =VLOOKUP($F$21,$S$21:$T$29,2,0)*F24 -> 36008800 | I24: =VLOOKUP($F$21,$S$21:$T$29,2,0)*G24 -> 32963860 | J24: 2400 | K24: 1900 | L24: =VLOOKUP($J$21,$S$21:$T$29,2,0)*J24 -> 3120000 | M24: =VLOOKUP($J$21,$S$21:$T$29,2,0)*K24 -> 2470000 | N24: 2000 | O24: 2160 | P24: =VLOOKUP($N$21,$S$21:$T$29,2,0)*N24 -> 3300000 | Q24: =VLOOKUP($N$21,$S$21:$T$29,2,0)*O24 -> 3564000 | S24: 청관제 | T24: 1300
A25: 3월 | B25: 3000 | C25: 2130 | D25: 4246364 | E25: 3014918.4 | F25: 89390 | G25: 90783 | H25: =VLOOKUP($F$21,$S$21:$T$29,2,0)*F25 -> 33968200 | I25: =VLOOKUP($F$21,$S$21:$T$29,2,0)*G25 -> 34497540 | J25: 1820 | K25: 1890 | L25: =VLOOKUP($J$21,$S$21:$T$29,2,0)*J25 -> 2366000 | M25: =VLOOKUP($J$21,$S$21:$T$29,2,0)*K25 -> 2457000 | N25: 4000 | O25: 2640 | P25: =VLOOKUP($N$21,$S$21:$T$29,2,0)*N25 -> 6600000 | Q25: =VLOOKUP($N$21,$S$21:$T$29,2,0)*O25 -> 4356000 | S25: 활성탄 | T25: 1650
A26: 4월 | B26: 6000 | C26: 8510 | D26: 8329091 | E26: 11813427 | F26: 96700 | G26: 98616 | H26: =VLOOKUP($F$21,$S$21:$T$29,2,0)*F26 -> 36746000 | I26: =VLOOKUP($F$21,$S$21:$T$29,2,0)*G26 -> 37474080 | J26: 1600 | K26: 1840 | L26: =VLOOKUP($J$21,$S$21:$T$29,2,0)*J26 -> 2080000 | M26: =VLOOKUP($J$21,$S$21:$T$29,2,0)*K26 -> 2392000 | N26: 2000 | O26: 2320 | P26: =VLOOKUP($N$21,$S$21:$T$29,2,0)*N26 -> 3300000 | Q26: =VLOOKUP($N$21,$S$21:$T$29,2,0)*O26 -> 3828000 | S26: 소금 | T26: 140
A27: 5월 | B27: 6000 | C27: 4710 | D27: 8170910 | E27: 6414164.4 | F27: 92470 | G27: 89070 | H27: =VLOOKUP($F$21,$S$21:$T$29,2,0)*F27 -> 35138600 | I27: =VLOOKUP($F$21,$S$21:$T$29,2,0)*G27 -> 33846600 | J27: 2200 | K27: 1990 | L27: =VLOOKUP($J$21,$S$21:$T$29,2,0)*J27 -> 2860000 | M27: =VLOOKUP($J$21,$S$21:$T$29,2,0)*K27 -> 2587000 | N27: 2000 | O27: 2080 | P27: =VLOOKUP($N$21,$S$21:$T$29,2,0)*N27 -> 3300000 | Q27: =VLOOKUP($N$21,$S$21:$T$29,2,0)*O27 -> 3432000 | S27: 가성소다 | T27: 460
A28: 6월 | B28: 6000 | C28: 3860 | D28: 8116364 | E28: 5221527.5 | F28: 68410 | G28: 76090 | H28: =VLOOKUP($F$21,$S$21:$T$29,2,0)*F28 -> 25995800 | I28: =VLOOKUP($F$21,$S$21:$T$29,2,0)*G28 -> 28914200 | J28: 1970 | K28: 1970 | L28: =VLOOKUP($J$21,$S$21:$T$29,2,0)*J28 -> 2561000 | M28: =VLOOKUP($J$21,$S$21:$T$29,2,0)*K28 -> 2561000 | N28: 1940 | O28: 1900 | P28: =VLOOKUP($N$21,$S$21:$T$29,2,0)*N28 -> 3201000 | Q28: =VLOOKUP($N$21,$S$21:$T$29,2,0)*O28 -> 3135000 | S28: 소석회 | T28: 580
A29: 7월 | B29: 3000 | C29: 4270 | D29: 4161818 | E29: 5923654.3 | F29: 89630 | G29: 88216 | H29: =VLOOKUP($F$21,$S$21:$T$29,2,0)*F29 -> 34059400 | I29: =VLOOKUP($F$21,$S$21:$T$29,2,0)*G29 -> 33522080 | J29: 1900 | K29: 1980 | L29: =VLOOKUP($J$21,$S$21:$T$29,2,0)*J29 -> 2470000 | M29: =VLOOKUP($J$21,$S$21:$T$29,2,0)*K29 -> 2574000 | N29: 2000 | O29: 1960 | P29: =VLOOKUP($N$21,$S$21:$T$29,2,0)*N29 -> 3300000 | Q29: =VLOOKUP($N$21,$S$21:$T$29,2,0)*O29 -> 3234000 | S29: 규사 | T29: 145
A30: 8월 | B30: 6000 | C30: 6060 | D30: 8356363 | E30: 8439926.6 | F30: 73900 | G30: 79105 | H30: =VLOOKUP($F$21,$S$21:$T$29,2,0)*F30 -> 28082000 | I30: =VLOOKUP($F$21,$S$21:$T$29,2,0)*G30 -> 30059900 | J30: 2110 | K30: 1790 | L30: =VLOOKUP($J$21,$S$21:$T$29,2,0)*J30 -> 2743000 | M30: =VLOOKUP($J$21,$S$21:$T$29,2,0)*K30 -> 2327000 | N30: 2000 | O30: 2160 | P30: =VLOOKUP($N$21,$S$21:$T$29,2,0)*N30 -> 3300000 | Q30: =VLOOKUP($N$21,$S$21:$T$29,2,0)*O30 -> 3564000
A31: 9월 | B31: 3000 | C31: 2620 | D31: 4167273 | E31: 3639418.4 | F31: 105320 | G31: 103422 | H31: =VLOOKUP($F$21,$S$21:$T$29,2,0)*F31 -> 40021600 | I31: =VLOOKUP($F$21,$S$21:$T$29,2,0)*G31 -> 39300360 | J31: 1700 | K31: 2220 | L31: =VLOOKUP($J$21,$S$21:$T$29,2,0)*J31 -> 2210000 | M31: =VLOOKUP($J$21,$S$21:$T$29,2,0)*K31 -> 2886000 | N31: 4000 | O31: 3390 | P31: =VLOOKUP($N$21,$S$21:$T$29,2,0)*N31 -> 6600000 | Q31: =VLOOKUP($N$21,$S$21:$T$29,2,0)*O31 -> 5593500
A32: 10월 | B32: ='3. 세부 운영내역'!AH36 -> 3000 | C32: ='3. 세부 운영내역'!AH37 -> 4220 | D32: ='3. 세부 운영내역'!AK36 -> 4170000 | E32: ='3. 세부 운영내역'!AK37 -> 5865800 | F32: ='3. 세부 운영내역'!AH18 -> 97560 | G32: ='3. 세부 운영내역'!AH19 -> 90777 | H32: =VLOOKUP($F$21,$S$21:$T$29,2,0)*F32 -> 37072800 | I32: =VLOOKUP($F$21,$S$21:$T$29,2,0)*G32 -> 34495260 | J32: ='3. 세부 운영내역'!AH21 -> 2880 | K32: ='3. 세부 운영내역'!AH22 -> 2320 | L32: =VLOOKUP($J$21,$S$21:$T$29,2,0)*J32 -> 3744000 | M32: =VLOOKUP($J$21,$S$21:$T$29,2,0)*K32 -> 3016000 | N32: ='3. 세부 운영내역'!AH24 -> 2000 | O32: ='3. 세부 운영내역'!AH25 -> 2980 | P32: =VLOOKUP($N$21,$S$21:$T$29,2,0)*N32 -> 3300000 | Q32: =VLOOKUP($N$21,$S$21:$T$29,2,0)*O32 -> 4917000
A33: 11월 | H33: =VLOOKUP($F$21,$S$21:$T$29,2,0)*F33 -> 0 | I33: =VLOOKUP($F$21,$S$21:$U$29,3,0)*G33 -> 0 | L33: =VLOOKUP($J$21,$S$21:$T$29,2,0)*J33 -> 0 | M33: =VLOOKUP($J$21,$S$21:$T$29,2,0)*K33 -> 0 | P33: =VLOOKUP($N$21,$S$21:$T$29,2,0)*N33 -> 0 | Q33: =VLOOKUP($N$21,$S$21:$T$29,2,0)*O33 -> 0
A34: 12월 | H34: =VLOOKUP($F$21,$S$21:$T$29,2,0)*F34 -> 0 | I34: =VLOOKUP($F$21,$S$21:$U$29,3,0)*G34 -> 0 | L34: =VLOOKUP($J$21,$S$21:$T$29,2,0)*J34 -> 0 | M34: =VLOOKUP($J$21,$S$21:$T$29,2,0)*K34 -> 0 | P34: =VLOOKUP($N$21,$S$21:$T$29,2,0)*N34 -> 0 | Q34: =VLOOKUP($N$21,$S$21:$T$29,2,0)*O34 -> 0
A35: 합계 | B35: =SUM(B23:B34) -> 51000 | C35: =SUM(C23:C34) -> 49210 | D35: =SUM(D23:D34) -> 71263746 | E35: =SUM(E23:E34) -> 68777574 | F35: =SUM(F23:F34) -> 886360 | G35: =SUM(G23:G34) -> 890037 | H35: =SUM(H23:H34) -> 336816800 | I35: =SUM(I23:I34) -> 338214060 | ... Q35: =SUM(Q23:Q34) -> 39187500
A36: 평균 | B36: =AVERAGE(B23:B34) -> 5100 | C36: =AVERAGE(C23:C34) -> 4921 | D36: =AVERAGE(D23:D34) -> 7126374.6 | E36: =AVERAGE(E23:E34) -> 6877757.4 | F36: =AVERAGE(F23:F34) -> 88636 | G36: =AVERAGE(G23:G34) -> 89003.7 | H36: =AVERAGE(H23:H34) -> 28068067 | I36: =AVERAGE(I23:I34) -> 28184505 | ... Q36: =AVERAGE(Q23:Q34) -> 3265625
A38: =A3 -> 2025년도 | B38: 소금 | F38: 가성소다 | J38: 소석회 | N38: 규사 | R38: 활성탄 (다이옥신 측정대비) | T38: 비상발전기용 경유 | V38: 열풍기용 등유 | X38: 총 구입량 | Y38: 총사용량 | Z38: 총 구입비용 | AA38: 총 사용비용 | AB38: 약품비 원단위(천원/톤) (실 구매비용 기준)
B39: 구입량 | C39: 사용량 | D39: 구입비용 | E39: 사용비용 | F39: 구입량 | G39: 사용량 | H39: 구입비용 | I39: 사용비용 | J39: 구입량 | K39: 사용량 | L39: 구입비용 | M39: 사용비용 | N39: 구입량 | O39: 사용량 | P39: 구입비용 | Q39: 사용비용 | R39: 구입량 | S39: 구입비용 | T39: 구입량 | U39: 구입비용 | V39: 구입량 | W39: 구입비용 | AB39: 소각량 | AC39: 스팀량
A40: 1월 | B40: 5760 | C40: 5800 | D40: =VLOOKUP($B$38,$S$21:$T$29,2,0)*B40 -> 806400 | E40: =VLOOKUP($B$38,$S$21:$T$29,2,0)*C40 -> 812000 | F40: 0 | G40: 0 | H40: =VLOOKUP($F$38,$S$21:$T$29,2,0)*F40 -> 0 | I40: =VLOOKUP($F$38,$S$21:$T$29,2,0)*G40 -> 0 | J40: 0 | K40: 480 | L40: =VLOOKUP($J$38,$S$21:$T$29,2,0)*J40 -> 0 | M40: =VLOOKUP($J$38,$S$21:$T$29,2,0)*K40 -> 278400 | N40: 0 | O40: 0 | P40: =VLOOKUP($N$38,$S$21:$T$29,2,0)*N40 -> 0 | Q40: =VLOOKUP($N$38,$S$21:$T$29,2,0)*O40 -> 0 | R40: 0 | S40: 0 | T40: 0 | U40: 0 | V40: 0 | W40: 0 | X40: =B23+F23+J23+N23+B40+F40+J40+N40+R40+T40 -> 96750 | Y40: =C23+G23+K23+O23+C40+G40+K40+O40 -> 104593 | Z40: =D23+H23+L23+P23+D40+H40+L40+P40+S40+U40 -> 48992927 | AA40: =E23+I23+M23+Q23+E40+I40+M40+Q40 -> 50298630 | AB40: =IFERROR((Z40/D5)/1000," ") -> 8.1388818 | AC40: =IFERROR((Z40/F5)/1000," ") -> 4.2273182 | AD40: =Z40/1000 -> 48992.927
A41: 2월 | B41: 4320 | C41: 4800 | D41: =VLOOKUP($B$38,$S$21:$T$29,2,0)*B41 -> 604800 | E41: =VLOOKUP($B$38,$S$21:$T$29,2,0)*C41 -> 672000 | F41: 0 | G41: 0 | H41: =VLOOKUP($F$38,$S$21:$T$29,2,0)*F41 -> 0 | I41: =VLOOKUP($F$38,$S$21:$T$29,2,0)*G41 -> 0 | J41: 0 | K41: 480 | L41: =VLOOKUP($J$38,$S$21:$T$29,2,0)*J41 -> 0 | M41: =VLOOKUP($J$38,$S$21:$T$29,2,0)*K41 -> 278400 | N41: 28070 | O41: 0 | P41: =VLOOKUP($N$38,$S$21:$T$29,2,0)*N41 -> 4070150 | Q41: =VLOOKUP($N$38,$S$21:$T$29,2,0)*O41 -> 0 | R41: 0 | S41: 0 | T41: 0 | U41: 0 | V41: 0 | W41: 0 | X41: =B24+F24+J24+N24+B41+F41+J41+N41+R41+T41 -> 137550 | Y41: =C24+G24+K24+O24+C41+G41+K41+O41 -> 102105 | Z41: =D24+H24+L24+P24+D41+H41+L41+P41+S41+U41 -> 55787386 | AA41: =SUM(E24,I24,M24,Q24,E41,I41,M41,Q41) -> 48657947 | AB41: =IFERROR((Z41/D6)/1000," ") -> 9.0684655 | AC41: =IFERROR((Z41/F6)/1000," ") -> 4.8261072 | AD41: =Z41/1000 -> 55787.386
A42: 3월 | B42: 5760 | C42: 5800 | D42: =VLOOKUP($B$38,$S$21:$T$29,2,0)*B42 -> 806400 | E42: =VLOOKUP($B$38,$S$21:$T$29,2,0)*C42 -> 812000 | F42: 0 | G42: 0 | H42: =VLOOKUP($F$38,$S$21:$T$29,2,0)*F42 -> 0 | I42: =VLOOKUP($F$38,$S$21:$T$29,2,0)*G42 -> 0 | J42: 0 | K42: 540 | L42: =VLOOKUP($J$38,$S$21:$T$29,2,0)*J42 -> 0 | M42: =VLOOKUP($J$38,$S$21:$T$29,2,0)*K42 -> 313200 | N42: 0 | O42: 0 | P42: =VLOOKUP($N$38,$S$21:$T$29,2,0)*N42 -> 0 | Q42: =VLOOKUP($N$38,$S$21:$T$29,2,0)*O42 -> 0 | R42: 0 | S42: 0 | T42: 0 | U42: 0 | V42: 0 | W42: 0 | X42: =B25+F25+J25+N25+B42+F42+J42+N42+R42+T42 -> 103970 | Y42: =C25+G25+K25+O25+C42+G42+K42+O42 -> 103783 | Z42: =D25+H25+L25+P25+D42+H42+L42+P42+S42+U42 -> 47986964 | AA42: =SUM(E25,I25,M25,Q25,E42,I42,M42,Q42) -> 45450658 | AB42: =IFERROR((Z42/D7)/1000," ") -> 6.6105687 | AC42: =IFERROR((Z42/F7)/1000," ") -> 3.8104852 | AD42: =Z42/1000 -> 47986.964
A43: 4월 | B43: 4320 | C43: 5000 | D43: =VLOOKUP($B$38,$S$21:$T$29,2,0)*B43 -> 604800 | E43: =VLOOKUP($B$38,$S$21:$T$29,2,0)*C43 -> 700000 | F43: 0 | G43: 0 | H43: =VLOOKUP($F$38,$S$21:$T$29,2,0)*F43 -> 0 | I43: =VLOOKUP($F$38,$S$21:$T$29,2,0)*G43 -> 0 | J43: 0 | K43: 380 | L43: =VLOOKUP($J$38,$S$21:$T$29,2,0)*J43 -> 0 | M43: =VLOOKUP($J$38,$S$21:$T$29,2,0)*K43 -> 220400 | N43: 0 | O43: 0 | P43: =VLOOKUP($N$38,$S$21:$T$29,2,0)*N43 -> 0 | Q43: =VLOOKUP($N$38,$S$21:$T$29,2,0)*O43 -> 0 | R43: 0 | S43: 0 | T43: 0 | U43: 0 | V43: 0 | W43: 0 | X43: =B26+F26+J26+N26+B43+F43+J43+N43+R43+T43 -> 110620 | Y43: =C26+G26+K26+O26+C43+G43+K43+O43 -> 116666 | Z43: =D26+H26+L26+P26+D43+H43+L43+P43+S43+U43 -> 51059891 | AA43: =SUM(E26,I26,M26,Q26,E43,I43,M43,Q43) -> 56427907 | AB43: =IFERROR((Z43/D8)/1000," ") -> 8.231401 | AC43: =IFERROR((Z43/F8)/1000," ") -> 4.4137384 | AD43: =Z43/1000 -> 51059.891
A44: 5월 | B44: 5760 | C44: 5800 | D44: =VLOOKUP($B$38,$S$21:$T$29,2,0)*B44 -> 806400 | E44: =VLOOKUP($B$38,$S$21:$T$29,2,0)*C44 -> 812000 | F44: 0 | G44: 0 | H44: =VLOOKUP($F$38,$S$21:$T$29,2,0)*F44 -> 0 | I44: 0 | J44: 0 | K44: 540 | L44: =VLOOKUP($J$38,$S$21:$T$29,2,0)*J44 -> 0 | M44: =VLOOKUP($J$38,$S$21:$T$29,2,0)*K44 -> 313200 | N44: 0 | O44: 0 | P44: =VLOOKUP($N$38,$S$21:$T$29,2,0)*N44 -> 0 | Q44: =VLOOKUP($N$38,$S$21:$T$29,2,0)*O44 -> 0 | R44: 0 | S44: 0 | T44: 0 | U44: 0 | V44: 0 | W44: 0 | X44: =B27+F27+J27+N27+B44+F44+J44+N44+R44+T44 -> 108430 | Y44: =C27+G27+K27+O27+C44+G44+K44+O44 -> 104190 | Z44: =D27+H27+L27+P27+D44+H44+L44+P44+S44+U44 -> 50275910 | AA44: =SUM(E27,I27,M27,Q27,E44,I44,M44,Q44) -> 47404964 | AB44: =IFERROR((Z44/D9)/1000," ") -> 7.2136108 | AC44: =IFERROR((Z44/F9)/1000," ") -> 3.674495 | AD44: =Z44/1000 -> 50275.91
A45: 6월 | B45: 5760 | C45: 5800 | D45: =VLOOKUP($B$38,$S$21:$T$29,2,0)*B45 -> 806400 | E45: =VLOOKUP($B$38,$S$21:$T$29,2,0)*C45 -> 812000 | F45: 0 | G45: 0 | H45: =VLOOKUP($F$38,$S$21:$T$29,2,0)*F45 -> 0 | I45: 0 | J45: 3140 | K45: 540 | L45: =VLOOKUP($J$38,$S$21:$T$29,2,0)*J45 -> 1821200 | M45: =VLOOKUP($J$38,$S$21:$T$29,2,0)*K45 -> 313200 | N45: 0 | O45: 0 | P45: =VLOOKUP($N$38,$S$21:$T$29,2,0)*N45 -> 0 | Q45: =VLOOKUP($N$38,$S$21:$T$29,2,0)*O45 -> 0 | R45: 0 | S45: 0 | T45: 0 | U45: 0 | V45: 0 | W45: 0 | X45: =B28+F28+J28+N28+B45+F45+J45+N45+R45+T45 -> 87220 | Y45: =C28+G28+K28+O28+C45+G45+K45+O45 -> 90160 | Z45: =D28+H28+L28+P28+D45+H45+L45+P45+S45+U45 -> 42501764 | AA45: =SUM(E28,I28,M28,Q28,E45,I45,M45,Q45) -> 40956928 | AB45: =IFERROR((Z45/D10)/1000," ") -> 8.14128 | AC45: =IFERROR((Z45/F10)/1000," ") -> 3.6816871 | AD45: =Z45/1000 -> 42501.764
A46: 7월 | B46: 5505 | C46: 5800 | D46: =VLOOKUP($B$38,$S$21:$T$29,2,0)*B46 -> 770700 | E46: =VLOOKUP($B$38,$S$21:$T$29,2,0)*C46 -> 812000 | F46: 0 | G46: 0 | H46: 0 | I46: 0 | J46: 0 | K46: 540 | L46: =VLOOKUP($J$38,$S$21:$T$29,2,0)*J46 -> 0 | M46: =VLOOKUP($J$38,$S$21:$T$29,2,0)*K46 -> 313200 | N46: 0 | O46: 0 | P46: =VLOOKUP($N$38,$S$21:$T$29,2,0)*N46 -> 0 | Q46: 0 | R46: 0 | S46: 0 | T46: 0 | U46: 0 | V46: 0 | W46: 0 | X46: =B29+F29+J29+N29+B46+F46+J46+N46+R46+T46 -> 102035 | Y46: =C29+G29+K29+O29+C46+G46+K46+O46 -> 102766 | Z46: =D29+H29+L29+P29+D46+H46+L46+P46+S46+U46 -> 44761918 | AA46: =SUM(E29,I29,M29,Q29,E46,I46,M46,Q46) -> 46378934 | AB46: =IFERROR((Z46/D11)/1000," ") -> 7.8641269 | AC46: =IFERROR((Z46/F11)/1000," ") -> 3.412746 | AD46: =Z46/1000 -> 44761.918
A47: 8월 | B47: 5760 | C47: 5605 | D47: =VLOOKUP($B$38,$S$21:$T$29,2,0)*B47 -> 806400 | E47: =VLOOKUP($B$38,$S$21:$T$29,2,0)*C47 -> 784700 | F47: ='3. 세부 운영내역'!AH27 -> 0 | G47: ='3. 세부 운영내역'!AH28 -> 0 | H47: =VLOOKUP($F$38,$S$21:$T$29,2,0)*F47 -> 0 | I47: 0 | J47: 0 | K47: 520 | L47: =VLOOKUP($J$38,$S$21:$T$29,2,0)*J47 -> 0 | M47: =VLOOKUP($J$38,$S$21:$T$29,2,0)*K47 -> 301600 | N47: 0 | O47: 0 | P47: =VLOOKUP($N$38,$S$21:$T$29,2,0)*N47 -> 0 | Q47: =VLOOKUP($N$38,$S$21:$T$29,2,0)*O47 -> 0 | R47: 0 | S47: 0 | T47: 0 | U47: 0 | V47: 0 | W47: 0 | X47: =B30+F30+J30+N30+B47+F47+J47+N47+R47+T47 -> 89770 | Y47: =C30+G30+K30+O30+C47+G47+K47+O47 -> 95240 | Z47: =D30+H30+L30+P30+D47+H47+L47+P47+S47+U47 -> 43287763 | AA47: =SUM(E30,I30,M30,Q30,E47,I47,M47,Q47) -> 45477127 | AB47: =IFERROR((Z47/D12)/1000," ") -> 7.3222347 | AC47: =IFERROR((Z47/F12)/1000," ") -> 3.6080352 | AD47: =Z47/1000 -> 43287.763
A48: 9월 | B48: 5760 | C48: 6000 | D48: =VLOOKUP($B$38,$S$21:$T$29,2,0)*B48 -> 806400 | E48: =VLOOKUP($B$38,$S$21:$T$29,2,0)*C48 -> 840000 | F48: 0 | G48: 0 | H48: =VLOOKUP($F$38,$S$21:$T$29,2,0)*F48 -> 0 | I48: 0 | J48: 0 | K48: 700 | L48: =VLOOKUP($J$38,$S$21:$T$29,2,0)*J48 -> 0 | M48: =VLOOKUP($J$38,$S$21:$T$29,2,0)*K48 -> 406000 | N48: 0 | O48: 0 | P48: 0 | Q48: 0 | R48: 0 | S48: 0 | T48: 0 | U48: 0 | V48: 0 | W48: 0 | X48: =B31+F31+J31+N31+B48+F48+J48+N48+R48+T48 -> 119780 | Y48: =C31+G31+K31+O31+C48+G48+K48+O48+R48 -> 118352 | Z48: =D31+H31+L31+P31+D48+H48+L48+P48+S48+U48 -> 53805273 | AA48: =SUM(E31,I31,M31,Q31,E48,I48,M48,Q48,S48) -> 52665278 | AB48: =IFERROR((Z48/D13)/1000," ") -> 7.0468437 | AC48: =IFERROR((Z48/F13)/1000," ") -> 3.5141506 | AD48: =Z48/1000 -> 53805.273
A49: 10월 | B49: ='3. 세부 운영내역'!AH33 -> 7200 | C49: ='3. 세부 운영내역'!AH34 -> 6020 | D49: =VLOOKUP($B$38,$S$21:$T$29,2,0)*B49 -> 1008000 | E49: =VLOOKUP($B$38,$S$21:$T$29,2,0)*C49 -> 842800 | F49: 0 | G49: 0 | H49: =VLOOKUP($F$38,$S$21:$T$29,2,0)*F49 -> 0 | I49: 0 | J49: 0 | K49: ='3. 세부 운영내역'!AH31 -> 560 | L49: =VLOOKUP($J$38,$S$21:$T$29,2,0)*J49 -> 0 | M49: =VLOOKUP($J$38,$S$21:$T$29,2,0)*K49 -> 324800 | N49: 0 | O49: 0 | P49: =VLOOKUP($N$38,$S$21:$T$29,2,0)*N49 -> 0 | Q49: =VLOOKUP($N$38,$S$21:$T$29,2,0)*O49 -> 0 | R49: 0 | S49: 0 | T49: 0 | U49: 0 | V49: 0 | W49: 0 | X49: =B32+F32+J32+N32+B49+F49+J49+N49+R49+T49 -> 112640 | Y49: =C32+G32+K32+O32+C49+G49+K49+O49 -> 106877 | Z49: =D32+H32+L32+P32+D49+H49+L49+P49+S49+U49 -> 49294800 | AA49: =SUM(E32,I32,M32,Q32,E49,I49,M49,Q49) -> 49461660 | AB49: =IFERROR((Z49/D14)/1000," ") -> 7.2793031 | AC49: =IFERROR((Z49/F14)/1000," ") -> 3.4657049 | AD49: =Z49/1000 -> 49294.8
A50: 11월 | F50: ='3. 세부 운영내역'!AI27 -> 0 | G50: ='3. 세부 운영내역'!AI28 -> 0 | H50: =VLOOKUP($F$38,$S$21:$T$29,2,0)*F50 -> 0 | I50: 0 | L50: =VLOOKUP($J$38,$S$21:$U$29,3,0)*J50 -> 0 | M50: =VLOOKUP($J$38,$S$21:$U$29,3,0)*K50 -> 0 | O50: 0 | P50: =VLOOKUP($N$38,$S$21:$T$29,2,0)*N50 -> 0 | Q50: =VLOOKUP($N$38,$S$21:$T$29,2,0)*O50 -> 0 | R50: 0 | S50: 0 | T50: 0 | U50: 0 | V50: 0 | W50: 0 | X50: =B33+F33+J33+N33+B50+F50+J50+N50+R50+T50 -> 0 | Y50: =C33+G33+K33+O33+C50+G50+K50+O50 -> 0 | Z50: =D33+H33+L33+P33+D50+H50+L50+P50+S50+U50 -> 0 | AA50: =SUM(E33,I33,M33,Q33,E50,I50,M50,Q50) -> 0 | AB50: =IFERROR((Z50/D15)/1000," ") | AC50: =IFERROR((Z50/F15)/1000," ") | AD50: =Z50/1000 -> 0
A51: 12월 | F51: 0 | G51: 0 | H51: =VLOOKUP($F$38,$S$21:$T$29,2,0)*F51 -> 0 | I51: =H51*100000 -> 0 | L51: =VLOOKUP($J$38,$S$21:$T$29,2,0)*J51 -> 0 | M51: =VLOOKUP($J$38,$S$21:$U$29,3,0)*K51 -> 0 | O51: 0 | P51: =VLOOKUP($N$38,$S$21:$T$29,2,0)*N51 -> 0 | Q51: =VLOOKUP($N$38,$S$21:$T$29,2,0)*O51 -> 0 | R51: 0 | S51: ='3. 세부 운영내역'!AK41 -> 0 | T51: 0 | U51: ='3. 세부 운영내역'!AK42 -> 0 | V51: ='3. 세부 운영내역'!AH43 -> 0 | W51: ='3. 세부 운영내역'!AK43 -> 0 | X51: =B34+F34+J34+N34+B51+F51+J51+N51+R51+T51+V51 -> 0 | Y51: =C34+G34+K34+O34+C51+G51+K51+O51+V51 -> 0 | Z51: =D34+H34+L34+P34+D51+H51+L51+P51+S51+U51+W51 -> 0 | AA51: =SUM(E34,I34,M34,Q34,E51,I51,M51,Q51,W51) -> 0 | AB51: =IFERROR((Z51/D16)/1000," ") | AC51: =IFERROR((Z51/F16)/1000," ") | AD51: =Z51/1000 -> 0
A52: 합계 | B52: =SUM(B40:B51) -> 55905 | C52: =SUM(C40:C51) -> 56425 | D52: =SUM(D40:D51) -> 7826700 | E52: =SUM(E40:E51) -> 7899500 | F52: =SUM(F40:F51) -> 0 | G52: =SUM(G40:G51) -> 0 | H52: =SUM(H40:H51) -> 0 | I52: =SUM(I40:I51) -> 0 | ... Q52: =SUM(Q40:Q51) -> 0 | R52: 0 | S52: =SUM(S40:S51) -> 0 | V52: =SUM(V40:V51) -> 0 | W52: =SUM(W40:W51) -> 0 | X52: =SUM(X40:X51) -> 1068765 | Y52: =SUM(Y40:Y51) -> 1044732 | Z52: =SUM(Z40:Z51) -> 487754596 | AA52: =SUM(AA40:AA51) -> 4.8318003e+08
A53: 평균 | B53: =AVERAGE(B40:B51) -> 5590.5 | C53: =AVERAGE(C40:C51) -> 5642.5 | D53: =AVERAGE(D40:D51) -> 782670 | E53: =AVERAGE(E40:E51) -> 789950 | F53: =AVERAGE(F40:F51) -> 0 | G53: =AVERAGE(G40:G51) -> 0 | H53: =AVERAGE(H40:H51) -> 0 | I53: =AVERAGE(I40:I51) -> 0 | ... Q53: =AVERAGE(Q40:Q51) -> 0 | R53: 0 | S53: =AVERAGE(S40:S51) -> 0 | V53: =AVERAGE(V40:V51) -> 0 | W53: =AVERAGE(W40:W51) -> 0 | X53: =AVERAGE(X40:X51) -> 89063.75 | Y53: =AVERAGE(Y40:Y51) -> 87061 | Z53: =AVERAGE(Z40:Z51) -> 40646216 | AA53: =AVERAGE(AA40:AA51) -> 40265003 | AB53: =AVERAGE(AB40:AB51) -> 7.6916716 | AC53: =AVERAGE(AC40:AC51) -> 3.8634468
A55: 3. 유틸리티 사용량 / 운영비 (자체 운영비)
A56: =A3 -> 2025년도 | B56: SRF수입금 | D56: 자체 운영비용 (천원) | W56: 자체 운영비 소계(천원) | X56: 자체 운영단가 (천원/톤) | Z56: 총 계(천원) (실 구매비용 기준) | AA56: 처리 원단위(천원/톤) (실 구매비용 기준)
B57: 입고량 | C57: 수입금 | D57: 전력사용량 | E57: 전력단가 | F57: 사용비용 | G57: 재이용수 | H57: 처리단가 | I57: 사용비용 | J57: 복류수 | K57: 처리단가 | L57: 사용비용 | M57: 폐수 | N57: 처리단가 | O57: 사용비용 | P57: 비산재 처리량 | Q57: 비산재 처리금액 | R57: 바닥재 처리량 | S57: 바닥재 처리금액 | T57: 폐토사 처리량 | U57: 폐토사 처리금액 | V57: 폐기물처분부담금 | X57: 소각량 | Y57: 스팀량 | AA57: 소각량 | AB57: 스팀량
A58: 1월 | B58: 1641.19 | C58: 56456.11 | D58: 559071 | E58: 194.06 | F58: =D58*E58/1000 -> 108493.32 | G58: 17609.4 | H58: 49.81 | I58: =G58*H58/1000 -> 877.12421 | J58: 4736 | K58: 49.81 | L58: =J58*K58/1000 -> 235.90016 | M58: 7748 | N58: 536.95 | O58: =M58*N58/1000 -> 4160.2886 | P58: 1091.18 | Q58: 29753.36 | R58: 162.39 | S58: 6657.99 | T58: 0 | U58: 0 | V58: =B5*1.192*10 -> 52033.184 | W58: =SUM(-C58,F58,I58,L58,O58,Q58,S58,V58) -> 145755.06 | X58: =IFERROR(W58/D5," ") -> 24.213356 | Y58: =IFERROR(W58/F5," ") -> 12.576366 | Z58: =SUM(-C58,AD40,F58,I58,L58,O58,Q58,S58,U58,V58) -> 194747.98 | AA58: =IFERROR((Z58/D5)," ") -> 32.352238 | AB58: =IFERROR(Z58/F5," ") -> 16.803685 | AC58: =AB58*1000 -> 16803.685 | AD58: =Y58*1000 -> 12576.366
A59: 2월 | B59: 1574.43 | C59: 53560.09 | D59: 522306 | E59: 195.36 | F59: =D59*E59/1000 -> 102037.7 | G59: 10514.64 | H59: 50.21 | I59: =G59*H59/1000 -> 527.94007 | J59: 4517.1 | K59: 50.21 | L59: =J59*K59/1000 -> 226.80359 | M59: 7748 | N59: 503.72 | O59: =M59*N59/1000 -> 3902.8226 | P59: 1008.09 | Q59: 27511.01 | R59: 157.28 | S59: 6448.48 | T59: 0 | U59: 0 | V59: =B6*1.192*10 -> 55429.192 | W59: =SUM(-C59,F59,I59,L59,O59,Q59,S59,V59) -> 142523.86 | X59: =IFERROR(W59/D6," ") -> 23.16783 | Y59: =IFERROR(W59/F6," ") -> 12.329587 | Z59: =SUM(-C59,AD41,F59,I59,L59,O59,Q59,S59,U59,V59) -> 198311.24 | AA59: =IFERROR((Z59/D6)," ") -> 32.236296 | AB59: =IFERROR(Z59/F6," ") -> 17.155694 | AC59: =AB59*1000 -> 17155.694 | AD59: =Y59*1000 -> 12329.587
A60: 3월 | B60: 1845.54 | C60: 62877.92 | D60: 560142 | E60: 167.95 | F60: =D60*E60/1000 -> 94075.849 | G60: 10924.2 | H60: 44.03 | I60: =G60*H60/1000 -> 480.99253 | J60: 4876.5 | K60: 44.03 | L60: =J60*K60/1000 -> 214.7123 | M60: 7748 | N60: 472.57 | O60: =M60*N60/1000 -> 3661.4724 | P60: 1088.28 | Q60: 30911.47 | R60: 274.5 | S60: 11254.5 | T60: 0 | U60: 0 | V60: =B7*1.192*10 -> 65948.592 | W60: =SUM(-C60,F60,I60,L60,O60,Q60,S60,V60) -> 143669.67 | X60: =IFERROR(W60/D7," ") -> 19.791588 | Y60: =IFERROR(W60/F7," ") -> 11.40833 | Z60: =SUM(-C60,AD42,F60,I60,L60,O60,Q60,S60,U60,V60) -> 191656.63 | AA60: =IFERROR((Z60/D7)," ") -> 26.402156 | AB60: =IFERROR(Z60/F7," ") -> 15.218816 | AC60: =AB60*1000 -> 15218.816 | AD60: =Y60*1000 -> 11408.33
A61: 4월 | B61: 1657.87 | C61: 56573.97 | D61: 544590 | E61: 165.9 | F61: =D61*E61/1000 -> 90347.481 | G61: 9332.4 | H61: 44.56 | I61: =G61*H61/1000 -> 415.85174 | J61: 4538.1 | K61: 44.56 | L61: =J61*K61/1000 -> 202.21774 | M61: 7748 | N61: 497.43 | O61: =M61*N61/1000 -> 3854.0876 | P61: 954.02 | Q61: 24567.36 | R61: 138.27 | S61: 5669.07 | T61: 0 | U61: 0 | V61: =B8*1.192*10 -> 54107.264 | W61: =SUM(-C61,F61,I61,L61,O61,Q61,S61,V61) -> 122589.36 | X61: =IFERROR(W61/D8," ") -> 19.762718 | Y61: =IFERROR(W61/F8," ") -> 10.596916 | Z61: =SUM(-C61,AD43,F61,I61,L61,O61,Q61,S61,U61,V61) -> 173649.25 | AA61: =IFERROR((Z61/D8)," ") -> 27.994119 | AB61: =IFERROR(Z61/F8," ") -> 15.010654 | AC61: =AB61*1000 -> 15010.654 | AD61: =Y61*1000 -> 10596.916
A62: 5월 | B62: 2006.26 | C62: 68723.14 | D62: 575547 | E62: 175.67809 | F62: =D62*E62/1000 -> 101111 | G62: 11592.5 | H62: 44.6 | I62: =G62*H62/1000 -> 517.0255 | J62: 1914.6 | K62: 44.6 | L62: =J62*K62/1000 -> 85.39116 | M62: 7748 | N62: 521.34 | O62: =M62*N62/1000 -> 4039.3423 | P62: 1126.13 | Q62: 37082.46 | R62: 175.26 | S62: 7185.66 | T62: 0 | U62: 0 | V62: =B9*1.192*10 -> 58885.992 | W62: =SUM(-C62,F62,I62,L62,O62,Q62,S62,V62) -> 140183.73 | X62: =IFERROR(W62/D9," ") -> 20.113626 | Y62: =IFERROR(W62/F9," ") -> 10.245551 | Z62: =SUM(-C62,AD44,F62,I62,L62,O62,Q62,S62,U62,V62) -> 190459.64 | AA62: =IFERROR((Z62/D9)," ") -> 27.327237 | AB62: =IFERROR(Z62/F9," ") -> 13.920046 | AC62: =AB62*1000 -> 13920.046 | AD62: =Y62*1000 -> 10245.551
A63: 6월 | B63: 1804.43 | C63: 62103.51 | D63: 541122 | E63: 192.67 | F63: =D63*E63/1000 -> 104257.98 | G63: 9137.5 | H63: 49.34 | I63: =G63*H63/1000 -> 450.84425 | J63: 1777.3 | K63: 49.34 | L63: =J63*K63/1000 -> 87.691982 | M63: 7748 | N63: 570.61 | O63: =M63*N63/1000 -> 4421.0863 | P63: 938.6 | Q63: 28712.32 | R63: 187.21 | S63: 7675.61 | T63: 0 | U63: 0 | V63: =B10*1.192*10 -> 41905.952 | W63: =SUM(-C63,F63,I63,L63,O63,Q63,S63,V63) -> 125407.97 | X63: =IFERROR(W63/D10," ") -> 24.022095 | Y63: =IFERROR(W63/F10," ") -> 10.863382 | Z63: =SUM(-C63,AD45,F63,I63,L63,O63,Q63,S63,U63,V63) -> 167909.73 | AA63: =IFERROR((Z63/D10)," ") -> 32.163375 | AB63: =IFERROR(Z63/F10," ") -> 14.545069 | AC63: =AB63*1000 -> 14545.069 | AD63: =Y63*1000 -> 10863.382
A64: 7월 | B64: 1872.44 | C64: 64373.44 | D64: 589522 | E64: 196.56 | F64: =D64*E64/1000 -> 115876.44 | G64: 13388.9 | H64: 50.18 | I64: =G64*H64/1000 -> 671.855 | J64: 1813.5 | K64: 50.18 | L64: =J64*K64/1000 -> 91.00143 | M64: 7748 | N64: 570.26 | O64: =M64*N64/1000 -> 4418.3745 | P64: 1127.86 | Q64: 33911.51 | R64: 189.81 | S64: 7782.21 | T64: 0 | U64: 0 | V64: =B11*1.192*10 -> 45726.312 | W64: =SUM(-C64,F64,I64,L64,O64,Q64,S64,V64) -> 144104.27 | X64: =IFERROR(W64/D11," ") -> 25.317374 | Y64: =IFERROR(W64/F11," ") -> 10.986823 | Z64: =SUM(-C64,AD46,F64,I64,L64,O64,Q64,S64,U64,V64) -> 188866.19 | AA64: =IFERROR((Z64/D11)," ") -> 33.181501 | AB64: =IFERROR(Z64/F11," ") -> 14.399569 | AC64: =AB64*1000 -> 14399.569 | AD64: =Y64*1000 -> 10986.823
A65: 8월 | B65: 1699.82 | C65: 65427.4 | D65: 556489 | E65: 191.4 | F65: =D65*E65/1000 -> 106511.99 | G65: 13464.8 | H65: 49.14 | I65: =G65*H65/1000 -> 661.66027 | J65: 1744.6 | K65: 49.14 | L65: =J65*K65/1000 -> 85.729644 | M65: 7748 | N65: 532.9 | O65: =M65*N65/1000 -> 4128.9092 | P65: 979.33 | Q65: 31242.3 | R65: 131.73 | S65: 5400.93 | T65: 0 | U65: ='3. 세부 운영내역'!AK63/1000 -> 0 | V65: =B12*1.192*10 -> 50922.24 | W65: =SUM(-C65,F65,I65,L65,O65,Q65,S65,V65) -> 133526.36 | X65: =IFERROR(W65/D12," ") -> 22.586323 | Y65: =IFERROR(W65/F12," ") -> 11.129423 | Z65: =SUM(-C65,AD47,F65,I65,L65,O65,Q65,S65,U65,V65) -> 176814.13 | AA65: =IFERROR((Z65/D12)," ") -> 29.908557 | AB65: =IFERROR(Z65/F12," ") -> 14.737458 | AC65: =AB65*1000 -> 14737.458 | AD65: =Y65*1000 -> 11129.423
A66: 9월 | B66: 2207.4 | C66: 84562.99 | D66: 601212 | E66: 169.42 | F66: =D66*E66/1000 -> 101857.34 | G66: 13611.5 | H66: 44.38 | I66: =G66*H66/1000 -> 604.07837 | J66: 1939.6 | K66: 44.38 | L66: =J66*K66/1000 -> 86.079448 | M66: 7748 | N66: 465.52 | O66: =M66*N66/1000 -> 3606.849 | P66: 1213.91 | Q66: 39262.29 | R66: 201.15 | S66: 8247.15 | T66: 0 | U66: 0 | V66: =B13*1.192*10 -> 65266.768 | W66: =SUM(-C66,F66,I66,L66,O66,Q66,S66,V66) -> 134367.56 | X66: =IFERROR(W66/D13," ") -> 17.598037 | Y66: =IFERROR(W66/F13," ") -> 8.7758656 | Z66: =SUM(-C66,AD48,F66,I66,L66,O66,Q66,S66,U66,V66) -> 188172.83 | AA66: =IFERROR((Z66/D13)," ") -> 24.644881 | AB66: =IFERROR(Z66/F13," ") -> 12.290016 | AC66: =AB66*1000 -> 12290.016 | AD66: =Y66*1000 -> 8775.8656
A67: 10월 | B67: ='3. 세부 운영내역'!AH46 -> 2101.19 | C67: =-'3. 세부 운영내역'!AK46/1000 -> 72265.53 | D67: ='3. 세부 운영내역'!AH65 -> 606789 | E67: ='3. 세부 운영내역'!AJ65 -> 168.27 | F67: =D67*E67/1000 -> 102104.39 | G67: ='3. 세부 운영내역'!AH74 -> 12938.3 | H67: ='3. 세부 운영내역'!AJ74 -> 44.06 | I67: =G67*H67/1000 -> 570.0615 | J67: ='3. 세부 운영내역'!AH75 -> 1995.3 | K67: =H67 -> 44.06 | L67: =J67*K67/1000 -> 87.912918 | M67: 7748 | N67: ='3. 세부 운영내역'!AJ78 -> 481.83 | O67: =M67*N67/1000 -> 3733.2188 | P67: =SUM('3. 세부 운영내역'!AH49:AH56) -> 1303.92 | Q67: =SUM('3. 세부 운영내역'!AK49:AK56)/1000 -> 44112.35 | R67: =SUM('3. 세부 운영내역'!AH61:AH62) -> 154.46 | S67: =SUM('3. 세부 운영내역'!AK61:AK62)/1000 -> 6332.86 | T67: 0 | U67: 0 | V67: =B14*1.192*10 -> 56440.008 | W67: =SUM(-C67,F67,I67,L67,O67,Q67,S67,V67) -> 141115.27 | X67: =IFERROR(W67/D14," ") -> 20.83832 | Y67: =IFERROR(W67/F14," ") -> 9.921206 | Z67: =SUM(-C67,AD49,F67,I67,L67,O67,Q67,S67,U67,V67) -> 190410.07 | AA67: =IFERROR((Z67/D14)," ") -> 28.117623 | AB67: =IFERROR(Z67/F14," ") -> 13.386911 | AC67: =AB67*1000 -> 13386.911 | AD67: =Y67*1000 -> 9921.206
A68: 11월 | F68: =D68*E68/1000 -> 0 | I68: =G68*H68/1000 -> 0 | K68: =H68 -> 0 | L68: =J68*K68/1000 -> 0 | M68: 7748 | O68: =M68*N68/1000 -> 0 | T68: 0 | U68: 0 | V68: =B15*1.192*10 -> 0 | W68: =SUM(-C68,F68,I68,L68,O68,Q68,S68,V68) -> 0 | X68: =IFERROR(W68/D15," ") | Y68: =IFERROR(W68/F15," ") | Z68: =SUM(-C68,AD50,F68,I68,L68,O68,Q68,S68,U68,V68) -> 0 | AA68: =IFERROR((Z68/D15)," ") | AB68: =IFERROR(Z68/F15," ") | AC68: =AB68*1000 -> #VALUE! | AD68: =Y68*1000 -> #VALUE!
A69: 12월 | F69: =D69*E69/1000 -> 0 | I69: =G69*H69/1000 -> 0 | K69: =H69 -> 0 | L69: =J69*K69/1000 -> 0 | M69: 7748 | O69: =M69*N69/1000 -> 0 | T69: 0 | U69: 0 | V69: =B16*1.192*10 -> 0 | W69: =SUM(-C69,F69,I69,L69,O69,Q69,S69,V69) -> 0 | X69: =IFERROR(W69/D16," ") | Y69: =IFERROR(W69/F16," ") | Z69: =SUM(-C69,AD51,F69,I69,L69,O69,Q69,S69,U69,V69) -> 0 | AA69: =IFERROR((Z69/D16)," ") | AB69: =IFERROR(Z69/F16," ") | AC69: =AB69*1000 -> #VALUE! | AD69: =Y69*1000 -> #VALUE!
A70: 합계 | B70: =SUM(B58:B69) -> 18410.57 | C70: =SUM(C58:C69) -> 646924.1 | D70: =SUM(D58:D69) -> 5656790 | E70: =SUM(E58:E69) -> 1817.2681 | F70: =SUM(F58:F69) -> 1026673.5 | G70: =SUM(G58:G69) -> 122514.14 | H70: =SUM(H58:H69) -> 470.31 | I70: =SUM(I58:I69) -> 5777.4335 | ... V70: =SUM(V58:V69) -> 546665.5 | Z70: =SUM(Z58:Z69) -> 1860997.7
A71: 평균 | B71: =AVERAGE(B58:B69) -> 1841.057 | C71: =AVERAGE(C58:C69) -> 64692.41 | D71: =AVERAGE(D58:D69) -> 565679 | E71: =AVERAGE(E58:E69) -> 181.72681 | F71: =AVERAGE(F58:F69) -> 85556.123 | G71: =AVERAGE(G58:G69) -> 12251.414 | H71: =AVERAGE(H58:H69) -> 47.031 | I71: =AVERAGE(I58:I69) -> 481.45279 | ... V71: =AVERAGE(V58:V69) -> 45555.459 | Z71: =AVERAGE(Z58:Z69) -> 155083.14 | AA71: =AVERAGE(AA58:AA69) -> 29.432798 | AB71: =AVERAGE(AB58:AB69) -> 14.746792

Sheet 4. SRF입고내역
N3: [단위 : Kg, 원]
A4: 품 명 | B4: 구 분 | C4: 대일인터내셔널 | D4: 그린플러스 | E4: 대림종합개발 | F4: 케이제이환경 | G4: 태창 | H4: 평일 | I4: 케이엠 | J4: 두제 | K4: 세종스틸 | L4: 리에나 | M4: 합 계 | N4: 누 계
A5: SRF (비성형) | B5: 45931 | C5: 24460 | D5: 22010 | E5: 0 | G5: 25650 | H5: 0 | I5: 0 | J5: 0 | K5: 0 | L5: 0 | M5: =SUM(C5:L5) -> 72120 | N5: =M5 -> 72120
B6: 45932 | C6: 23300 | D6: 0 | E6: 0 | G6: 0 | H6: 20660 | I6: 20410 | J6: 0 | K6: 23280 | L6: 0 | M6: =SUM(C6:L6) -> 87650 | N6: =N5+M6 -> 159770
B7: 45933 | C7: 20060 | D7: 0 | E7: 0 | G7: 24330 | H7: 0 | I7: 22780 | J7: 0 | K7: 0 | L7: 0 | M7: =SUM(C7:L7) -> 67170 | N7: =N6+M7 -> 226940
B8: 45934 | C8: 20810 | D8: 0 | E8: 0 | G8: 0 | H8: 0 | I8: 0 | J8: 38730 | K8: 0 | L8: 0 | M8: =SUM(C8:L8) -> 59540 | N8: =N7+M8 -> 286480
B9: 45935 | C9: 45880 | D9: 0 | E9: 0 | G9: 0 | H9: 0 | I9: 0 | J9: 0 | K9: 0 | L9: 0 | M9: =SUM(C9:L9) -> 45880 | N9: =N8+M9 -> 332360
B10: 45936 | D10: 0 | E10: 0 | G10: 0 | H10: 0 | J10: 0 | K10: 0 | L10: 0 | M10: =SUM(C10:L10) -> 0 | N10: =N9+M10 -> 332360
B11: 45937 | C11: 0 | D11: 0 | E11: 0 | G11: 0 | H11: 0 | I11: 0 | J11: 0 | K11: 0 | L11: 0 | M11: =SUM(C11:L11) -> 0 | N11: =N10+M11 -> 332360
B12: 45938 | C12: 21100 | D12: 0 | E12: 0 | G12: 0 | H12: 0 | I12: 43160 | J12: 0 | K12: 0 | L12: 0 | M12: =SUM(C12:L12) -> 64260 | N12: =N11+M12 -> 396620
B13: 45939 | C13: 23460 | D13: 0 | E13: 16200 | G13: 0 | H13: 0 | I13: 0 | J13: 0 | K13: 0 | L13: 0 | M13: =SUM(C13:L13) -> 39660 | N13: =N12+M13 -> 436280
B14: 45940 | C14: 19880 | D14: 0 | E14: 14790 | G14: 28020 | H14: 0 | I14: 0 | J14: 0 | K14: 0 | L14: 0 | M14: =SUM(C14:L14) -> 62690 | N14: =N13+M14 -> 498970
B15: 45941 | C15: 21940 | D15: 0 | E15: 0 | G15: 0 | H15: 0 | I15: 22150 | J15: 19260 | K15: 23570 | L15: 0 | M15: =SUM(C15:L15) -> 86920 | N15: =N14+M15 -> 585890
B16: 45942 | C16: 47900 | D16: 0 | E16: 0 | G16: 0 | H16: 0 | I16: 0 | J16: 0 | K16: 0 | L16: 23190 | M16: =SUM(C16:L16) -> 71090 | N16: =N15+M16 -> 656980
B17: 45943 | C17: 21750 | D17: 0 | E17: 0 | G17: 24420 | H17: 0 | I17: 0 | J17: 20760 | K17: 0 | L17: 0 | M17: =SUM(C17:L17) -> 66930 | N17: =N16+M17 -> 723910
B18: 45944 | C18: 21140 | D18: 0 | E18: 17900 | G18: 0 | H18: 25020 | I18: 0 | J18: 0 | K18: 0 | L18: 0 | M18: =SUM(C18:L18) -> 64060 | N18: =N17+M18 -> 787970
B19: 45945 | C19: 20310 | D19: 0 | E19: 0 | G19: 23350 | H19: 0 | I19: 21670 | J19: 0 | K19: 0 | L19: 0 | M19: =SUM(C19:L19) -> 65330 | N19: =N18+M19 -> 853300
B20: 45946 | C20: 24180 | D20: 0 | E20: 0 | G20: 0 | H20: 25640 | I20: 22820 | J20: 0 | K20: 0 | L20: 0 | M20: =SUM(C20:L20) -> 72640 | N20: =N19+M20 -> 925940
B21: 45947 | C21: 23900 | D21: 0 | E21: 19550 | G21: 24470 | H21: 0 | I21: 0 | J21: 0 | K21: 0 | L21: 0 | M21: =SUM(C21:L21) -> 67920 | N21: =N20+M21 -> 993860
B22: 45948 | C22: 25340 | D22: 0 | E22: 0 | G22: 0 | H22: 0 | I22: 41070 | J22: 0 | K22: 0 | L22: 0 | M22: =SUM(C22:L22) -> 66410 | N22: =N21+M22 -> 1060270
... B34: 45960 | C34: 21750 | D34: 0 | E34: 0 | G34: 0 | H34: 23070 | I34: 23070 | J34: 0 | K34: 0 | L34: 0 | M34: =SUM(C34:L34) -> 67890 | N34: =N33+M34 -> 2017630
B35: 45961 | C35: 22990 | E35: 14330 | G35: 22450 | K35: 23790 | M35: =SUM(C35:L35) -> 83560 | N35: =N34+M35 -> 2101190
B36: 합 계 | C36: =SUM(C5:C35) -> 739760 | D36: =SUM(D5:D35) -> 109700 | E36: =SUM(E5:E35) -> 95660 | F36: =SUM(F5:F35) -> 0 | G36: =SUM(G5:G35) -> 261760 | H36: =SUM(H5:H35) -> 157650 | I36: =SUM(I5:I35) -> 446290 | J36: =SUM(J5:J35) -> 78750 | ... M36: =SUM(M5:M35) -> 2101190
B37: 처리단가 | C37: 33000 | D37: 35000 | E37: 33000 | F37: 30000 | G37: 35000 | H37: 35000 | I37: 35000 | J37: 43000 | K37: 33000 | L37: 37000 | M37: =M38/M36*1000 -> 34392.668
B38: 처리비용 | C38: =C36*C37/1000 -> 24412080 | D38: =D36*D37/1000 -> 3839500 | E38: =E36*E37/1000 -> 3156780 | F38: =F36*F37/1000 -> 0 | G38: =G36*G37/1000 -> 9161600 | H38: =H36*H37/1000 -> 5517750 | I38: =I36*I37/1000 -> 15620150 | J38: =J36*J37/1000 -> 3386250 | ... L38: =L36*L37/1000 -> 1738630 | M38: =SUM(C38:L38) -> 72265530

Sheet 5. 설비개선 비용현황
B2: 1. '24년 설비개선 T.F.T
B5: 월 | C5: 지급액 | D5: 사용액 | E5: 잔 액 | F5: 사용처 | H5: 구 분 | I5: No. | J5: Item | K5: 계획비용(백만원) | L5: 실 비용(원) | M5: 완료여부
B6: 1 | C6: 50000000 | D6: 2625500 | E6: =C6-D6 -> 47374500 | F6: '23년 I.D Fan Power Cell 및 고압인버터용 GDB 구입비용 차액 정산 | H6: 설비 개선 | I6: 1 | J6: 탄산암모늄 및 희석수 탱크 이설 및 라인 개선 | K6: 140
B7: 2 | C7: 50000000 | D7: 0 | E7: =E6+C7-D7 -> 97374500 | F7: - | I7: 2 | J7: 에너지회수효율 계측기 추가 설치 및 검교정 | K7: 100
B8: 3 | C8: 50000000 | D8: 0 | E8: =E7+C8-D8 -> 147374500 | F8: - | I8: 3 | J8: 컴프레셔 토출 덕트 라인 개선 | K8: 14
B9: 4 | C9: 50000000 | D9: =15000000+4625000+1300000 -> 20925000 | E9: =E8+C9-D9 -> 176449500 | F9: 백필터 펄싱 배관 (15백만원) + 펄싱밸브 구매 (4.6백만원) +HMI점검 (1.3백만원) | I9: 4 | J9: 습식세정탑 보충수 공급 배관 개선 (여과집진기 공사비용에 포함) | K9: 3 | L9: 0 | M9: 완료
B10: 5 | C10: 50000000 | D10: 950000 | E10: =E9+C10-D10 -> 225499500 | F10: 유인송풍기 PID점검(지아이) | H10: 유지 보수 | I10: 1 | J10: 2차 연소실 내화물 보수 | K10: 260
B11: 6 | C11: 50000000 | E11: =E10+C11-D11 -> 275499500 | I11: 2 | J11: 압입송풍기 모터 및 임펠러 교체 | K11: 40
B12: 7 | E12: =E11+C12-D12 -> 275499500 | I12: 3 | J12: 산기관 교체 | K12: 30
B13: 8 | E13: =E12+C13-D13 -> 275499500 | I13: 4 | J13: 여과집진기 역세 노즐 교체 (펄스V/V구매비 4.6백만원 추가) | K13: 13 | L13: =15000000+4625000 -> 19625000 | M13: 완료
B14: 9 | E14: =E13+C14-D14 -> 275499500 | H14: 추진건수 | I14: =COUNTA(I6:I13) -> 8 | J14: 완료건수 | K14: =SUM(K6:K13) -> 600 | L14: =SUM(L6:L13) -> 19625000 | M14: =COUNTA(M6:M13) -> 2
B15: 10 | E15: =E14+C15-D15 -> 275499500
B16: 11 | E16: =E15+C16-D16 -> 275499500
B17: 12 | E17: =E16+C17-D17 -> 275499500
B18: 총 액 | C18: =SUM(C6:C17) -> 300000000 | D18: =SUM(D6:D17) -> 24500500 | E18: =C18-D18 -> 275499500

Sheet 5. 25년 설비개선리스트
B2: 1. '25년 설비개선 T.F.T
B5: 월 | C5: 지급액 | D5: 사용액 | E5: 잔 액 | F5: 업체명 | G5: 사용처 | I5: 구 분 | J5: No. | K5: Item | L5: 계획비용(백만원) | M5: 실 비용(원) | N5: 완료여부
B6: 1 | C6: 50000000 | D6: 0 | E6: =C6-D6 -> 50000000 | I6: 설비 개선 | J6: 1 | K6: 컴프레셔 수냉식 쿨러 설치 | L6: 12 | M6: =D17+D19 -> 10250000 | N6: 완료
B7: 2 | C7: 50000000 | D7: 41520000 | E7: =E6+C7-D7 -> 58480000 | F7: 케이앤이 | G7: 기관실 에너지회수효율 개선공사 | J7: 2 | K7: 컨베이어 롤 브러쉬 설치 | L7: 60
B8: 3 | C8: 50000000 | D8: 36000000 | E8: =E7+C8-D8 -> 72480000 | F8: 우진라페 | G8: 1차 연소실 내화물 보수공사 (50%) | J8: 3 | K8: 혼합연료호퍼 물분무 소화설비 설치 | L8: 17
B9: 4 | C9: 50000000 | D9: 5300000 | E9: =E8+C9-D9 -> 117180000 | F9: 지아이오토메이션 | G9: 유인송풍기 인터록 작업 | J9: 4 | K9: 습식세정탑 폴링 교체 및 덕트 보수 | L9: 40 | M9: =D13 -> 29000000 | O9: 덕트보수 건 추가 진행 필요
D10: 36000000 | E10: =E9+C10-D10 -> 81180000 | F10: 우진라페 | G10: 1차 연소실 내화물 보수공사 잔금 (50%) | J10: 5 | K10: 급수탱크 교체 및 급수 라인 내림관 설치 공사 | L10: 70
D11: 6350000 | E11: =E10+C11-D11 -> 74830000 | F11: 다올씨앤씨 | G11: 제어실 LED DID교체 계약금(50%) | J11: 6 | K11: 전기 분전반 설치 | L11: 37
D12: 6250000 | E12: =E11+C12-D12 -> 68580000 | F12: 거성산업 | G12: 혼합연료 로터리밸브 'B' 구매 계약금 (50%) | J12: 7 | K12: 탄산암모늄 공급 펌프 탱크 및 펌프 용량 개선 | L12: 120
B13: 5 | C13: 50000000 | D13: 29000000 | E13: =E12+C13-D13 -> 89580000 | F13: 와이티엔텍 | G13: 세정탑 폴링 교체 | I13: 유지 보수 | J13: 1 | K13: 소각로 산기관 교체 | L13: 59
D14: 6350000 | E14: =E13+C14-D14 -> 83230000 | F14: 다올씨앤씨 | G14: 제어실 LED DID교체 잔금(50%) | J14: 2 | K14: 압입송풍기 /유인송풍기 인터버 오버홀 | L14: 13 | M14: =D20 -> 12000000 | N14: 완료
D15: 6250000 | E15: =E14+C15-D15 -> 76980000 | F15: 거성산업 | G15: 혼합연료 로터리밸브 'B' 구매 잔금 (50%) | J15: 3 | K15: 보일러 드럼 하부 부식 개선 및 보온 | L15: 30
B16: 6 | C16: 50000000 | D16: 18100000 | E16: =E15+C16-D16 -> 108880000 | F16: 선드라이브 | G16: 압입 / 유인송풍기 인버터 스패어 구매 | J16: 4 | K16: 제어실 LED모니터 교체 | L16: 12 | M16: =(D11+D14) -> 12700000 | N16: 완료
B17: 7 | C17: 50000000 | D17: 5000000 | E17: =E16+C17-D17 -> 153880000 | F17: 정풍산업 | G17: 에어컴프레셔 수냉식 쿨러 설치 (A) | J17: 5 | K17: 소각로 내화물 보수 공사 | L17: 130 | M17: 72000000 | N17: 완료 | O17: 진척률
D18: 8490000 | E18: =E17+C18-D18 -> 145390000 | F18: 승현상사 | G18: 냉난방기 설치 | I18: 추진건수 | J18: =COUNTA(J6:J17) -> 12 | K18: 완료건수 | L18: =SUM(L6:L17) -> 600 | M18: =SUM(M6:M17) -> 135950000 | N18: =COUNTA(N6:N17) -> 4 | O18: =N18/J18 -> 0.33333333
B19: 8 | C19: 50000000 | D19: 5250000 | E19: =E18+C19-D19 -> 190140000 | F19: 정풍산업 | G19: 에어컴프레셔 수냉식 쿨러 설치 (B) | I19: 추가 작업사항 (개선비용처리) | J19: 1 | K19: =G7 -> 기관실 에너지회수효율 개선공사 | M19: =D7 -> 41520000 | N19: 완료
D20: 12000000 | E20: =E19+C20-D20 -> 178140000 | F20: 선드라이브 | G20: 압입 / 유인송풍기 인버터 오버홀 | J20: 2 | K20: 유인송풍기 HMI 인터록 설정 작업 | M20: =D9 -> 5300000 | N20: 완료
B21: 9 | C21: 50000000 | D21: 900000 | E21: =E20+C21-D21 -> 227240000 | F21: 지아이오토메이션 | G21: 유동상 PLC점검 및 HMI수정 출장비 | J21: 3 | K21: 혼합연료 로터리밸브 'B' 구매 | M21: 12500000 | N21: 완료
D22: 25750000 | E22: =E21+C22-D22 -> 201490000 | F22: 와이티엔텍 | G22: 유동상소각로 습식세정탑 노즐 배관 개선 공사 (계약금 50%) | J22: 4 | K22: =G16 -> 압입 / 유인송풍기 인버터 스패어 구매 | M22: =D16 -> 18100000 | N22: 완료
B23: 10 | C23: 50000000 | D23: 0 | E23: =E22+C23-D23 -> 251490000 | J23: 5 | K23: =G18 -> 냉난방기 설치 | M23: =D18 -> 8490000 | N23: 완료
B24: 11 | E24: =E23+C24-D24 -> 251490000 | J24: 6
B25: 12 | E25: =E24+C25-D25 -> 251490000 | J25: 7
B26: 총 액 | C26: =SUM(C6:C25) -> 500000000 | D26: =SUM(D6:D25) -> 248510000 | E26: =C26-D26 -> 251490000 | J26: 8
I27: 추가건수 | J27: =COUNTA(J19:J26) -> 8 | K27: 합계금액 | M27: =SUM(M19:M26) -> 85910000 | N27: =COUNTA(N19:N26) -> 5
L28: 총 계 | M28: =M18+M27 -> 221860000 | N28: =N27+N18&"건" -> 9건

Sheet 6. 25년 사고이력
B2: '25년 유동상소각로 설비 사고 이력
B4: No. | C4: 일 자 | D4: 사 유 | E4: 조치내역 | F4: 운휴시간(Hr) | G4: 손실금액(백만원) | H4: 비 고
B5: 1 | C5: 45666 | D5: 유인송풍기 인버터 트러블 불시 운휴 | E5: PLC A/O Module교체(전기팀) | F5: 3.8 | G5: 0.9 | H5: -
B6: 2 | C6: 45704 | D6: 유인송풍기 인버터 트러블 불시 운휴 및 혼합연료 이송컨베이어벨트 사행 발생 | E6: 인버터 점검(전기팀) 및 컨베이어벨트 이탈 방지용 가이드롤러 설치 | F6: 10 | G6: 5 | H6: -
B7: 3 | C7: 45736 | D7: 유인송풍기 인버터 트러블 불시 운휴 | E7: 토글스위치 접점 불량으로 케이블 우회 결선(전기팀) | F7: 14.3 | G7: 8.2 | H7: -
B8: 4 | C8: 45859 | D8: SRF투입 크레인 브레이크 코일 소손 | E8: 브레이크 코일 교체 (전기팀) | F8: 3.3 | G8: 0 | H8: -
B9: 5 | H9: -
B10: 6 | H10: -
B11: 7 | H11: -
B12: 발생횟수 | C12: =COUNTA(C5:C10) -> 4 | D12: 합 계 (Hr) | F12: =SUM(F5:F11) -> 31.4 | G12: =SUM(G5:G11) -> 14.1
D13: 합 계 (Day) | F13: =F12/24 -> 1.3083333
B17: 2. '25년 유동상소각로 정기 정비 이력
B19: No. | C19: 일 자 | D19: 사 유 | E19: 조치내역 | F19: 운휴시간(Hr) | G19: 비 고
B20: 1 | C20: 1/24~31 | D20: 보일러 정기정비 (제지 조단기간 이용 정비진행) | E20: 보일러 및 공기예열기 소제 및 점검 | F20: 174.5
B21: 2 | C21: 3/27~4/6 | D21: 보일러 정기정비 (제지 조단기간 이용 정비진행) | E21: 1차 연소실 내화물 보수 및 B/F클리닝 등 | F21: 229.67 | H21: 제지 조단기간 제외 시 31hr 추가운휴(4/5~6)
B22: 3 | C22: 6/10~16 | D22: 보일러 정기정비 (제지 조단기간 이용 정비진행) | E22: 보일러 및 공기예열기 소제 및 점검 | F22: 143
B23: 4 | C23: 8/16~21 | D23: 보일러 정기정비 | E23: 보일러 및 공기예열기 소제 및 점검, 인버터 오버홀 | F23: 145.5 | H23: 폐합성2호기 잦은 운휴로 정비기간 고정비 지급 처리로 합의
B30: 정비횟수 | C30: =COUNTA(C20:C29) -> 4 | D30: 합 계 (Hr) | F30: =SUM(F20:F29) -> 692.67
D31: 합 계 (Day) | F31: =F30/24 -> 28.86125
G32: 총 운휴시간 | H32: =F12+F30 -> 724.07
G33: 총 운휴일수 | H33: =H32/24 -> 30.169583
E34: .

Sheet 유동상 약품 원단위
B3: 구 분 | C3: '22. 1월 | D3: 2월 | E3: 3월 | F3: 4월 | G3: 5월 | H3: 6월 | I3: 7월 | J3: 8월 | K3: 9월 | L3: 10월 | M3: 11월 | N3: 12월 | O3: 합 계
B4: 스팀 생산량 | C4: 16136.7 | D4: 11273.9 | E4: 14891.6 | F4: 14558.4 | G4: 11423.3 | H4: 13862.8 | I4: 12888.4 | J4: 12136.8 | K4: 10375 | L4: 12357.8 | M4: 9236.4 | N4: 12297.8 | O4: =SUM(C4:N4) -> 151438.9
B5: 약품 구입비 | C5: 97271500 | D5: 75656545 | E5: 86333700 | F5: 80534545 | G5: 88906579 | H5: 92472536 | I5: 85970209 | J5: 92287291 | K5: 80412891 | L5: 95014995 | M5: 72445198 | N5: 82566887 | O5: =SUM(C5:N5) -> 1.0298729e+09
B6: 원단위 | C6: =ROUNDUP(C5/C4,0) -> 6028 | D6: =ROUNDUP(D5/D4,0) -> 6711 | E6: =ROUNDUP(E5/E4,0) -> 5798 | F6: =ROUNDUP(F5/F4,0) -> 5532 | G6: =ROUNDUP(G5/G4,0) -> 7783 | H6: =ROUNDUP(H5/H4,0) -> 6671 | I6: =ROUNDUP(I5/I4,0) -> 6671 | J6: =ROUNDUP(J5/J4,0) -> 7604 | ... N6: =ROUNDUP(N5/N4,0) -> 6714 | O6: =TRUNC(O5/O4,-1) -> 6800
B9: * 유동상 연간 운영비
B11: 1. 인건비 등 고정비 | D11: =139*12 -> 1668 | E11: 백만원/년
B12: 2. 측정비 / 소수선비 | D12: =33*12 -> 396 | E12: 백만원/년
B13: 3. 유지보수비 | D13: 780 | E13: 백만원/년
B14: 4. 약품비 | D14: =O5/1000000 -> 1029.8729 | E14: 백만원/년
B15: 5. 연간 예상 운영비 | D15: =SUM(D11:D14) -> 3873.8729 | E15: 백만원/년
