Workbook

Sheet 1
A1: 근 무 자 | B1: 오 전 | D1: 오 후 | F1: 야 간 | H1: 유동상소각로 운전일지 | T1: 결 재 | U1: 반장 | W1: 대리 | Y1: 팀장
B2: 권정민 | D2: 김문한 | F2: 임종민
H3: 46204
A5: 1. 소각현황(KG) | P5: 2. BOILER 운전현황(TON, HR)
A6: 구 분 | D6: SRF소각량 | G6: SLUDGE 소각량 | J6: 합 계 | P6: 구 분 | R6: 스팀 생산량 | U6: 스팀 송기량 | X6: 가동시간
A7: 금 일 | D7: 70549 | G7: 170800 | J7: =D7+G7 -> 241349 | P7: 금 일 | R7: 475.7 | U7: 277.8 | X7: 24
A8: 누 계 | D8: =D7 -> 70549 | G8: =G7 -> 170800 | J8: =D8+G8 -> 241349 | P8: 누 계 | R8: =R7 -> 475.7 | U8: =U7 -> 277.8 | X8: =X7 -> 24
A10: 3. 약품 사용현황 (KG) | P10: 4. 소각재 발생량 (TON, 대)
A11: 품 명 | C11: 전일 재고량 | E11: 입고량 | G11: 사용량 | I11: 재고량 | K11: 입고량 누계 | M11: 사용량 누계 | P11: 구 분 | S11: 반출량 | W11: 누계
A12: 탄산암모늄 | C12: 14914 | E12: 0 | G12: 3339 | I12: =C12+E12-G12 -> 11575 | K12: =E12 -> 0 | M12: =G12 -> 3339 | P12: 비산재 | S12: 54.12 | W12: =S12 -> 54.12
A13: 청관제 | C13: 590 | E13: 0 | G13: 90 | I13: =C13+E13-G13 -> 500 | K13: =E13 -> 0 | M13: =G13 -> 90
A14: 활성탄 | C14: 600 | E14: 0 | G14: 120 | I14: =C14+E14-G14 -> 480 | K14: =E14 -> 0 | M14: =G14 -> 120 | P14: 바닥재 | S14: 24.1 | W14: =S14 -> 24.1
A15: 가성소다 | C15: 1299 | E15: 0 | G15: 33 | I15: =C15+E15-G15 -> 1266 | K15: =E15 -> 0 | M15: =G15 -> 33
A16: 소석회 | C16: 2350 | E16: 0 | G16: 20 | I16: =C16+E16-G16 -> 2330 | K16: =E16 -> 0 | M16: =G16 -> 20 | P16: 구분 | S16: 주간 | U16: 야간 | W16: 합계 | Y16: 누계
A17: 소 금 | C17: 1850 | E17: 0 | G17: 200 | I17: =C17+E17-G17 -> 1650 | K17: =E17 -> 0 | M17: =G17 -> 200
A18: 경 유 | C18: 5340 | E18: 0 | G18: 0 | I18: =C18+E18-G18 -> 5340 | K18: =E18 -> 0 | M18: =G18 -> 0 | P18: 불연물 | S18: 2 | U18: 1 | W18: =S18+U18 -> 3 | Y18: =W18 -> 3
A19: SRF | C19: 110000 | E19: 70150 | G19: =D7 -> 70549 | I19: =C19+E19-G19 -> 109601 | K19: =E19 -> 70150 | M19: =G19 -> 70549
A20: 규 사 | I20: - | K20: =E20 -> 0 | M20: =G20 -> 0
A22: 5. 전력 사용량 (KWH) | P22: 6. 유틸리티 사용현황 (㎥)
A23: 구 분 | D23: 전일지침 | G23: 금일지침 | J23: 사용량 | M23: 누 계 | P23: 구 분 | S23: 전일 사용량 | V23: 금일 사용량 | Y23: 누 계
A24: MAIN | D24: 3671568 | G24: 3714008 | J24: =G24-D24 -> 42440 | K24: 12.255 | L24: 12.255 | M24: =J24 -> 42440 | P24: 재이용수 | V24: 432.2 | Y24: =V24 -> 432.2
A25: ASH 저장조 | D25: 32764.1 | G25: 32826.1 | J25: =G25-D25 -> 62 | K25: 12.255 | L25: 12.255 | M25: =J25 -> 62 | P25: 복류수 | V25: 56.4 | Y25: =V25 -> 56.4
A26: BAG FILTER | D26: 24300 | G26: 24340 | J26: =G26-D26 -> 40 | K26: 12.255 | L26: 12.255 | M26: =J26 -> 40 | P26: 응축수 | V26: 477.8 | Y26: =V26 -> 477.8
A27: SCRUBBER | D27: 1339000 | G27: 1346000 | J27: =G27-D27 -> 7000 | K27: 12.255 | L27: 12.255 | M27: =J27 -> 7000 | P27: 보일러 급수 | V27: 500.3 | Y27: =V27 -> 500.3
A28: 활성탄 공급 | D28: 4938 | G28: 5045 | J28: =G28-D28 -> 107 | K28: 12.255 | L28: 12.255 | M28: =J28 -> 107 | P28: 폐 수 | V28: 0 | Y28: =V28 -> 0
A29: 소석회 공급 | D29: 66180 | G29: 66190 | J29: =G29-D29 -> 10 | K29: 12.255 | L29: 12.255 | M29: =J29 -> 10 | P29: 연 수 | V29: 61.6 | Y29: =V29 -> 61.6
A30: 요소수 공급 | D30: 53220 | G30: 53250 | J30: =G30-D30 -> 30 | K30: 12.255 | L30: 12.255 | M30: =J30 -> 30 | P30: 계 | V30: 0 | Y30: =SUM(Y24:Z29) -> 1528.3
A31: F.D | D31: 6202095 | G31: 6216379 | J31: =G31-D31 -> 14284 | K31: 12.255 | L31: 12.255 | M31: =J31 -> 14284
A32: 활성탄 BAG | D32: 1.6 | G32: 1.6 | J32: =G32-D32 -> 0 | K32: 12.255 | L32: 12.255 | M32: =J32 -> 0
A33: 소석회 BAG | D33: 0 | G33: 0 | J33: =G33-D33 -> 0 | K33: 12.255 | L33: 12.255 | M33: =J33 -> 0
A35: 7. 특이사항
A36: 오 전
A49: 오 후
A63: 야 간

Sheet 2
A1: 근 무 자 | B1: 오 전 | D1: 오 후 | F1: 야 간 | H1: 유동상소각로 운전일지 | T1: 결 재 | U1: 반장 | W1: 대리 | Y1: 팀장
B2: 권정민 | D2: 김문한 | F2: 임종민
H3: 46205
A5: 1. 소각현황(KG) | P5: 2. BOILER 운전현황(TON, HR)
A6: 구 분 | D6: SRF소각량 | G6: SLUDGE 소각량 | J6: 합 계 | P6: 구 분 | R6: 스팀 생산량 | U6: 스팀 송기량 | X6: 가동시간
A7: 금 일 | D7: 63525 | G7: 178400 | J7: =D7+G7 -> 241925 | P7: 금 일 | R7: 481.2 | U7: 327.4 | X7: 24
A8: 누 계 | D8: ='1'!D8+D7 -> 134074 | G8: ='1'!G8+'2'!G7 -> 349200 | J8: =D8+G8 -> 483274 | P8: 누 계 | R8: ='1'!R8+R7 -> 956.9 | U8: ='1'!U8+U7 -> 605.2 | X8: ='1'!X8+'2'!X7 -> 48
A10: 3. 약품 사용현황 (KG) | P10: 4. 소각재 발생량 (TON, 대)
A11: 품 명 | C11: 전일 재고량 | E11: 입고량 | G11: 사용량 | I11: 재고량 | K11: 입고량 누계 | M11: 사용량 누계 | P11: 구 분 | S11: 반출량 | W11: 누계
A12: 탄산암모늄 | C12: ='1'!I12 -> 11575 | E12: 0 | G12: 3812 | I12: =C12+E12-G12 -> 7763 | K12: ='1'!K12+E12 -> 0 | M12: ='1'!M12+G12 -> 7151 | P12: 비산재 | S12: 55.53 | W12: ='1'!W12+'2'!S12 -> 109.65
A13: 청관제 | C13: ='1'!I13 -> 500 | E13: 0 | G13: 100 | I13: =C13+E13-G13 -> 400 | K13: ='1'!K13+E13 -> 0 | M13: ='1'!M13+G13 -> 190
A14: 활성탄 | C14: ='1'!I14 -> 480 | E14: 0 | G14: 120 | I14: =C14+E14-G14 -> 360 | K14: ='1'!K14+E14 -> 0 | M14: ='1'!M14+G14 -> 240 | P14: 바닥재 | S14: 0 | W14: ='1'!W14+'2'!S14 -> 24.1
A15: 가성소다 | C15: ='1'!I15 -> 1266 | E15: 0 | G15: 31 | I15: =C15+E15-G15 -> 1235 | K15: ='1'!K15+E15 -> 0 | M15: ='1'!M15+G15 -> 64
A16: 소석회 | C16: ='1'!I16 -> 2330 | E16: 0 | G16: 20 | I16: =C16+E16-G16 -> 2310 | K16: ='1'!K16+E16 -> 0 | M16: ='1'!M16+G16 -> 40 | P16: 구분 | S16: 주간 | U16: 야간 | W16: 합계 | Y16: 누계
A17: 소 금 | C17: ='1'!I17 -> 1650 | E17: 0 | G17: 200 | I17: =C17+E17-G17 -> 1450 | K17: ='1'!K17+E17 -> 0 | M17: ='1'!M17+G17 -> 400
A18: 경 유 | C18: ='1'!I18 -> 5340 | E18: 0 | G18: 0 | I18: =C18+E18-G18 -> 5340 | K18: ='1'!K18+E18 -> 0 | M18: ='1'!M18+G18 -> 0 | P18: 불연물 | S18: 3 | U18: 2 | W18: =S18+U18 -> 5 | Y18: ='1'!Y18+W18 -> 8
A19: SRF | C19: ='1'!I19 -> 109601 | E19: 66230 | G19: =D7 -> 63525 | I19: =C19+E19-G19 -> 112306 | K19: ='1'!K19+E19 -> 136380 | M19: ='1'!M19+G19 -> 134074
A20: 규 사 | C20: ='1'!I20 -> - | I20: - | K20: ='1'!K20+'2'!E20 -> 0 | M20: =G20 -> 0
A22: 5. 전력 사용량 (KWH) | P22: 6. 유틸리티 사용현황 (㎥)
A23: 구 분 | D23: 전일지침 | G23: 금일지침 | J23: 사용량 | M23: 누 계 | P23: 구 분 | S23: 전일 사용량 | V23: 금일 사용량 | Y23: 누 계
A24: MAIN | D24: ='1'!G24 -> 3714008 | G24: 3735314 | J24: =G24-D24 -> 21306 | M24: ='1'!$J24+$J24 -> 63746 | P24: 재이용수 | S24: ='1'!V24 -> 432.2 | V24: 429.1 | Y24: ='1'!Y24+'2'!V24 -> 861.3
A25: ASH 저장조 | D25: ='1'!G25 -> 32826.1 | G25: 32858.2 | J25: =G25-D25 -> 32.1 | M25: ='1'!$J25+$J25 -> 94.1 | P25: 복류수 | S25: ='1'!V25 -> 56.4 | V25: 55.3 | Y25: ='1'!Y25+'2'!V25 -> 111.7
A26: BAG FILTER | D26: ='1'!G26 -> 24340 | G26: 24360 | J26: =G26-D26 -> 20 | M26: ='1'!$J26+$J26 -> 60 | P26: 응축수 | S26: ='1'!V26 -> 477.8 | V26: 499.6 | Y26: ='1'!Y26+'2'!V26 -> 977.4
A27: SCRUBBER | D27: ='1'!G27 -> 1346000 | G27: 1349000 | J27: =G27-D27 -> 3000 | M27: ='1'!$J27+$J27 -> 10000 | P27: 보일러 급수 | S27: ='1'!V27 -> 500.3 | V27: 514.9 | Y27: ='1'!Y27+'2'!V27 -> 1015.2
A28: 활성탄 공급 | D28: ='1'!G28 -> 5045 | G28: 5099 | J28: =G28-D28 -> 54 | M28: ='1'!$J28+$J28 -> 161 | P28: 폐 수 | S28: ='1'!V28 -> 0 | V28: 0 | Y28: ='1'!Y28+'2'!V28 -> 0
A29: 소석회 공급 | D29: ='1'!G29 -> 66190 | G29: 66190 | J29: =G29-D29 -> 0 | M29: ='1'!$J29+$J29 -> 10 | P29: 연 수 | S29: ='1'!V29 -> 61.6 | V29: 59.7 | Y29: ='1'!Y29+'2'!V29 -> 121.3
A30: 요소수 공급 | D30: ='1'!G30 -> 53250 | G30: 53260 | J30: =G30-D30 -> 10 | M30: ='1'!$J30+$J30 -> 40 | P30: 계 | S30: =SUM(S24:U29) -> 1528.3 | V30: 0 | Y30: ='1'!Y30+'2'!V30 -> 1528.3
A31: F.D | D31: ='1'!G31 -> 6216379 | G31: 6223530 | J31: =G31-D31 -> 7151 | K31: 12.255 | L31: 12.255 | M31: ='1'!M31+J31 -> 21435
A32: 활성탄 BAG | D32: ='1'!G32 -> 1.6 | G32: 1.6 | J32: =G32-D32 -> 0 | K32: 12.255 | L32: 12.255 | M32: ='1'!M32+J32 -> 0
A33: 소석회 BAG | D33: ='1'!G33 -> 0 | G33: 0 | J33: =G33-D33 -> 0 | K33: 12.255 | L33: 12.255 | M33: ='1'!M33+J33 -> 0
A35: 7. 특이사항
A36: 오 전
A49: 오 후
A63: 야 간

Sheet 3
A1: 근 무 자 | B1: 오 전 | D1: 오 후 | F1: 야 간 | H1: 유동상소각로 운전일지 | T1: 결 재 | U1: 반장 | W1: 대리 | Y1: 팀장
B2: 권정민 | D2: 김동욱 | F2: 임종민
H3: 46206
A5: 1. 소각현황(KG) | P5: 2. BOILER 운전현황(TON, HR)
A6: 구 분 | D6: SRF소각량 | G6: SLUDGE 소각량 | J6: 합 계 | P6: 구 분 | R6: 스팀 생산량 | U6: 스팀 송기량 | X6: 가동시간
A7: 금 일 | D7: 63380 | G7: 157600 | J7: =D7+G7 -> 220980 | P7: 금 일 | R7: 478 | U7: 390.8 | X7: 24
A8: 누 계 | D8: ='2'!D8+D7 -> 197454 | G8: ='2'!G8+'3'!G7 -> 506800 | J8: =D8+G8 -> 704254 | P8: 누 계 | R8: ='2'!R8+'3'!R7 -> 1434.9 | U8: ='2'!U8+U7 -> 996 | X8: ='2'!X8+'3'!X7 -> 72
A10: 3. 약품 사용현황 (KG) | P10: 4. 소각재 발생량 (TON, 대)
A11: 품 명 | C11: 전일 재고량 | E11: 입고량 | G11: 사용량 | I11: 재고량 | K11: 입고량 누계 | M11: 사용량 누계 | P11: 구 분 | S11: 반출량 | W11: 누계
A12: 탄산암모늄 | C12: ='2'!I12 -> 7763 | E12: 15450 | G12: 3638 | I12: =C12+E12-G12 -> 19575 | K12: ='2'!K12+E12 -> 15450 | M12: ='2'!M12+G12 -> 10789 | P12: 비산재 | S12: 58.74 | W12: ='2'!W12+'3'!S12 -> 168.39
A13: 청관제 | C13: ='2'!I13 -> 400 | E13: 710 | G13: 100 | I13: =C13+E13-G13 -> 1010 | K13: ='2'!K13+E13 -> 710 | M13: ='2'!M13+G13 -> 290
A14: 활성탄 | C14: ='2'!I14 -> 360 | E14: 0 | G14: 120 | I14: =C14+E14-G14 -> 240 | K14: ='2'!K14+E14 -> 0 | M14: ='2'!M14+G14 -> 360 | P14: 바닥재 | S14: 0 | W14: ='2'!W14+'3'!S14 -> 24.1
A15: 가성소다 | C15: ='2'!I15 -> 1235 | E15: 0 | G15: 24 | I15: =C15+E15-G15 -> 1211 | K15: ='2'!K15+E15 -> 0 | M15: ='2'!M15+G15 -> 88
A16: 소석회 | C16: ='2'!I16 -> 2310 | E16: 0 | G16: 20 | I16: =C16+E16-G16 -> 2290 | K16: ='2'!K16+E16 -> 0 | M16: ='2'!M16+G16 -> 60 | P16: 구분 | S16: 주간 | U16: 야간 | W16: 합계 | Y16: 누계
A17: 소 금 | C17: ='2'!I17 -> 1450 | E17: 0 | G17: 200 | I17: =C17+E17-G17 -> 1250 | K17: ='2'!K17+E17 -> 0 | M17: ='2'!M17+G17 -> 600
A18: 경 유 | C18: ='2'!I18 -> 5340 | E18: 0 | G18: 0 | I18: =C18+E18-G18 -> 5340 | K18: ='2'!K18+E18 -> 0 | M18: ='2'!M18+G18 -> 0 | P18: 불연물 | S18: 2 | U18: 2 | W18: =S18+U18 -> 4 | Y18: ='2'!Y18+'3'!W18 -> 12
A19: SRF | C19: ='2'!I19 -> 112306 | E19: 64150 | G19: =D7 -> 63380 | I19: =C19+E19-G19 -> 113076 | K19: ='2'!K19+E19 -> 200530 | M19: ='2'!M19+G19 -> 197454
A20: 규 사 | C20: ='2'!I20 -> - | I20: - | K20: ='2'!K20+'3'!E20 -> 0 | M20: =G20 -> 0
A22: 5. 전력 사용량 (KWH) | P22: 6. 유틸리티 사용현황 (㎥)
A23: 구 분 | D23: 전일지침 | G23: 금일지침 | J23: 사용량 | M23: 누 계 | P23: 구 분 | S23: 전일 사용량 | V23: 금일 사용량 | Y23: 누 계
A24: MAIN | D24: ='2'!G24 -> 3735314 | G24: 3756081 | J24: =G24-D24 -> 20767 | M24: ='2'!M24+J24 -> 84513 | P24: 재이용수 | S24: ='2'!V24 -> 429.1 | V24: 427.2 | Y24: ='2'!Y24+'3'!V24 -> 1288.5
A25: ASH 저장조 | D25: ='2'!G25 -> 32858.2 | G25: 32889.9 | J25: =G25-D25 -> 31.7 | M25: ='2'!M25+J25 -> 125.8 | P25: 복류수 | S25: ='2'!V25 -> 55.3 | V25: 56.1 | Y25: ='2'!Y25+'3'!V25 -> 167.8
A26: BAG FILTER | D26: ='2'!G26 -> 24360 | G26: 24370 | J26: =G26-D26 -> 10 | M26: ='2'!M26+J26 -> 70 | P26: 응축수 | S26: ='2'!V26 -> 499.6 | V26: 429.7 | Y26: ='2'!Y26+'3'!V26 -> 1407.1
A27: SCRUBBER | D27: ='2'!G27 -> 1349000 | G27: 1352000 | J27: =G27-D27 -> 3000 | M27: ='2'!M27+J27 -> 13000 | P27: 보일러 급수 | S27: ='2'!V27 -> 514.9 | V27: 481.3 | Y27: ='2'!Y27+'3'!V27 -> 1496.5
A28: 활성탄 공급 | D28: ='2'!G28 -> 5099 | G28: 5151 | J28: =G28-D28 -> 52 | M28: ='2'!M28+J28 -> 213 | P28: 폐 수 | S28: ='2'!V28 -> 0 | V28: 0 | Y28: ='2'!Y28+'3'!V28 -> 0
A29: 소석회 공급 | D29: ='2'!G29 -> 66190 | G29: 66190 | J29: =G29-D29 -> 0 | M29: ='2'!M29+J29 -> 10 | P29: 연 수 | S29: ='2'!V29 -> 59.7 | V29: 65.1 | Y29: ='2'!Y29+'3'!V29 -> 186.4
A30: 요소수 공급 | D30: ='2'!G30 -> 53260 | G30: 53270 | J30: =G30-D30 -> 10 | M30: ='2'!M30+J30 -> 50 | P30: 계 | S30: =SUM(S24:U29) -> 1558.6 | Y30: ='2'!Y30+'3'!V30 -> 1528.3
A31: F.D | D31: ='2'!G31 -> 6223530 | G31: 6230623 | J31: =G31-D31 -> 7093 | K31: 12.255 | L31: 12.255 | M31: ='2'!M31+J31 -> 28528
A32: 활성탄 BAG | D32: ='2'!G32 -> 1.6 | G32: 1.6 | J32: =G32-D32 -> 0 | K32: 12.255 | L32: 12.255 | M32: ='2'!M32+J32 -> 0
A33: 소석회 BAG | D33: ='2'!G33 -> 0 | G33: 0 | J33: =G33-D33 -> 0 | K33: 12.255 | L33: 12.255 | M33: ='2'!M33+J33 -> 0
A35: 7. 특이사항
A36: 오 전
A49: 오 후
A63: 야 간

Sheet 4
A1: 근 무 자 | B1: 오 전 | D1: 오 후 | F1: 야 간 | H1: 유동상소각로 운전일지 | T1: 결 재 | U1: 반장 | W1: 대리 | Y1: 팀장
B2: 권정민 | D2: 김동욱 | F2: 임종민
H3: 46207
A5: 1. 소각현황(KG) | P5: 2. BOILER 운전현황(TON, HR)
A6: 구 분 | D6: SRF소각량 | G6: SLUDGE 소각량 | J6: 합 계 | P6: 구 분 | R6: 스팀 생산량 | U6: 스팀 송기량 | X6: 가동시간
A7: 금 일 | D7: 59627 | G7: 159400 | J7: =D7+G7 -> 219027 | P7: 금 일 | R7: 477.1 | U7: 388.4 | X7: 24
A8: 누 계 | D8: ='3'!D8+D7 -> 257081 | G8: ='3'!G8+'4'!G7 -> 666200 | J8: =D8+G8 -> 923281 | P8: 누 계 | R8: ='3'!R8+R7 -> 1912 | U8: ='3'!U8+'4'!U7 -> 1384.4 | X8: ='3'!X8+X7 -> 96
A10: 3. 약품 사용현황 (KG) | P10: 4. 소각재 발생량 (TON, 대)
A11: 품 명 | C11: 전일 재고량 | E11: 입고량 | G11: 사용량 | I11: 재고량 | K11: 입고량 누계 | M11: 사용량 누계 | P11: 구 분 | S11: 반출량 | W11: 누계
A12: 탄산암모늄 | C12: ='3'!I12 -> 19575 | E12: 0 | G12: 4682 | I12: =C12+E12-G12 -> 14893 | K12: ='3'!K12+E12 -> 15450 | M12: ='3'!M12+'4'!G12 -> 15471 | P12: 비산재 | S12: 26.29 | W12: ='3'!W12+'4'!S12 -> 194.68
A13: 청관제 | C13: ='3'!I13 -> 1010 | E13: 0 | G13: 80 | I13: =C13+E13-G13 -> 930 | K13: ='3'!K13+E13 -> 710 | M13: ='3'!M13+'4'!G13 -> 370
A14: 활성탄 | C14: ='3'!I14 -> 240 | E14: 0 | G14: 120 | I14: =C14+E14-G14 -> 120 | K14: ='3'!K14+E14 -> 0 | M14: ='3'!M14+'4'!G14 -> 480 | P14: 바닥재 | S14: 22.74 | W14: ='3'!W14+'4'!S14 -> 46.84
A15: 가성소다 | C15: ='3'!I15 -> 1211 | E15: 0 | G15: 35 | I15: =C15+E15-G15 -> 1176 | K15: ='3'!K15+E15 -> 0 | M15: ='3'!M15+'4'!G15 -> 123
A16: 소석회 | C16: ='3'!I16 -> 2290 | E16: 0 | G16: 20 | I16: =C16+E16-G16 -> 2270 | K16: ='3'!K16+E16 -> 0 | M16: ='3'!M16+'4'!G16 -> 80 | P16: 구분 | S16: 주간 | U16: 야간 | W16: 합계 | Y16: 누계
A17: 소 금 | C17: ='3'!I17 -> 1250 | E17: 0 | G17: 200 | I17: =C17+E17-G17 -> 1050 | K17: ='3'!K17+E17 -> 0 | M17: ='3'!M17+'4'!G17 -> 800
A18: 경 유 | C18: ='3'!I18 -> 5340 | E18: 0 | G18: 0 | I18: =C18+E18-G18 -> 5340 | K18: ='3'!K18+E18 -> 0 | M18: ='3'!M18+'4'!G18 -> 0 | P18: 불연물 | S18: 1 | U18: 2 | W18: =S18+U18 -> 3 | Y18: ='3'!Y18+'4'!W18 -> 15
A19: SRF | C19: ='3'!I19 -> 113076 | E19: 62100 | G19: =D7 -> 59627 | I19: =C19+E19-G19 -> 115549 | K19: ='3'!K19+E19 -> 262630 | M19: ='3'!M19+'4'!G19 -> 257081
A20: 규 사 | C20: ='3'!I20 -> - | I20: - | K20: ='3'!K20+E20 -> 0 | M20: =G20 -> 0
A22: 5. 전력 사용량 (KWH) | P22: 6. 유틸리티 사용현황 (㎥)
A23: 구 분 | D23: 전일지침 | G23: 금일지침 | J23: 사용량 | M23: 누 계 | P23: 구 분 | S23: 전일 사용량 | V23: 금일 사용량 | Y23: 누 계
A24: MAIN | D24: ='3'!G24 -> 3756081 | G24: 3777062 | J24: =G24-D24 -> 20981 | M24: ='3'!M24+'4'!J24 -> 105494 | P24: 재이용수 | S24: ='3'!V24 -> 427.2 | V24: 428.1 | Y24: ='3'!Y24+V24 -> 1716.6
A25: ASH 저장조 | D25: ='3'!G25 -> 32889.9 | G25: 32922.4 | J25: =G25-D25 -> 32.5 | M25: ='3'!M25+'4'!J25 -> 158.3 | P25: 복류수 | S25: ='3'!V25 -> 56.1 | V25: 57.3 | Y25: ='3'!Y25+V25 -> 225.1
A26: BAG FILTER | D26: ='3'!G26 -> 24370 | G26: 24390 | J26: =G26-D26 -> 20 | M26: ='3'!M26+'4'!J26 -> 90 | P26: 응축수 | S26: ='3'!V26 -> 429.7 | V26: 430.3 | Y26: ='3'!Y26+V26 -> 1837.4
A27: SCRUBBER | D27: ='3'!G27 -> 1352000 | G27: 1356000 | J27: =G27-D27 -> 4000 | M27: ='3'!M27+'4'!J27 -> 17000 | P27: 보일러 급수 | S27: ='3'!V27 -> 481.3 | V27: 480.1 | Y27: ='3'!Y27+V27 -> 1976.6
A28: 활성탄 공급 | D28: ='3'!G28 -> 5151 | G28: 5204 | J28: =G28-D28 -> 53 | M28: ='3'!M28+'4'!J28 -> 266 | P28: 폐 수 | S28: ='3'!V28 -> 0 | V28: 0 | Y28: ='3'!Y28+V28 -> 0
A29: 소석회 공급 | D29: ='3'!G29 -> 66190 | G29: 66200 | J29: =G29-D29 -> 10 | M29: ='3'!M29+'4'!J29 -> 20 | P29: 연 수 | S29: ='3'!V29 -> 65.1 | V29: 60.8 | Y29: ='3'!Y29+V29 -> 247.2
A30: 요소수 공급 | D30: ='3'!G30 -> 53270 | G30: 53280 | J30: =G30-D30 -> 10 | M30: ='3'!M30+'4'!J30 -> 60 | P30: 계 | S30: =SUM(S24:U29) -> 1459.4 | Y30: ='3'!Y30+V30 -> 1528.3
A31: F.D | D31: ='3'!G31 -> 6230623 | G31: 6237766 | J31: =G31-D31 -> 7143 | K31: 12.255 | L31: 12.255 | M31: ='3'!M31+'4'!J31 -> 35671
A32: 활성탄 BAG | D32: ='3'!G32 -> 1.6 | G32: 1.6 | J32: =G32-D32 -> 0 | K32: 12.255 | L32: 12.255 | M32: ='3'!M32+'4'!J32 -> 0
A33: 소석회 BAG | D33: ='3'!G33 -> 0 | G33: 0 | J33: =G33-D33 -> 0 | K33: 12.255 | L33: 12.255 | M33: ='3'!M33+'4'!J33 -> 0
A35: 7. 특이사항
A36: 오 전
A49: 오 후
A63: 야 간

Sheet 5
A1: 근 무 자 | B1: 오 전 | D1: 오 후 | F1: 야 간 | H1: 유동상소각로 운전일지 | T1: 결 재 | U1: 반장 | W1: 대리 | Y1: 팀장
B2: 김문한 | D2: 김동욱 | F2: 임종민
H3: 46208
A5: 1. 소각현황(KG) | P5: 2. BOILER 운전현황(TON, HR)
A6: 구 분 | D6: SRF소각량 | G6: SLUDGE 소각량 | J6: 합 계 | P6: 구 분 | R6: 스팀 생산량 | U6: 스팀 송기량 | X6: 가동시간
A7: 금 일 | D7: 65675 | G7: 158700 | J7: =D7+G7 -> 224375 | P7: 금 일 | R7: 474 | U7: 344 | X7: 24
A8: 누 계 | D8: ='4'!D8+D7 -> 322756 | G8: ='4'!G8+'5'!G7 -> 824900 | J8: =D8+G8 -> 1147656 | P8: 누 계 | R8: ='4'!R8+'5'!R7 -> 2386 | U8: ='4'!U8+U7 -> 1728.4 | X8: ='4'!X8+'5'!X7 -> 120
A10: 3. 약품 사용현황 (KG) | P10: 4. 소각재 발생량 (TON, 대)
A11: 품 명 | C11: 전일 재고량 | E11: 입고량 | G11: 사용량 | I11: 재고량 | K11: 입고량 누계 | M11: 사용량 누계 | P11: 구 분 | S11: 반출량 | W11: 누계
A12: 탄산암모늄 | C12: ='4'!I12 -> 14893 | E12: 0 | G12: 3767 | I12: =C12+E12-G12 -> 11126 | K12: ='4'!K12+E12 -> 15450 | M12: ='4'!M12+G12 -> 19238 | P12: 비산재 | S12: 0 | W12: ='4'!W12+'5'!S12 -> 194.68
A13: 청관제 | C13: ='4'!I13 -> 930 | E13: 0 | G13: 110 | I13: =C13+E13-G13 -> 820 | K13: ='4'!K13+E13 -> 710 | M13: ='4'!M13+G13 -> 480
A14: 활성탄 | C14: ='4'!I14 -> 120 | E14: 0 | G14: 120 | I14: =C14+E14-G14 -> 0 | K14: ='4'!K14+E14 -> 0 | M14: ='4'!M14+G14 -> 600 | P14: 바닥재 | S14: 0 | W14: ='4'!W14+'5'!S14 -> 46.84
A15: 가성소다 | C15: ='4'!I15 -> 1176 | E15: 0 | G15: 29 | I15: =C15+E15-G15 -> 1147 | K15: ='4'!K15+E15 -> 0 | M15: ='4'!M15+G15 -> 152
A16: 소석회 | C16: ='4'!I16 -> 2270 | E16: 0 | G16: 20 | I16: =C16+E16-G16 -> 2250 | K16: ='4'!K16+E16 -> 0 | M16: ='4'!M16+G16 -> 100 | P16: 구분 | S16: 주간 | U16: 야간 | W16: 합계 | Y16: 누계
A17: 소 금 | C17: ='4'!I17 -> 1050 | E17: 1440 | G17: 200 | I17: =C17+E17-G17 -> 2290 | K17: ='4'!K17+E17 -> 1440 | M17: ='4'!M17+'5'!G17 -> 1000
A18: 경 유 | C18: ='4'!I18 -> 5340 | E18: 0 | G18: 0 | I18: =C18+E18-G18 -> 5340 | K18: ='4'!K18+E18 -> 0 | M18: ='4'!M18+G18 -> 0 | P18: 불연물 | S18: 3 | U18: 2 | W18: =S18+U18 -> 5 | Y18: ='4'!Y18+'5'!W18 -> 20
A19: SRF | C19: ='4'!I19 -> 115549 | E19: 45930 | G19: =D7 -> 65675 | I19: =C19+E19-G19 -> 95804 | K19: ='4'!K19+E19 -> 308560 | M19: ='4'!M19+G19 -> 322756
A20: 규 사 | C20: ='4'!I20 -> - | I20: - | K20: ='4'!K20+'5'!E20 -> 0 | M20: ='4'!M20+G20 -> 0
A22: 5. 전력 사용량 (KWH) | P22: 6. 유틸리티 사용현황 (㎥)
A23: 구 분 | D23: 전일지침 | G23: 금일지침 | J23: 사용량 | M23: 누 계 | P23: 구 분 | S23: 전일 사용량 | V23: 금일 사용량 | Y23: 누 계
A24: MAIN | D24: ='4'!G24 -> 3777062 | G24: 3798128 | J24: =G24-D24 -> 21066 | M24: ='4'!M24+'5'!J24 -> 126560 | P24: 재이용수 | S24: ='4'!V24 -> 428.1 | V24: 424.3 | Y24: ='4'!Y24+'5'!V24 -> 2140.9
A25: ASH 저장조 | D25: ='4'!G25 -> 32922.4 | G25: 32955.5 | J25: =G25-D25 -> 33.1 | M25: ='4'!M25+'5'!J25 -> 191.4 | P25: 복류수 | S25: ='4'!V25 -> 57.3 | V25: 55 | Y25: ='4'!Y25+'5'!V25 -> 280.1
A26: BAG FILTER | D26: ='4'!G26 -> 24390 | G26: 24410 | J26: =G26-D26 -> 20 | M26: ='4'!M26+'5'!J26 -> 110 | P26: 응축수 | S26: ='4'!V26 -> 430.3 | V26: 454.9 | Y26: ='4'!Y26+'5'!V26 -> 2292.3
A27: SCRUBBER | D27: ='4'!G27 -> 1356000 | G27: 1359000 | J27: =G27-D27 -> 3000 | M27: ='4'!M27+'5'!J27 -> 20000 | P27: 보일러 급수 | S27: ='4'!V27 -> 480.1 | V27: 491 | Y27: ='4'!Y27+'5'!V27 -> 2467.6
A28: 활성탄 공급 | D28: ='4'!G28 -> 5204 | G28: 5257 | J28: =G28-D28 -> 53 | M28: ='4'!M28+'5'!J28 -> 319 | P28: 폐 수 | S28: ='4'!V28 -> 0 | V28: 0 | Y28: ='4'!Y28+'5'!V28 -> 0
A29: 소석회 공급 | D29: ='4'!G29 -> 66200 | G29: 66200 | J29: =G29-D29 -> 0 | M29: ='4'!M29+'5'!J29 -> 20 | P29: 연 수 | S29: ='4'!V29 -> 60.8 | V29: 61.2 | Y29: ='4'!Y29+'5'!V29 -> 308.4
A30: 요소수 공급 | D30: ='4'!G30 -> 53280 | G30: 53290 | J30: =G30-D30 -> 10 | M30: ='4'!M30+'5'!J30 -> 70 | P30: 계 | S30: =SUM(S24:U29) -> 1456.6 | Y30: ='4'!Y30+'5'!V30 -> 1528.3
A31: F.D | D31: ='4'!G31 -> 6237766 | G31: 6244869 | J31: =G31-D31 -> 7103 | K31: 12.255 | L31: 12.255 | M31: ='4'!M31+J31 -> 42774
A32: 활성탄 BAG | D32: ='4'!G32 -> 1.6 | G32: 1.6 | J32: =G32-D32 -> 0 | K32: 12.255 | L32: 12.255 | M32: ='4'!M32+J32 -> 0
A33: 소석회 BAG | D33: ='4'!G33 -> 0 | G33: 0 | J33: =G33-D33 -> 0 | K33: 12.255 | L33: 12.255 | M33: ='4'!M33+J33 -> 0
A35: 7. 특이사항
A36: 오 전
A49: 오 후
A63: 야 간

Sheet 6
A1: 근 무 자 | B1: 오 전 | D1: 오 후 | F1: 야 간 | H1: 유동상소각로 운전일지 | T1: 결 재 | U1: 반장 | W1: 대리 | Y1: 팀장
B2: 김문한 | D2: 김동욱 | F2: 권정민
H3: 46209
A5: 1. 소각현황(KG) | P5: 2. BOILER 운전현황(TON, HR)
A6: 구 분 | D6: SRF소각량 | G6: SLUDGE 소각량 | J6: 합 계 | P6: 구 분 | R6: 스팀 생산량 | U6: 스팀 송기량 | X6: 가동시간
A7: 금 일 | D7: 73379 | G7: 163900 | J7: =D7+G7 -> 237279 | P7: 금 일 | R7: 488.7 | U7: 354.5 | X7: 24
A8: 누 계 | D8: ='5'!D8+D7 -> 396135 | G8: ='5'!G8+'6'!G7 -> 988800 | J8: =D8+G8 -> 1384935 | P8: 누 계 | R8: ='5'!R8+'6'!R7 -> 2874.7 | U8: ='5'!U8+'6'!U7 -> 2082.9 | X8: ='5'!X8+X7 -> 144
A10: 3. 약품 사용현황 (KG) | P10: 4. 소각재 발생량 (TON, 대)
A11: 품 명 | C11: 전일 재고량 | E11: 입고량 | G11: 사용량 | I11: 재고량 | K11: 입고량 누계 | M11: 사용량 누계 | P11: 구 분 | S11: 반출량 | W11: 누계
A12: 탄산암모늄 | C12: ='5'!I12 -> 11126 | E12: 0 | G12: 4082 | I12: =C12+E12-G12 -> 7044 | K12: ='5'!K12+'6'!E12 -> 15450 | M12: ='5'!M12+'6'!G12 -> 23320 | P12: 비산재 | S12: 25.95 | W12: ='5'!W12+'6'!S12 -> 220.63
A13: 청관제 | C13: ='5'!I13 -> 820 | E13: 0 | G13: 90 | I13: =C13+E13-G13 -> 730 | K13: ='5'!K13+'6'!E13 -> 710 | M13: ='5'!M13+'6'!G13 -> 570
A14: 활성탄 | C14: ='5'!I14 -> 0 | E14: 2000 | G14: 120 | I14: =C14+E14-G14 -> 1880 | K14: ='5'!K14+'6'!E14 -> 2000 | M14: ='5'!M14+'6'!G14 -> 720 | P14: 바닥재 | S14: 0 | W14: ='5'!W14+'6'!S14 -> 46.84
A15: 가성소다 | C15: ='5'!I15 -> 1147 | E15: 0 | G15: 24 | I15: =C15+E15-G15 -> 1123 | K15: ='5'!K15+'6'!E15 -> 0 | M15: ='5'!M15+'6'!G15 -> 176
A16: 소석회 | C16: ='5'!I16 -> 2250 | E16: 0 | G16: 20 | I16: =C16+E16-G16 -> 2230 | K16: ='5'!K16+'6'!E16 -> 0 | M16: ='5'!M16+'6'!G16 -> 120 | P16: 구분 | S16: 주간 | U16: 야간 | W16: 합계 | Y16: 누계
A17: 소 금 | C17: ='5'!I17 -> 2290 | E17: 0 | G17: 200 | I17: =C17+E17-G17 -> 2090 | K17: ='5'!K17+'6'!E17 -> 1440 | M17: ='5'!M17+'6'!G17 -> 1200
A18: 경 유 | C18: ='5'!I18 -> 5340 | E18: 0 | G18: 0 | I18: =C18+E18-G18 -> 5340 | K18: ='5'!K18+'6'!E18 -> 0 | M18: ='5'!M18+'6'!G18 -> 0 | P18: 불연물 | S18: 2 | U18: 2 | W18: =S18+U18 -> 4 | Y18: ='5'!Y18+'6'!W18 -> 24
A19: SRF | C19: ='5'!I19 -> 95804 | E19: 70810 | G19: =D7 -> 73379 | I19: =C19+E19-G19 -> 93235 | K19: ='5'!K19+'6'!E19 -> 379370 | M19: ='5'!M19+'6'!G19 -> 396135
A20: 규 사 | C20: ='5'!I20 -> - | I20: - | K20: ='5'!K20+'6'!E20 -> 0 | M20: ='5'!M20+'6'!G20 -> 0
A22: 5. 전력 사용량 (KWH) | P22: 6. 유틸리티 사용현황 (㎥)
A23: 구 분 | D23: 전일지침 | G23: 금일지침 | J23: 사용량 | M23: 누 계 | P23: 구 분 | S23: 전일 사용량 | V23: 금일 사용량 | Y23: 누 계
A24: MAIN | D24: ='5'!G24 -> 3798128 | G24: 3819302 | J24: =G24-D24 -> 21174 | M24: ='5'!M24+J24 -> 147734 | P24: 재이용수 | S24: ='5'!V24 -> 424.3 | V24: 426.3 | Y24: ='5'!Y24+'6'!V24 -> 2567.2
A25: ASH 저장조 | D25: ='5'!G25 -> 32955.5 | G25: 32988.4 | J25: =G25-D25 -> 32.9 | M25: ='5'!M25+J25 -> 224.3 | P25: 복류수 | S25: ='5'!V25 -> 55 | V25: 57.3 | Y25: ='5'!Y25+'6'!V25 -> 337.4
A26: BAG FILTER | D26: ='5'!G26 -> 24410 | G26: 24430 | J26: =G26-D26 -> 20 | M26: ='5'!M26+J26 -> 130 | P26: 응축수 | S26: ='5'!V26 -> 454.9 | V26: 541.2 | Y26: ='5'!Y26+'6'!V26 -> 2833.5
A27: SCRUBBER | D27: ='5'!G27 -> 1359000 | G27: 1362000 | J27: =G27-D27 -> 3000 | M27: ='5'!M27+J27 -> 23000 | P27: 보일러 급수 | S27: ='5'!V27 -> 491 | V27: 531.5 | Y27: ='5'!Y27+'6'!V27 -> 2999.1
A28: 활성탄 공급 | D28: ='5'!G28 -> 5257 | G28: 5310 | J28: =G28-D28 -> 53 | M28: ='5'!M28+J28 -> 372 | P28: 폐 수 | S28: ='5'!V28 -> 0 | V28: 0 | Y28: ='5'!Y28+'6'!V28 -> 0
A29: 소석회 공급 | D29: ='5'!G29 -> 66200 | G29: 66200 | J29: =G29-D29 -> 0 | M29: ='5'!M29+J29 -> 20 | P29: 연 수 | S29: ='5'!V29 -> 61.2 | V29: 61.6 | Y29: ='5'!Y29+'6'!V29 -> 370
A30: 요소수 공급 | D30: ='5'!G30 -> 53290 | G30: 53310 | J30: =G30-D30 -> 20 | M30: ='5'!M30+J30 -> 90 | P30: 계 | S30: =SUM(S24:U29) -> 1486.4 | Y30: ='5'!Y30+'6'!V30 -> 1528.3
A31: F.D | D31: ='5'!G31 -> 6244869 | G31: 6252030 | J31: =G31-D31 -> 7161 | K31: 12.255 | L31: 12.255 | M31: ='5'!M31+J31 -> 49935
A32: 활성탄 BAG | D32: ='5'!G32 -> 1.6 | G32: 1.7 | J32: =G32-D32 -> 0.1 | K32: 12.255 | L32: 12.255 | M32: ='5'!M32+J32 -> 0.1
A33: 소석회 BAG | D33: ='5'!G33 -> 0 | G33: 0 | J33: =G33-D33 -> 0 | K33: 12.255 | L33: 12.255 | M33: ='5'!M33+J33 -> 0
A35: 7. 특이사항
A36: 오 전
A49: 오 후
A63: 야 간

Sheet 7
A1: 근 무 자 | B1: 오 전 | D1: 오 후 | F1: 야 간 | H1: 유동상소각로 운전일지 | T1: 결 재 | U1: 반장 | W1: 대리 | Y1: 팀장
B2: 김문한 | D2: 김동욱 | F2: 권정민
H3: 46210
A5: 1. 소각현황(KG) | P5: 2. BOILER 운전현황(TON, HR)
A6: 구 분 | D6: SRF소각량 | G6: SLUDGE 소각량 | J6: 합 계 | P6: 구 분 | R6: 스팀 생산량 | U6: 스팀 송기량 | X6: 가동시간
A7: 금 일 | D7: 78842 | G7: 117000 | J7: =D7+G7 -> 195842 | P7: 금 일 | R7: 455 | U7: 259.2 | X7: 24
A8: 누 계 | D8: ='6'!D8+D7 -> 474977 | G8: ='6'!G8+G7 -> 1105800 | J8: =D8+G8 -> 1580777 | P8: 누 계 | R8: ='6'!R8+'7'!R7 -> 3329.7 | U8: ='6'!U8+U7 -> 2342.1 | X8: ='6'!X8+X7 -> 168
A10: 3. 약품 사용현황 (KG) | P10: 4. 소각재 발생량 (TON, 대)
A11: 품 명 | C11: 전일 재고량 | E11: 입고량 | G11: 사용량 | I11: 재고량 | K11: 입고량 누계 | M11: 사용량 누계 | P11: 구 분 | S11: 반출량 | W11: 누계
A12: 탄산암모늄 | C12: ='6'!I12 -> 7044 | E12: 16020 | G12: 3356 | I12: =C12+E12-G12 -> 19708 | K12: ='6'!K12+E12 -> 31470 | M12: ='6'!M12+'7'!G12 -> 26676 | P12: 비산재 | S12: 55.97 | W12: ='6'!W12+'7'!S12 -> 276.6
A13: 청관제 | C13: ='6'!I13 -> 730 | E13: 0 | G13: 90 | I13: =C13+E13-G13 -> 640 | K13: ='6'!K13+E13 -> 710 | M13: ='6'!M13+'7'!G13 -> 660
A14: 활성탄 | C14: ='6'!I14 -> 1880 | E14: 0 | G14: 120 | I14: =C14+E14-G14 -> 1760 | K14: ='6'!K14+E14 -> 2000 | M14: ='6'!M14+'7'!G14 -> 840 | P14: 바닥재 | S14: 24.8 | W14: ='6'!W14+'7'!S14 -> 71.64
A15: 가성소다 | C15: ='6'!I15 -> 1123 | E15: 0 | G15: 33 | I15: =C15+E15-G15 -> 1090 | K15: ='6'!K15+E15 -> 0 | M15: ='6'!M15+'7'!G15 -> 209
A16: 소석회 | C16: ='6'!I16 -> 2230 | E16: 0 | G16: 20 | I16: =C16+E16-G16 -> 2210 | K16: ='6'!K16+E16 -> 0 | M16: ='6'!M16+'7'!G16 -> 140 | P16: 구분 | S16: 주간 | U16: 야간 | W16: 합계 | Y16: 누계
A17: 소 금 | C17: ='6'!I17 -> 2090 | E17: 0 | G17: 200 | I17: =C17+E17-G17 -> 1890 | K17: ='6'!K17+E17 -> 1440 | M17: ='6'!M17+'7'!G17 -> 1400
A18: 경 유 | C18: ='6'!I18 -> 5340 | E18: 0 | G18: 0 | I18: =C18+E18-G18 -> 5340 | K18: ='6'!K18+E18 -> 0 | M18: ='6'!M18+'7'!G18 -> 0 | P18: 불연물 | S18: 2 | U18: 1 | W18: =S18+U18 -> 3 | Y18: ='6'!Y18+'7'!W18 -> 27
A19: SRF | C19: ='6'!I19 -> 93235 | E19: 66070 | G19: 78842 | I19: =C19+E19-G19 -> 80463 | K19: ='6'!K19+E19 -> 445440 | M19: ='6'!M19+'7'!G19 -> 474977
A20: 규 사 | C20: ='6'!I20 -> - | E20: 0 | G20: 0 | I20: - | K20: ='6'!K20+'7'!E20 -> 0 | M20: ='6'!M20+'7'!G20 -> 0
A22: 5. 전력 사용량 (KWH) | P22: 6. 유틸리티 사용현황 (㎥)
A23: 구 분 | D23: 전일지침 | G23: 금일지침 | J23: 사용량 | M23: 누 계 | P23: 구 분 | S23: 전일 사용량 | V23: 금일 사용량 | Y23: 누 계
A24: MAIN | D24: ='6'!G24 -> 3819302 | G24: 3840163 | J24: =G24-D24 -> 20861 | M24: ='6'!M24+J24 -> 168595 | P24: 재이용수 | S24: ='6'!V24 -> 426.3 | V24: 421.4 | Y24: ='6'!Y24+'7'!V24 -> 2988.6
A25: ASH 저장조 | D25: ='6'!G25 -> 32988.4 | G25: 33021.8 | J25: =G25-D25 -> 33.4 | M25: ='6'!M25+J25 -> 257.7 | P25: 복류수 | S25: ='6'!V25 -> 57.3 | V25: 61.2 | Y25: ='6'!Y25+'7'!V25 -> 398.6
A26: BAG FILTER | D26: ='6'!G26 -> 24430 | G26: 24450 | J26: =G26-D26 -> 20 | M26: ='6'!M26+J26 -> 150 | P26: 응축수 | S26: ='6'!V26 -> 541.2 | V26: 574.8 | Y26: ='6'!Y26+'7'!V26 -> 3408.3
A27: SCRUBBER | D27: ='6'!G27 -> 1362000 | G27: 1365000 | J27: =G27-D27 -> 3000 | M27: ='6'!M27+J27 -> 26000 | P27: 보일러 급수 | S27: ='6'!V27 -> 531.5 | V27: 527.8 | Y27: ='6'!Y27+'7'!V27 -> 3526.9
A28: 활성탄 공급 | D28: ='6'!G28 -> 5310 | G28: 5362 | J28: =G28-D28 -> 52 | M28: ='6'!M28+J28 -> 424 | P28: 폐 수 | S28: ='6'!V28 -> 0 | V28: 0 | Y28: ='6'!Y28+'7'!V28 -> 0
A29: 소석회 공급 | D29: ='6'!G29 -> 66200 | G29: 66210 | J29: =G29-D29 -> 10 | M29: ='6'!M29+J29 -> 30 | P29: 연 수 | S29: ='6'!V29 -> 61.6 | V29: 69.9 | Y29: ='6'!Y29+'7'!V29 -> 439.9
A30: 요소수 공급 | D30: ='6'!G30 -> 53310 | G30: 53320 | J30: =G30-D30 -> 10 | M30: ='6'!M30+J30 -> 100 | P30: 계 | S30: =SUM(S24:U29) -> 1617.9 | Y30: ='6'!Y30+'7'!V30 -> 1528.3
A31: F.D | D31: ='6'!G31 -> 6252030 | G31: 6259077 | J31: =G31-D31 -> 7047 | K31: 12.255 | L31: 12.255 | M31: ='6'!M31+J31 -> 56982
A32: 활성탄 BAG | D32: ='6'!G32 -> 1.7 | G32: 1.7 | J32: =G32-D32 -> 0 | K32: 12.255 | L32: 12.255 | M32: ='6'!M32+J32 -> 0.1
A33: 소석회 BAG | D33: ='6'!G33 -> 0 | G33: 0 | J33: =G33-D33 -> 0 | K33: 12.255 | L33: 12.255 | M33: ='6'!M33+J33 -> 0
A35: 7. 특이사항
A36: 오 전
A49: 오 후
A63: 야 간

Sheet 8
A1: 근 무 자 | B1: 오 전 | D1: 오 후 | F1: 야 간 | H1: 유동상소각로 운전일지 | T1: 결 재 | U1: 반장 | W1: 대리 | Y1: 팀장
B2: 임종민 | D2: 임종민 권정민 | F2: 권정민
H3: 46211
A5: 1. 소각현황(KG) | P5: 2. BOILER 운전현황(TON, HR)
A6: 구 분 | D6: SRF소각량 | G6: SLUDGE 소각량 | J6: 합 계 | P6: 구 분 | R6: 스팀 생산량 | U6: 스팀 송기량 | X6: 가동시간
A7: 금 일 | D7: 81006 | G7: 106400 | J7: =D7+G7 -> 187406 | P7: 금 일 | R7: 468.2 | U7: 253.9 | X7: 24
A8: 누 계 | D8: ='7'!D8+D7 -> 555983 | G8: ='7'!G8+'8'!G7 -> 1212200 | J8: =D8+G8 -> 1768183 | P8: 누 계 | R8: ='7'!R8+'8'!R7 -> 3797.9 | U8: ='7'!U8+U7 -> 2596 | X8: ='7'!X8+'8'!X7 -> 192
A10: 3. 약품 사용현황 (KG) | P10: 4. 소각재 발생량 (TON, 대)
A11: 품 명 | C11: 전일 재고량 | E11: 입고량 | G11: 사용량 | I11: 재고량 | K11: 입고량 누계 | M11: 사용량 누계 | P11: 구 분 | S11: 반출량 | W11: 누계
A12: 탄산암모늄 | C12: ='7'!I12 -> 19708 | E12: 0 | G12: 4727 | I12: =C12+E12-G12 -> 14981 | K12: ='7'!K12+'8'!E12 -> 31470 | M12: ='7'!M12+'8'!G12 -> 31403 | P12: 비산재 | S12: 55.74 | W12: ='7'!W12+'8'!S12 -> 332.34
A13: 청관제 | C13: ='7'!I13 -> 640 | E13: 0 | G13: 80 | I13: =C13+E13-G13 -> 560 | K13: ='7'!K13+'8'!E13 -> 710 | M13: ='7'!M13+'8'!G13 -> 740
A14: 활성탄 | C14: ='7'!I14 -> 1760 | E14: 0 | G14: 120 | I14: =C14+E14-G14 -> 1640 | K14: ='7'!K14+'8'!E14 -> 2000 | M14: ='7'!M14+'8'!G14 -> 960 | P14: 바닥재 | S14: 0 | W14: ='7'!W14+'8'!S14 -> 71.64
A15: 가성소다 | C15: ='7'!I15 -> 1090 | E15: 0 | G15: 29 | I15: =C15+E15-G15 -> 1061 | K15: ='7'!K15+'8'!E15 -> 0 | M15: ='7'!M15+'8'!G15 -> 238
A16: 소석회 | C16: ='7'!I16 -> 2210 | E16: 0 | G16: 20 | I16: =C16+E16-G16 -> 2190 | K16: ='7'!K16+'8'!E16 -> 0 | M16: ='7'!M16+'8'!G16 -> 160 | P16: 구분 | S16: 주간 | U16: 야간 | W16: 합계 | Y16: 누계
A17: 소 금 | C17: ='7'!I17 -> 1890 | E17: 0 | G17: 200 | I17: =C17+E17-G17 -> 1690 | K17: ='7'!K17+'8'!E17 -> 1440 | M17: ='7'!M17+'8'!G17 -> 1600
A18: 경 유 | C18: ='7'!I18 -> 5340 | E18: 0 | G18: 0 | I18: =C18+E18-G18 -> 5340 | K18: ='7'!K18+'8'!E18 -> 0 | M18: ='7'!M18+'8'!G18 -> 0 | P18: 불연물 | S18: 2 | U18: 2 | W18: =S18+U18 -> 4 | Y18: ='7'!Y18+'8'!W18 -> 31
A19: SRF | C19: ='7'!I19 -> 80463 | E19: 71350 | G19: =D7 -> 81006 | I19: =C19+E19-G19 -> 70807 | K19: ='7'!K19+'8'!E19 -> 516790 | M19: ='7'!M19+'8'!G19 -> 555983
A20: 규 사 | C20: ='7'!I20 -> - | I20: - | K20: ='7'!K20+'8'!E20 -> 0 | M20: ='7'!M20+'8'!G20 -> 0
A22: 5. 전력 사용량 (KWH) | P22: 6. 유틸리티 사용현황 (㎥)
A23: 구 분 | D23: 전일지침 | G23: 금일지침 | J23: 사용량 | M23: 누 계 | P23: 구 분 | S23: 전일 사용량 | V23: 금일 사용량 | Y23: 누 계
A24: MAIN | D24: ='7'!G24 -> 3840163 | G24: 3861765 | J24: =G24-D24 -> 21602 | M24: ='7'!M24+J24 -> 190197 | P24: 재이용수 | S24: ='7'!V24 -> 421.4 | V24: 414.6 | Y24: ='7'!Y24+'8'!V24 -> 3403.2
A25: ASH 저장조 | D25: ='7'!G25 -> 33021.8 | G25: 33055.3 | J25: =G25-D25 -> 33.5 | M25: ='7'!M25+J25 -> 291.2 | P25: 복류수 | S25: ='7'!V25 -> 61.2 | V25: 55.2 | Y25: ='7'!Y25+'8'!V25 -> 453.8
A26: BAG FILTER | D26: ='7'!G26 -> 24450 | G26: 24470 | J26: =G26-D26 -> 20 | M26: ='7'!M26+J26 -> 170 | P26: 응축수 | S26: ='7'!V26 -> 574.8 | V26: 532.6 | Y26: ='7'!Y26+'8'!V26 -> 3940.9
A27: SCRUBBER | D27: ='7'!G27 -> 1365000 | G27: 1369000 | J27: =G27-D27 -> 4000 | M27: ='7'!M27+J27 -> 30000 | P27: 보일러 급수 | S27: ='7'!V27 -> 527.8 | V27: 506.4 | Y27: ='7'!Y27+'8'!V27 -> 4033.3
A28: 활성탄 공급 | D28: ='7'!G28 -> 5362 | G28: 5418 | J28: =G28-D28 -> 56 | M28: ='7'!M28+J28 -> 480 | P28: 폐 수 | S28: ='7'!V28 -> 0 | V28: 0 | Y28: ='7'!Y28+'8'!V28 -> 0
A29: 소석회 공급 | D29: ='7'!G29 -> 66210 | G29: 66210 | J29: =G29-D29 -> 0 | M29: ='7'!M29+J29 -> 30 | P29: 연 수 | S29: ='7'!V29 -> 69.9 | V29: 59.7 | Y29: ='7'!Y29+'8'!V29 -> 499.6
A30: 요소수 공급 | D30: ='7'!G30 -> 53320 | G30: 53330 | J30: =G30-D30 -> 10 | M30: ='7'!M30+J30 -> 110 | P30: 계 | S30: =SUM(S24:U29) -> 1655.1 | Y30: ='7'!Y30+'8'!V30 -> 1528.3
A31: F.D | D31: ='7'!G31 -> 6259077 | G31: 6266307 | J31: =G31-D31 -> 7230 | K31: 12.255 | L31: 12.255 | M31: ='7'!M31+J31 -> 64212
A32: 활성탄 BAG | D32: ='7'!G32 -> 1.7 | G32: 1.7 | J32: =G32-D32 -> 0 | K32: 12.255 | L32: 12.255 | M32: ='7'!M32+J32 -> 0.1
A33: 소석회 BAG | D33: ='7'!G33 -> 0 | G33: 0 | J33: =G33-D33 -> 0 | K33: 12.255 | L33: 12.255 | M33: ='7'!M33+J33 -> 0
A35: 7. 특이사항
A36: 오 전
A49: 오 후
A63: 야 간

Sheet 9
A1: 근 무 자 | B1: 오 전 | D1: 오 후 | F1: 야 간 | H1: 유동상소각로 운전일지 | T1: 결 재 | U1: 반장 | W1: 대리 | Y1: 팀장
B2: 임종민 | D2: 임종민,권정민 | F2: 권정민
H3: 46212
A5: 1. 소각현황(KG) | P5: 2. BOILER 운전현황(TON, HR)
A6: 구 분 | D6: SRF소각량 | G6: SLUDGE 소각량 | J6: 합 계 | P6: 구 분 | R6: 스팀 생산량 | U6: 스팀 송기량 | X6: 가동시간
A7: 금 일 | D7: 78799 | G7: 152000 | J7: =D7+G7 -> 230799 | P7: 금 일 | R7: 497 | U7: 388.7 | X7: 24
A8: 누 계 | D8: ='8'!D8+'9'!D7 -> 634782 | G8: ='8'!G8+'9'!G7 -> 1364200 | J8: =D8+G8 -> 1998982 | P8: 누 계 | R8: ='8'!R8+'9'!R7 -> 4294.9 | U8: ='8'!U8+U7 -> 2984.7 | X8: ='8'!X8+'9'!X7 -> 216
A10: 3. 약품 사용현황 (KG) | P10: 4. 소각재 발생량 (TON, 대)
A11: 품 명 | C11: 전일 재고량 | E11: 입고량 | G11: 사용량 | I11: 재고량 | K11: 입고량 누계 | M11: 사용량 누계 | P11: 구 분 | S11: 반출량 | W11: 누계
A12: 탄산암모늄 | C12: ='8'!I12 -> 14981 | E12: 0 | G12: 3518 | I12: =C12+E12-G12 -> 11463 | K12: ='8'!K12+'9'!E12 -> 31470 | M12: ='8'!M12+G12 -> 34921 | P12: 비산재 | S12: 30.99 | W12: ='8'!W12+'9'!S12 -> 363.33
A13: 청관제 | C13: ='8'!I13 -> 560 | E13: 0 | G13: 90 | I13: =C13+E13-G13 -> 470 | K13: ='8'!K13+'9'!E13 -> 710 | M13: ='8'!M13+G13 -> 830
A14: 활성탄 | C14: ='8'!I14 -> 1640 | E14: 0 | G14: 120 | I14: =C14+E14-G14 -> 1520 | K14: ='8'!K14+'9'!E14 -> 2000 | M14: ='8'!M14+G14 -> 1080 | P14: 바닥재 | S14: 0 | W14: ='8'!W14+'9'!S14 -> 71.64
A15: 가성소다 | C15: ='8'!I15 -> 1061 | E15: 0 | G15: 26 | I15: =C15+E15-G15 -> 1035 | K15: ='8'!K15+'9'!E15 -> 0 | M15: ='8'!M15+G15 -> 264
A16: 소석회 | C16: ='8'!I16 -> 2190 | E16: 0 | G16: 20 | I16: =C16+E16-G16 -> 2170 | K16: ='8'!K16+'9'!E16 -> 0 | M16: ='8'!M16+G16 -> 180 | P16: 구분 | S16: 주간 | U16: 야간 | W16: 합계 | Y16: 누계
A17: 소 금 | C17: ='8'!I17 -> 1690 | E17: 0 | G17: 200 | I17: =C17+E17-G17 -> 1490 | K17: ='8'!K17+'9'!E17 -> 1440 | M17: ='8'!M17+G17 -> 1800
A18: 경 유 | C18: ='8'!I18 -> 5340 | E18: 0 | G18: 0 | I18: =C18+E18-G18 -> 5340 | K18: ='8'!K18+'9'!E18 -> 0 | M18: ='8'!M18+G18 -> 0 | P18: 불연물 | S18: 2 | U18: 1 | W18: =S18+U18 -> 3 | Y18: ='8'!Y18+'9'!W18 -> 34
A19: SRF | C19: ='8'!I19 -> 70807 | E19: 70800 | G19: =D7 -> 78799 | I19: =C19+E19-G19 -> 62808 | K19: ='8'!K19+'9'!E19 -> 587590 | M19: ='8'!M19+G19 -> 634782
A20: 규 사 | C20: ='8'!I20 -> - | E20: 0 | G20: 0 | I20: - | K20: ='8'!K20+'9'!E20 -> 0 | M20: ='8'!M20+G20 -> 0
A22: 5. 전력 사용량 (KWH) | P22: 6. 유틸리티 사용현황 (㎥)
A23: 구 분 | D23: 전일지침 | G23: 금일지침 | J23: 사용량 | M23: 누 계 | P23: 구 분 | S23: 전일 사용량 | V23: 금일 사용량 | Y23: 누 계
A24: MAIN | D24: ='8'!G24 -> 3861765 | G24: 3883602 | J24: =G24-D24 -> 21837 | M24: ='8'!M24+J24 -> 212034 | P24: 재이용수 | S24: ='8'!V24 -> 414.6 | V24: 473.9 | Y24: ='8'!Y24+'9'!V24 -> 3877.1
A25: ASH 저장조 | D25: ='8'!G25 -> 33055.3 | G25: 33087.1 | J25: =G25-D25 -> 31.8 | M25: ='8'!M25+J25 -> 323 | P25: 복류수 | S25: ='8'!V25 -> 55.2 | V25: 55.4 | Y25: ='8'!Y25+'9'!V25 -> 509.2
A26: BAG FILTER | D26: ='8'!G26 -> 24470 | G26: 24490 | J26: =G26-D26 -> 20 | M26: ='8'!M26+J26 -> 190 | P26: 응축수 | S26: ='8'!V26 -> 532.6 | V26: 514.9 | Y26: ='8'!Y26+'9'!V26 -> 4455.8
A27: SCRUBBER | D27: ='8'!G27 -> 1369000 | G27: 1372000 | J27: =G27-D27 -> 3000 | M27: ='8'!M27+J27 -> 33000 | P27: 보일러 급수 | S27: ='8'!V27 -> 506.4 | V27: 508.5 | Y27: ='8'!Y27+'9'!V27 -> 4541.8
A28: 활성탄 공급 | D28: ='8'!G28 -> 5418 | G28: 5471 | J28: =G28-D28 -> 53 | M28: ='8'!M28+J28 -> 533 | P28: 폐 수 | S28: ='8'!V28 -> 0 | V28: 0 | Y28: ='8'!Y28+'9'!V28 -> 0
A29: 소석회 공급 | D29: ='8'!G29 -> 66210 | G29: 66210 | J29: =G29-D29 -> 0 | M29: ='8'!M29+J29 -> 30 | P29: 연 수 | S29: ='8'!V29 -> 59.7 | V29: 62 | Y29: ='8'!Y29+'9'!V29 -> 561.6
A30: 요소수 공급 | D30: ='8'!G30 -> 53330 | G30: 53340 | J30: =G30-D30 -> 10 | M30: ='8'!M30+J30 -> 120 | P30: 계 | S30: =SUM(S24:U29) -> 1568.5 | Y30: ='8'!Y30+'9'!V30 -> 1528.3
A31: F.D | D31: ='8'!G31 -> 6266307 | G31: 6273899 | J31: =G31-D31 -> 7592 | K31: 12.255 | L31: 12.255 | M31: ='8'!M31+J31 -> 71804
A32: 활성탄 BAG | D32: ='8'!G32 -> 1.7 | G32: 1.7 | J32: =G32-D32 -> 0 | K32: 12.255 | L32: 12.255 | M32: ='8'!M32+J32 -> 0.1
A33: 소석회 BAG | D33: ='8'!G33 -> 0 | G33: 0 | J33: =G33-D33 -> 0 | K33: 12.255 | L33: 12.255 | M33: ='8'!M33+J33 -> 0
A35: 7. 특이사항
A36: 오 전
A49: 오 후
A63: 야 간

Sheet 10
A1: 근 무 자 | B1: 오 전 | D1: 오 후 | F1: 야 간 | H1: 유동상소각로 운전일지 | T1: 결 재 | U1: 반장 | W1: 대리 | Y1: 팀장
B2: 김동욱 | D2: 임종민 | F2: 권정민
H3: 46213
A5: 1. 소각현황(KG) | P5: 2. BOILER 운전현황(TON, HR)
A6: 구 분 | D6: SRF소각량 | G6: SLUDGE 소각량 | J6: 합 계 | P6: 구 분 | R6: 스팀 생산량 | U6: 스팀 송기량 | X6: 가동시간
A7: 금 일 | D7: 80936 | G7: 138500 | J7: =D7+G7 -> 219436 | P7: 금 일 | R7: 507.6 | U7: 319.8 | X7: 24
A8: 누 계 | D8: ='9'!D8+'10'!D7 -> 715718 | G8: ='9'!G8+'10'!G7 -> 1502700 | J8: =D8+G8 -> 2218418 | P8: 누 계 | R8: ='9'!R8+'10'!R7 -> 4802.5 | U8: ='9'!U8+U7 -> 3304.5 | X8: ='9'!X8+'10'!X7 -> 240
A10: 3. 약품 사용현황 (KG) | P10: 4. 소각재 발생량 (TON, 대)
A11: 품 명 | C11: 전일 재고량 | E11: 입고량 | G11: 사용량 | I11: 재고량 | K11: 입고량 누계 | M11: 사용량 누계 | P11: 구 분 | S11: 반출량 | W11: 누계
A12: 탄산암모늄 | C12: ='9'!I12 -> 11463 | E12: 11400 | G12: 3494 | I12: =C12+E12-G12 -> 19369 | K12: ='9'!K12+'10'!E12 -> 42870 | M12: ='9'!M12+'10'!G12 -> 38415 | P12: 비산재 | S12: 26.21 | W12: ='9'!W12+'10'!S12 -> 389.54
A13: 청관제 | C13: ='9'!I13 -> 470 | E13: 0 | G13: 100 | I13: =C13+E13-G13 -> 370 | K13: ='9'!K13+'10'!E13 -> 710 | M13: ='9'!M13+'10'!G13 -> 930
A14: 활성탄 | C14: ='9'!I14 -> 1520 | E14: 0 | G14: 120 | I14: =C14+E14-G14 -> 1400 | K14: ='9'!K14+'10'!E14 -> 2000 | M14: ='9'!M14+'10'!G14 -> 1200 | P14: 바닥재 | S14: 0 | W14: ='9'!W14+'10'!S14 -> 71.64
A15: 가성소다 | C15: ='9'!I15 -> 1035 | E15: 0 | G15: 31 | I15: =C15+E15-G15 -> 1004 | K15: ='9'!K15+'10'!E15 -> 0 | M15: ='9'!M15+'10'!G15 -> 295
A16: 소석회 | C16: ='9'!I16 -> 2170 | E16: 0 | G16: 20 | I16: =C16+E16-G16 -> 2150 | K16: ='9'!K16+'10'!E16 -> 0 | M16: ='9'!M16+'10'!G16 -> 200 | P16: 구분 | S16: 주간 | U16: 야간 | W16: 합계 | Y16: 누계
A17: 소 금 | C17: ='9'!I17 -> 1490 | E17: 0 | G17: 200 | I17: =C17+E17-G17 -> 1290 | K17: ='9'!K17+'10'!E17 -> 1440 | M17: ='9'!M17+'10'!G17 -> 2000
A18: 경 유 | C18: ='9'!I18 -> 5340 | E18: 0 | G18: 0 | I18: =C18+E18-G18 -> 5340 | K18: ='9'!K18+'10'!E18 -> 0 | M18: ='9'!M18+'10'!G18 -> 0 | P18: 불연물 | S18: 1 | U18: 1 | W18: =S18+U18 -> 2 | Y18: ='9'!Y18+W18 -> 36
A19: SRF | C19: ='9'!I19 -> 62808 | E19: 65350 | G19: =D7 -> 80936 | I19: =C19+E19-G19 -> 47222 | K19: ='9'!K19+'10'!E19 -> 652940 | M19: ='9'!M19+'10'!G19 -> 715718
A20: 규 사 | C20: ='9'!I20 -> - | E20: 0 | G20: 0 | I20: - | K20: ='9'!K20+'10'!E20 -> 0 | M20: ='9'!M20+'10'!G20 -> 0
A22: 5. 전력 사용량 (KWH) | P22: 6. 유틸리티 사용현황 (㎥)
A23: 구 분 | D23: 전일지침 | G23: 금일지침 | J23: 사용량 | M23: 누 계 | P23: 구 분 | S23: 전일 사용량 | V23: 금일 사용량 | Y23: 누 계
A24: MAIN | D24: ='9'!G24 -> 3883602 | G24: 3905553 | J24: =G24-D24 -> 21951 | M24: ='9'!M24+'10'!J24 -> 233985 | P24: 재이용수 | S24: ='9'!V24 -> 473.9 | V24: 562 | Y24: ='9'!Y24+V24 -> 4439.1
A25: ASH 저장조 | D25: ='9'!G25 -> 33087.1 | G25: 33117.7 | J25: =G25-D25 -> 30.6 | M25: ='9'!M25+'10'!J25 -> 353.6 | P25: 복류수 | S25: ='9'!V25 -> 55.4 | V25: 62.9 | Y25: ='9'!Y25+V25 -> 572.1
A26: BAG FILTER | D26: ='9'!G26 -> 24490 | G26: 24510 | J26: =G26-D26 -> 20 | M26: ='9'!M26+'10'!J26 -> 210 | P26: 응축수 | S26: ='9'!V26 -> 514.9 | V26: 488.1 | Y26: ='9'!Y26+V26 -> 4943.9
A27: SCRUBBER | D27: ='9'!G27 -> 1372000 | G27: 1375000 | J27: =G27-D27 -> 3000 | M27: ='9'!M27+'10'!J27 -> 36000 | P27: 보일러 급수 | S27: ='9'!V27 -> 508.5 | V27: 513.3 | Y27: ='9'!Y27+V27 -> 5055.1
A28: 활성탄 공급 | D28: ='9'!G28 -> 5471 | G28: 5522 | J28: =G28-D28 -> 51 | M28: ='9'!M28+'10'!J28 -> 584 | P28: 폐 수 | S28: ='9'!V28 -> 0 | V28: 0 | Y28: ='9'!Y28+V28 -> 0
A29: 소석회 공급 | D29: ='9'!G29 -> 66210 | G29: 66220 | J29: =G29-D29 -> 10 | M29: ='9'!M29+'10'!J29 -> 40 | P29: 연 수 | S29: ='9'!V29 -> 62 | V29: 70.3 | Y29: ='9'!Y29+V29 -> 631.9
A30: 요소수 공급 | D30: ='9'!G30 -> 53340 | G30: 53350 | J30: =G30-D30 -> 10 | M30: ='9'!M30+'10'!J30 -> 130 | P30: 계 | S30: ='9'!S30 -> 1568.5 | Y30: ='9'!Y30+V30 -> 1528.3
A31: F.D | D31: ='9'!G31 -> 6273899 | G31: 6281769 | J31: =G31-D31 -> 7870 | K31: 12.255 | L31: 12.255 | M31: ='9'!M31+'10'!J31 -> 79674
A32: 활성탄 BAG | D32: ='9'!G32 -> 1.7 | G32: 1.7 | J32: =G32-D32 -> 0 | K32: 12.255 | L32: 12.255 | M32: ='9'!M32+'10'!J32 -> 0.1
A33: 소석회 BAG | D33: ='9'!G33 -> 0 | G33: 0 | J33: =G33-D33 -> 0 | K33: 12.255 | L33: 12.255 | M33: ='9'!M33+'10'!J33 -> 0
A35: 7. 특이사항
A36: 오 전
A49: 오 후
A63: 야 간

Sheet 11
A1: 근 무 자 | B1: 오 전 | D1: 오 후 | F1: 야 간 | H1: 유동상소각로 운전일지 | T1: 결 재 | U1: 반장 | W1: 대리 | Y1: 팀장
B2: 김동욱 | D2: 임종민 | F2: 김문한
H3: 46214
A5: 1. 소각현황(KG) | P5: 2. BOILER 운전현황(TON, HR)
A6: 구 분 | D6: SRF소각량 | G6: SLUDGE 소각량 | J6: 합 계 | P6: 구 분 | R6: 스팀 생산량 | U6: 스팀 송기량 | X6: 가동시간
A7: 금 일 | D7: 73131 | G7: 127700 | J7: =D7+G7 -> 200831 | P7: 금 일 | R7: 495.7 | U7: 384.2 | X7: 24
A8: 누 계 | D8: ='10'!D8+'11'!D7 -> 788849 | G8: ='10'!G8+G7 -> 1630400 | J8: =D8+G8 -> 2419249 | P8: 누 계 | R8: ='10'!R8+R7 -> 5298.2 | U8: ='10'!U8+U7 -> 3688.7 | X8: ='10'!X8+'11'!X7 -> 264
A10: 3. 약품 사용현황 (KG) | P10: 4. 소각재 발생량 (TON, 대)
A11: 품 명 | C11: 전일 재고량 | E11: 입고량 | G11: 사용량 | I11: 재고량 | K11: 입고량 누계 | M11: 사용량 누계 | P11: 구 분 | S11: 반출량 | W11: 누계
A12: 탄산암모늄 | C12: ='10'!I12 -> 19369 | E12: 0 | G12: 4136 | I12: =C12+E12-G12 -> 15233 | K12: ='10'!K12+'11'!E12 -> 42870 | M12: ='10'!M12+G12 -> 42551 | P12: 비산재 | S12: 56.34 | W12: ='10'!W12+'11'!S12 -> 445.88
A13: 청관제 | C13: ='10'!I13 -> 370 | E13: 0 | G13: 90 | I13: =C13+E13-G13 -> 280 | K13: ='10'!K13+'11'!E13 -> 710 | M13: ='10'!M13+G13 -> 1020
A14: 활성탄 | C14: ='10'!I14 -> 1400 | E14: 0 | G14: 120 | I14: =C14+E14-G14 -> 1280 | K14: ='10'!K14+'11'!E14 -> 2000 | M14: ='10'!M14+G14 -> 1320 | P14: 바닥재 | S14: 22.1 | W14: ='10'!W14+'11'!S14 -> 93.74
A15: 가성소다 | C15: ='10'!I15 -> 1004 | E15: 0 | G15: 24 | I15: =C15+E15-G15 -> 980 | K15: ='10'!K15+'11'!E15 -> 0 | M15: ='10'!M15+G15 -> 319
A16: 소석회 | C16: ='10'!I16 -> 2150 | E16: 0 | G16: 20 | I16: =C16+E16-G16 -> 2130 | K16: ='10'!K16+'11'!E16 -> 0 | M16: ='10'!M16+G16 -> 220 | P16: 구분 | S16: 주간 | U16: 야간 | W16: 합계 | Y16: 누계
A17: 소 금 | C17: ='10'!I17 -> 1290 | E17: 0 | G17: 200 | I17: =C17+E17-G17 -> 1090 | K17: ='10'!K17+'11'!E17 -> 1440 | M17: ='10'!M17+G17 -> 2200
A18: 경 유 | C18: ='10'!I18 -> 5340 | E18: 0 | G18: 0 | I18: =C18+E18-G18 -> 5340 | K18: ='10'!K18+'11'!E18 -> 0 | M18: ='10'!M18+G18 -> 0 | P18: 불연물 | S18: 3 | U18: 2 | W18: =S18+U18 -> 5 | Y18: ='10'!Y18+'11'!W18 -> 41
A19: SRF | C19: ='10'!I19 -> 47222 | E19: 98650 | G19: =D7 -> 73131 | I19: =C19+E19-G19 -> 72741 | K19: ='10'!K19+'11'!E19 -> 751590 | M19: ='10'!M19+G19 -> 788849
A20: 규 사 | C20: ='10'!I20 -> - | E20: 0 | G20: 0 | I20: - | K20: ='10'!K20+'11'!E20 -> 0 | M20: ='10'!M20+G20 -> 0
A22: 5. 전력 사용량 (KWH) | P22: 6. 유틸리티 사용현황 (㎥)
A23: 구 분 | D23: 전일지침 | G23: 금일지침 | J23: 사용량 | M23: 누 계 | P23: 구 분 | S23: 전일 사용량 | V23: 금일 사용량 | Y23: 누 계
A24: MAIN | D24: ='10'!G24 -> 3905553 | G24: 3926872 | J24: =G24-D24 -> 21319 | M24: ='10'!M24+'11'!J24 -> 255304 | P24: 재이용수 | S24: ='10'!V24 -> 562 | V24: 558.8 | Y24: ='10'!Y24+'11'!V24 -> 4997.9
A25: ASH 저장조 | D25: ='10'!G25 -> 33117.7 | G25: 33147.1 | J25: =G25-D25 -> 29.4 | M25: ='10'!M25+'11'!J25 -> 383 | P25: 복류수 | S25: ='10'!V25 -> 62.9 | V25: 56.5 | Y25: ='10'!Y25+'11'!V25 -> 628.6
A26: BAG FILTER | D26: ='10'!G26 -> 24510 | G26: 24530 | J26: =G26-D26 -> 20 | M26: ='10'!M26+'11'!J26 -> 230 | P26: 응축수 | S26: ='10'!V26 -> 488.1 | V26: 468.7 | Y26: ='10'!Y26+'11'!V26 -> 5412.6
A27: SCRUBBER | D27: ='10'!G27 -> 1375000 | G27: 1378000 | J27: =G27-D27 -> 3000 | M27: ='10'!M27+'11'!J27 -> 39000 | P27: 보일러 급수 | S27: ='10'!V27 -> 513.3 | V27: 500 | Y27: ='10'!Y27+'11'!V27 -> 5555.1
A28: 활성탄 공급 | D28: ='10'!G28 -> 5522 | G28: 5571 | J28: =G28-D28 -> 49 | M28: ='10'!M28+'11'!J28 -> 633 | P28: 폐 수 | S28: ='10'!V28 -> 0 | V28: 0 | Y28: ='10'!Y28+'11'!V28 -> 0
A29: 소석회 공급 | D29: ='10'!G29 -> 66220 | G29: 66220 | J29: =G29-D29 -> 0 | M29: ='10'!M29+'11'!J29 -> 40 | P29: 연 수 | S29: ='10'!V29 -> 70.3 | V29: 64.8 | Y29: ='10'!Y29+'11'!V29 -> 696.7
A30: 요소수 공급 | D30: ='10'!G30 -> 53350 | G30: 53370 | J30: =G30-D30 -> 20 | M30: ='10'!M30+'11'!J30 -> 150 | P30: 계 | S30: =SUM(S24:U29) -> 1696.6 | Y30: ='10'!Y30+'11'!V30 -> 1528.3
A31: F.D | D31: ='10'!G31 -> 6281769 | G31: 6289325 | J31: =G31-D31 -> 7556 | K31: 12.255 | L31: 12.255 | M31: ='10'!M31+J31 -> 87230
A32: 활성탄 BAG | D32: ='10'!G32 -> 1.7 | G32: 1.7 | J32: 0 | K32: 12.255 | L32: 12.255 | M32: ='10'!M32+J32 -> 0.1
A33: 소석회 BAG | D33: ='10'!G33 -> 0 | G33: 0 | J33: =G33-D33 -> 0 | K33: 12.255 | L33: 12.255 | M33: ='10'!M33+J33 -> 0
A35: 7. 특이사항
A36: 오 전
A49: 오 후
A63: 야 간

Sheet 12
A1: 근 무 자 | B1: 오 전 | D1: 오 후 | F1: 야 간 | H1: 유동상소각로 운전일지 | T1: 결 재 | U1: 반장 | W1: 대리 | Y1: 팀장
B2: 김동욱 | D2: 임종민 | F2: 김문한
H3: 46215
A5: 1. 소각현황(KG) | P5: 2. BOILER 운전현황(TON, HR)
A6: 구 분 | D6: SRF소각량 | G6: SLUDGE 소각량 | J6: 합 계 | P6: 구 분 | R6: 스팀 생산량 | U6: 스팀 송기량 | X6: 가동시간
A7: 금 일 | D7: 72830 | G7: 142900 | J7: =D7+G7 -> 215730 | P7: 금 일 | R7: 491.5 | U7: 365.7 | X7: 24
A8: 누 계 | D8: ='11'!D8+'12'!D7 -> 861679 | G8: ='11'!G8+G7 -> 1773300 | J8: =D8+G8 -> 2634979 | P8: 누 계 | R8: ='11'!R8+'12'!R7 -> 5789.7 | U8: ='11'!U8+U7 -> 4054.4 | X8: ='11'!X8+'12'!X7 -> 288
A10: 3. 약품 사용현황 (KG) | P10: 4. 소각재 발생량 (TON, 대)
A11: 품 명 | C11: 전일 재고량 | E11: 입고량 | G11: 사용량 | I11: 재고량 | K11: 입고량 누계 | M11: 사용량 누계 | P11: 구 분 | S11: 반출량 | W11: 누계
A12: 탄산암모늄 | C12: ='11'!I12 -> 15233 | E12: 0 | G12: 3591 | I12: =C12+E12-G12 -> 11642 | K12: ='11'!K12+'12'!E12 -> 42870 | M12: ='11'!M12+'12'!G12 -> 46142 | P12: 비산재 | S12: 0 | W12: ='11'!W12+'12'!S12 -> 445.88
A13: 청관제 | C13: ='11'!I13 -> 280 | E13: 0 | G13: 100 | I13: =C13+E13-G13 -> 180 | K13: ='11'!K13+'12'!E13 -> 710 | M13: ='11'!M13+'12'!G13 -> 1120
A14: 활성탄 | C14: ='11'!I14 -> 1280 | E14: 0 | G14: 120 | I14: =C14+E14-G14 -> 1160 | K14: ='11'!K14+'12'!E14 -> 2000 | M14: ='11'!M14+'12'!G14 -> 1440 | P14: 바닥재 | S14: 0 | W14: ='11'!W14+'12'!S14 -> 93.74
A15: 가성소다 | C15: ='11'!I15 -> 980 | E15: 0 | G15: 22 | I15: =C15+E15-G15 -> 958 | K15: ='11'!K15+'12'!E15 -> 0 | M15: ='11'!M15+'12'!G15 -> 341
A16: 소석회 | C16: ='11'!I16 -> 2130 | E16: 0 | G16: 20 | I16: =C16+E16-G16 -> 2110 | K16: ='11'!K16+'12'!E16 -> 0 | M16: ='11'!M16+'12'!G16 -> 240 | P16: 구분 | S16: 주간 | U16: 야간 | W16: 합계 | Y16: 누계
A17: 소 금 | C17: ='11'!I17 -> 1090 | E17: 1440 | G17: 200 | I17: =C17+E17-G17 -> 2330 | K17: ='11'!K17+'12'!E17 -> 2880 | M17: ='11'!M17+'12'!G17 -> 2400
A18: 경 유 | C18: ='11'!I18 -> 5340 | E18: 0 | G18: 0 | I18: =C18+E18-G18 -> 5340 | K18: ='11'!K18+'12'!E18 -> 0 | M18: ='11'!M18+'12'!G18 -> 0 | P18: 불연물 | S18: 2 | U18: 2 | W18: =S18+U18 -> 4 | Y18: ='11'!Y18+'12'!W18 -> 45
A19: SRF | C19: ='11'!I19 -> 72741 | E19: 68680 | G19: =D7 -> 72830 | I19: =C19+E19-G19 -> 68591 | K19: ='11'!K19+'12'!E19 -> 820270 | M19: ='11'!M19+'12'!G19 -> 861679
A20: 규 사 | C20: ='11'!I20 -> - | E20: 0 | G20: 0 | I20: - | K20: ='11'!K20+'12'!E20 -> 0 | M20: ='11'!M20+'12'!G20 -> 0
A22: 5. 전력 사용량 (KWH) | P22: 6. 유틸리티 사용현황 (㎥)
A23: 구 분 | D23: 전일지침 | G23: 금일지침 | J23: 사용량 | M23: 누 계 | P23: 구 분 | S23: 전일 사용량 | V23: 금일 사용량 | Y23: 누 계
A24: MAIN | D24: ='11'!G24 -> 3926872 | G24: 3949272 | J24: =G24-D24 -> 22400 | M24: ='11'!M24+J24 -> 277704 | P24: 재이용수 | S24: ='11'!V24 -> 558.8 | V24: 561.3 | Y24: ='11'!Y24+'12'!V24 -> 5559.2
A25: ASH 저장조 | D25: ='11'!G25 -> 33147.1 | G25: 33176.5 | J25: =G25-D25 -> 29.4 | M25: ='11'!M25+J25 -> 412.4 | P25: 복류수 | S25: ='11'!V25 -> 56.5 | V25: 60.8 | Y25: ='11'!Y25+'12'!V25 -> 689.4
A26: BAG FILTER | D26: ='11'!G26 -> 24530 | G26: 24550 | J26: =G26-D26 -> 20 | M26: ='11'!M26+J26 -> 250 | P26: 응축수 | S26: ='11'!V26 -> 468.7 | V26: 521.6 | Y26: ='11'!Y26+'12'!V26 -> 5934.2
A27: SCRUBBER | D27: ='11'!G27 -> 1378000 | G27: 1381000 | J27: =G27-D27 -> 3000 | M27: ='11'!M27+J27 -> 42000 | P27: 보일러 급수 | S27: ='11'!V27 -> 500 | V27: 516.5 | Y27: ='11'!Y27+'12'!V27 -> 6071.6
A28: 활성탄 공급 | D28: ='11'!G28 -> 5571 | G28: 5620 | J28: =G28-D28 -> 49 | M28: ='11'!M28+J28 -> 682 | P28: 폐 수 | S28: ='11'!V28 -> 0 | V28: 0 | Y28: ='11'!Y28+'12'!V28 -> 0
A29: 소석회 공급 | D29: ='11'!G29 -> 66220 | G29: 66220 | J29: =G29-D29 -> 0 | M29: ='11'!M29+J29 -> 40 | P29: 연 수 | S29: ='11'!V29 -> 64.8 | V29: 68.9 | Y29: ='11'!Y29+'12'!V29 -> 765.6
A30: 요소수 공급 | D30: ='11'!G30 -> 53370 | G30: 53380 | J30: =G30-D30 -> 10 | M30: ='11'!M30+J30 -> 160 | P30: 계 | S30: =SUM(S24:U29) -> 1648.8 | Y30: ='11'!Y30+'12'!V30 -> 1528.3
A31: F.D | D31: ='11'!G31 -> 6289325 | G31: 6297139 | J31: =G31-D31 -> 7814 | K31: 12.255 | L31: 12.255 | M31: ='11'!M31+J31 -> 95044
A32: 활성탄 BAG | D32: ='11'!G32 -> 1.7 | G32: 1.7 | J32: =G32-D32 -> 0 | K32: 12.255 | L32: 12.255 | M32: ='11'!M32+J32 -> 0.1
A33: 소석회 BAG | D33: ='11'!G33 -> 0 | G33: 0 | J33: =G33-D33 -> 0 | K33: 12.255 | L33: 12.255 | M33: ='11'!M33+J33 -> 0
A35: 7. 특이사항
A36: 오 전
A49: 오 후
A63: 야 간

Sheet 13
A1: 근 무 자 | B1: 오 전 | D1: 오 후 | F1: 야 간 | H1: 유동상소각로 운전일지 | T1: 결 재 | U1: 반장 | W1: 대리 | Y1: 팀장
B2: 김동욱 | D2: 김동욱,김문한 | F2: 김문한
H3: 46216
A5: 1. 소각현황(KG) | P5: 2. BOILER 운전현황(TON, HR)
A6: 구 분 | D6: SRF소각량 | G6: SLUDGE 소각량 | J6: 합 계 | P6: 구 분 | R6: 스팀 생산량 | U6: 스팀 송기량 | X6: 가동시간
A7: 금 일 | D7: 76475 | G7: 137100 | J7: =D7+G7 -> 213575 | P7: 금 일 | R7: 487.2 | U7: 338.4 | X7: 24
A8: 누 계 | D8: ='12'!D8+D7 -> 938154 | G8: ='12'!G8+G7 -> 1910400 | J8: =D8+G8 -> 2848554 | P8: 누 계 | R8: ='12'!R8+'13'!R7 -> 6276.9 | U8: ='12'!U8+'13'!U7 -> 4392.8 | X8: ='12'!X8+X7 -> 312
A10: 3. 약품 사용현황 (KG) | P10: 4. 소각재 발생량 (TON, 대)
A11: 품 명 | C11: 전일 재고량 | E11: 입고량 | G11: 사용량 | I11: 재고량 | K11: 입고량 누계 | M11: 사용량 누계 | P11: 구 분 | S11: 반출량 | W11: 누계
A12: 탄산암모늄 | C12: ='12'!I12 -> 11642 | E12: 11350 | G12: 3941 | I12: =C12+E12-G12 -> 19051 | K12: ='12'!K12+E12 -> 54220 | M12: ='12'!M12+'13'!G12 -> 50083 | P12: 비산재 | S12: 26.67 | W12: ='12'!W12+'13'!S12 -> 472.55
A13: 청관제 | C13: ='12'!I13 -> 180 | E13: 910 | G13: 100 | I13: =C13+E13-G13 -> 990 | K13: ='12'!K13+E13 -> 1620 | M13: ='12'!M13+'13'!G13 -> 1220
A14: 활성탄 | C14: ='12'!I14 -> 1160 | E14: 0 | G14: 120 | I14: =C14+E14-G14 -> 1040 | K14: ='12'!K14+E14 -> 2000 | M14: ='12'!M14+'13'!G14 -> 1560 | P14: 바닥재 | S14: 0 | W14: ='12'!W14+'13'!S14 -> 93.74
A15: 가성소다 | C15: ='12'!I15 -> 958 | E15: 0 | G15: 31 | I15: =C15+E15-G15 -> 927 | K15: ='12'!K15+E15 -> 0 | M15: ='12'!M15+'13'!G15 -> 372
A16: 소석회 | C16: ='12'!I16 -> 2110 | E16: 0 | G16: 20 | I16: =C16+E16-G16 -> 2090 | K16: ='12'!K16+E16 -> 0 | M16: ='12'!M16+'13'!G16 -> 260 | P16: 구분 | S16: 주간 | U16: 야간 | W16: 합계 | Y16: 누계
A17: 소 금 | C17: ='12'!I17 -> 2330 | E17: 0 | G17: 200 | I17: =C17+E17-G17 -> 2130 | K17: ='12'!K17+E17 -> 2880 | M17: ='12'!M17+'13'!G17 -> 2600
A18: 경 유 | C18: ='12'!I18 -> 5340 | E18: 0 | G18: 0 | I18: =C18+E18-G18 -> 5340 | K18: ='12'!K18+E18 -> 0 | M18: ='12'!M18+'13'!G18 -> 0 | P18: 불연물 | S18: 1 | U18: 2 | W18: =S18+U18 -> 3 | Y18: ='12'!Y18+'13'!W18 -> 48
A19: SRF | C19: ='12'!I19 -> 68591 | E19: 74790 | G19: =D7 -> 76475 | I19: =C19+E19-G19 -> 66906 | K19: ='12'!K19+E19 -> 895060 | M19: ='12'!M19+'13'!G19 -> 938154
A20: 규 사 | C20: ='12'!I20 -> - | E20: 0 | G20: 0 | I20: - | K20: ='12'!K20+'13'!E20 -> 0 | M20: ='12'!M20+'13'!G20 -> 0
A22: 5. 전력 사용량 (KWH) | P22: 6. 유틸리티 사용현황 (㎥)
A23: 구 분 | D23: 전일지침 | G23: 금일지침 | J23: 사용량 | M23: 누 계 | P23: 구 분 | S23: 전일 사용량 | V23: 금일 사용량 | Y23: 누 계
A24: MAIN | D24: ='12'!G24 -> 3949272 | G24: 3971350 | J24: =G24-D24 -> 22078 | M24: ='12'!M24+J24 -> 299782 | P24: 재이용수 | S24: ='12'!V24 -> 561.3 | V24: 561.3 | Y24: ='12'!Y24+V24 -> 6120.5
A25: ASH 저장조 | D25: ='12'!G25 -> 33176.5 | G25: 33206.6 | J25: =G25-D25 -> 30.1 | M25: ='12'!M25+J25 -> 442.5 | P25: 복류수 | S25: ='12'!V25 -> 60.8 | V25: 60.6 | Y25: ='12'!Y25+V25 -> 750
A26: BAG FILTER | D26: ='12'!G26 -> 24550 | G26: 24570 | J26: =G26-D26 -> 20 | M26: ='12'!M26+J26 -> 270 | P26: 응축수 | S26: ='12'!V26 -> 521.6 | V26: 525.1 | Y26: ='12'!Y26+V26 -> 6459.3
A27: SCRUBBER | D27: ='12'!G27 -> 1381000 | G27: 1384000 | J27: =G27-D27 -> 3000 | M27: ='12'!M27+J27 -> 45000 | P27: 보일러 급수 | S27: ='12'!V27 -> 516.5 | V27: 577.6 | Y27: ='12'!Y27+V27 -> 6649.2
A28: 활성탄 공급 | D28: ='12'!G28 -> 5620 | G28: 5669 | J28: =G28-D28 -> 49 | M28: ='12'!M28+J28 -> 731 | P28: 폐 수 | S28: ='12'!V28 -> 0 | V28: 0 | Y28: ='12'!Y28+V28 -> 0
A29: 소석회 공급 | D29: ='12'!G29 -> 66220 | G29: 66220 | J29: =G29-D29 -> 0 | M29: ='12'!M29+J29 -> 40 | P29: 연 수 | S29: ='12'!V29 -> 68.9 | V29: 75.6 | Y29: ='12'!Y29+V29 -> 841.2
A30: 요소수 공급 | D30: ='12'!G30 -> 53380 | G30: 53390 | J30: =G30-D30 -> 10 | M30: ='12'!M30+J30 -> 170 | P30: 계 | S30: =SUM(S24:U29) -> 1729.1 | Y30: ='12'!Y30+V30 -> 1528.3
A31: F.D | D31: ='12'!G31 -> 6297139 | G31: 6304835 | J31: =G31-D31 -> 7696 | K31: 12.255 | L31: 12.255 | M31: ='12'!M31+J31 -> 102740
A32: 활성탄 BAG | D32: ='12'!G32 -> 1.7 | G32: 1.7 | J32: =G32-D32 -> 0 | K32: 12.255 | L32: 12.255 | M32: ='12'!M32+J32 -> 0.1
A33: 소석회 BAG | D33: ='12'!G33 -> 0 | G33: 0 | J33: =G33-D33 -> 0 | K33: 12.255 | L33: 12.255 | M33: ='12'!M33+J33 -> 0
A35: 7. 특이사항
A36: 오 전
A49: 오 후
A63: 야 간

Sheet 14
A1: 근 무 자 | B1: 오 전 | D1: 오 후 | F1: 야 간 | H1: 유동상소각로 운전일지 | T1: 결 재 | U1: 반장 | W1: 대리 | Y1: 팀장
B2: 권정민 | D2: 권정민,김문한 | F2: 김문한
H3: 46217
A5: 1. 소각현황(KG) | P5: 2. BOILER 운전현황(TON, HR)
A6: 구 분 | D6: SRF소각량 | G6: SLUDGE 소각량 | J6: 합 계 | P6: 구 분 | R6: 스팀 생산량 | U6: 스팀 송기량 | X6: 가동시간
A7: 금 일 | D7: 69312 | G7: 148900 | J7: =D7+G7 -> 218212 | P7: 금 일 | R7: 487.8 | U7: 86.6 | X7: 24
A8: 누 계 | D8: ='13'!D8+D7 -> 1007466 | G8: ='13'!G8+G7 -> 2059300 | J8: =D8+G8 -> 3066766 | P8: 누 계 | R8: ='13'!R8+'14'!R7 -> 6764.7 | U8: ='13'!U8+U7 -> 4479.4 | X8: ='13'!X8+'14'!X7 -> 336
A10: 3. 약품 사용현황 (KG) | P10: 4. 소각재 발생량 (TON, 대)
A11: 품 명 | C11: 전일 재고량 | E11: 입고량 | G11: 사용량 | I11: 재고량 | K11: 입고량 누계 | M11: 사용량 누계 | P11: 구 분 | S11: 반출량 | W11: 누계
A12: 탄산암모늄 | C12: ='13'!I12 -> 19051 | E12: 0 | G12: 4270 | I12: =C12+E12-G12 -> 14781 | K12: ='13'!K12+'14'!E12 -> 54220 | M12: ='13'!M12+G12 -> 54353 | P12: 비산재 | S12: 59.94 | W12: ='13'!W12+'14'!S12 -> 532.49
A13: 청관제 | C13: ='13'!I13 -> 990 | E13: 0 | G13: 90 | I13: =C13+E13-G13 -> 900 | K13: ='13'!K13+'14'!E13 -> 1620 | M13: ='13'!M13+G13 -> 1310
A14: 활성탄 | C14: ='13'!I14 -> 1040 | E14: 0 | G14: 120 | I14: =C14+E14-G14 -> 920 | K14: ='13'!K14+'14'!E14 -> 2000 | M14: ='13'!M14+G14 -> 1680 | P14: 바닥재 | S14: 24.69 | W14: ='13'!W14+'14'!S14 -> 118.43
A15: 가성소다 | C15: ='13'!I15 -> 927 | E15: 0 | G15: 24 | I15: =C15+E15-G15 -> 903 | K15: ='13'!K15+'14'!E15 -> 0 | M15: ='13'!M15+G15 -> 396
A16: 소석회 | C16: ='13'!I16 -> 2090 | E16: 0 | G16: 20 | I16: =C16+E16-G16 -> 2070 | K16: ='13'!K16+'14'!E16 -> 0 | M16: ='13'!M16+G16 -> 280 | P16: 구분 | S16: 주간 | U16: 야간 | W16: 합계 | Y16: 누계
A17: 소 금 | C17: ='13'!I17 -> 2130 | E17: 0 | G17: 200 | I17: =C17+E17-G17 -> 1930 | K17: ='13'!K17+'14'!E17 -> 2880 | M17: ='13'!M17+G17 -> 2800
A18: 경 유 | C18: ='13'!I18 -> 5340 | E18: 0 | G18: 0 | I18: =C18+E18-G18 -> 5340 | K18: ='13'!K18+'14'!E18 -> 0 | M18: ='13'!M18+G18 -> 0 | P18: 불연물 | S18: 1 | U18: 2 | W18: =S18+U18 -> 3 | Y18: ='13'!Y18+'14'!W18 -> 51
A19: SRF | C19: ='13'!I19 -> 66906 | E19: 67100 | G19: =D7 -> 69312 | I19: =C19+E19-G19 -> 64694 | K19: ='13'!K19+'14'!E19 -> 962160 | M19: ='13'!M19+G19 -> 1007466
A20: 규 사 | C20: ='13'!I20 -> - | E20: 0 | G20: 0 | I20: - | K20: ='13'!K20+'14'!E20 -> 0 | M20: ='13'!M20+G20 -> 0
A22: 5. 전력 사용량 (KWH) | P22: 6. 유틸리티 사용현황 (㎥)
A23: 구 분 | D23: 전일지침 | G23: 금일지침 | J23: 사용량 | M23: 누 계 | P23: 구 분 | S23: 전일 사용량 | V23: 금일 사용량 | Y23: 누 계
A24: MAIN | D24: ='13'!G24 -> 3971350 | G24: 3993645 | J24: =G24-D24 -> 22295 | M24: ='13'!M24+'14'!J24 -> 322077 | P24: 재이용수 | S24: ='13'!V24 -> 561.3 | V24: 559.9 | Y24: ='13'!Y24+V24 -> 6680.4
A25: ASH 저장조 | D25: ='13'!G25 -> 33206.6 | G25: 33239.9 | J25: =G25-D25 -> 33.3 | M25: ='13'!M25+'14'!J25 -> 475.8 | P25: 복류수 | S25: ='13'!V25 -> 60.6 | V25: 61.1 | Y25: ='13'!Y25+V25 -> 811.1
A26: BAG FILTER | D26: ='13'!G26 -> 24570 | G26: 24590 | J26: =G26-D26 -> 20 | M26: ='13'!M26+'14'!J26 -> 290 | P26: 응축수 | S26: ='13'!V26 -> 525.1 | V26: 472.2 | Y26: ='13'!Y26+V26 -> 6931.5
A27: SCRUBBER | D27: ='13'!G27 -> 1384000 | G27: 1387000 | J27: =G27-D27 -> 3000 | M27: ='13'!M27+'14'!J27 -> 48000 | P27: 보일러 급수 | S27: ='13'!V27 -> 577.6 | V27: 482.6 | Y27: ='13'!Y27+V27 -> 7131.8
A28: 활성탄 공급 | D28: ='13'!G28 -> 5669 | G28: 5719 | J28: =G28-D28 -> 50 | M28: ='13'!M28+'14'!J28 -> 781 | P28: 폐 수 | S28: ='13'!V28 -> 0 | V28: 0 | Y28: ='13'!Y28+V28 -> 0
A29: 소석회 공급 | D29: ='13'!G29 -> 66220 | G29: 66230 | J29: =G29-D29 -> 10 | M29: ='13'!M29+'14'!J29 -> 50 | P29: 연 수 | S29: ='13'!V29 -> 75.6 | V29: 69 | Y29: ='13'!Y29+V29 -> 910.2
A30: 요소수 공급 | D30: ='13'!G30 -> 53390 | G30: 53400 | J30: =G30-D30 -> 10 | M30: ='13'!M30+'14'!J30 -> 180 | P30: 계 | S30: =SUM(S24:U29) -> 1800.2 | Y30: ='13'!Y30+V30 -> 1528.3
A31: F.D | D31: ='13'!G31 -> 6304835 | G31: 6312416 | J31: =G31-D31 -> 7581 | M31: ='13'!M31+J31 -> 110321
A32: 활성탄 BAG | D32: ='13'!G32 -> 1.7 | G32: 1.7 | J32: =G32-D32 -> 0 | K32: 12.255 | L32: 12.255 | M32: ='13'!M32+J32 -> 0.1
A33: 소석회 BAG | D33: ='13'!G33 -> 0 | G33: 0 | J33: =G33-D33 -> 0 | K33: 12.255 | L33: 12.255 | M33: ='13'!M33+J33 -> 0
A35: 7. 특이사항
A36: 오 전
A49: 오 후
A63: 야 간

Sheet 15
A1: 근 무 자 | B1: 오 전 | D1: 오 후 | F1: 야 간 | H1: 유동상소각로 운전일지 | T1: 결 재 | U1: 반장 | W1: 대리 | Y1: 팀장
B2: 임종민 | D2: 임종민,김문한 | F2: 김문한
H3: 46218
A5: 1. 소각현황(KG) | P5: 2. BOILER 운전현황(TON, HR)
A6: 구 분 | D6: SRF소각량 | G6: SLUDGE 소각량 | J6: 합 계 | P6: 구 분 | R6: 스팀 생산량 | U6: 스팀 송기량 | X6: 가동시간
A7: 금 일 | D7: 61510 | G7: 171100 | J7: =D7+G7 -> 232610 | P7: 금 일 | R7: 495.2 | U7: 124.8 | X7: 24
A8: 누 계 | D8: ='14'!D8+D7 -> 1068976 | G8: ='14'!G8+G7 -> 2230400 | J8: =D8+G8 -> 3299376 | P8: 누 계 | R8: ='14'!R8+'15'!R7 -> 7259.9 | U8: ='14'!U8+U7 -> 4604.2 | X8: ='14'!X8+X7 -> 360
A10: 3. 약품 사용현황 (KG) | P10: 4. 소각재 발생량 (TON, 대)
A11: 품 명 | C11: 전일 재고량 | E11: 입고량 | G11: 사용량 | I11: 재고량 | K11: 입고량 누계 | M11: 사용량 누계 | P11: 구 분 | S11: 반출량 | W11: 누계
A12: 탄산암모늄 | C12: ='14'!I12 -> 14781 | E12: 0 | G12: 4082 | I12: =C12+E12-G12 -> 10699 | K12: ='14'!K12+'15'!E12 -> 54220 | M12: ='14'!M12+G12 -> 58435 | P12: 비산재 | S12: 54.94 | W12: ='14'!W12+'15'!S12 -> 587.43
A13: 청관제 | C13: ='14'!I13 -> 900 | E13: 0 | G13: 90 | I13: =C13+E13-G13 -> 810 | K13: ='14'!K13+'15'!E13 -> 1620 | M13: ='14'!M13+G13 -> 1400
A14: 활성탄 | C14: ='14'!I14 -> 920 | E14: 0 | G14: 120 | I14: =C14+E14-G14 -> 800 | K14: ='14'!K14+'15'!E14 -> 2000 | M14: ='14'!M14+G14 -> 1800 | P14: 바닥재 | S14: 0 | W14: ='14'!W14+'15'!S14 -> 118.43
A15: 가성소다 | C15: ='14'!I15 -> 903 | E15: 0 | G15: 40 | I15: =C15+E15-G15 -> 863 | K15: ='14'!K15+'15'!E15 -> 0 | M15: ='14'!M15+G15 -> 436
A16: 소석회 | C16: ='14'!I16 -> 2070 | E16: 0 | G16: 20 | I16: =C16+E16-G16 -> 2050 | K16: ='14'!K16+'15'!E16 -> 0 | M16: ='14'!M16+G16 -> 300 | P16: 구분 | S16: 주간 | U16: 야간 | W16: 합계 | Y16: 누계
A17: 소 금 | C17: ='14'!I17 -> 1930 | E17: 0 | G17: 200 | I17: =C17+E17-G17 -> 1730 | K17: ='14'!K17+'15'!E17 -> 2880 | M17: ='14'!M17+G17 -> 3000
A18: 경 유 | C18: ='14'!I18 -> 5340 | E18: 0 | G18: 0 | I18: =C18+E18-G18 -> 5340 | K18: ='14'!K18+'15'!E18 -> 0 | M18: ='14'!M18+G18 -> 0 | P18: 불연물 | S18: 1 | U18: 2 | W18: =S18+U18 -> 3 | Y18: ='14'!Y18+'15'!W18 -> 54
A19: SRF | C19: ='14'!I19 -> 64694 | E19: 94630 | G19: =D7 -> 61510 | I19: =C19+E19-G19 -> 97814 | K19: ='14'!K19+'15'!E19 -> 1056790 | M19: ='14'!M19+G19 -> 1068976
A20: 규 사 | C20: ='14'!I20 -> - | I20: - | K20: ='14'!K20+'15'!E20 -> 0 | M20: ='14'!M20+G20 -> 0
A22: 5. 전력 사용량 (KWH) | P22: 6. 유틸리티 사용현황 (㎥)
A23: 구 분 | D23: 전일지침 | G23: 금일지침 | J23: 사용량 | M23: 누 계 | P23: 구 분 | S23: 전일 사용량 | V23: 금일 사용량 | Y23: 누 계
A24: MAIN | D24: ='14'!G24 -> 3993645 | G24: 4016997 | J24: =G24-D24 -> 23352 | M24: ='14'!M24+'15'!J24 -> 345429 | P24: 재이용수 | S24: ='14'!V24 -> 559.9 | V24: 559.3 | Y24: ='14'!Y24+'15'!V24 -> 7239.7
A25: ASH 저장조 | D25: ='14'!G25 -> 33239.9 | G25: 33273.7 | J25: =G25-D25 -> 33.8 | M25: ='14'!M25+'15'!J25 -> 509.6 | P25: 복류수 | S25: ='14'!V25 -> 61.1 | V25: 55.6 | Y25: ='14'!Y25+'15'!V25 -> 866.7
A26: BAG FILTER | D26: ='14'!G26 -> 24590 | G26: 24610 | J26: =G26-D26 -> 20 | M26: ='14'!M26+'15'!J26 -> 310 | P26: 응축수 | S26: ='14'!V26 -> 472.2 | V26: 480.7 | Y26: ='14'!Y26+'15'!V26 -> 7412.2
A27: SCRUBBER | D27: ='14'!G27 -> 1387000 | G27: 1390000 | J27: =G27-D27 -> 3000 | M27: ='14'!M27+'15'!J27 -> 51000 | P27: 보일러 급수 | S27: ='14'!V27 -> 482.6 | V27: 490.9 | Y27: ='14'!Y27+'15'!V27 -> 7622.7
A28: 활성탄 공급 | D28: ='14'!G28 -> 5719 | G28: 5772 | J28: =G28-D28 -> 53 | M28: ='14'!M28+'15'!J28 -> 834 | P28: 폐 수 | S28: ='14'!V28 -> 0 | V28: 0 | Y28: ='14'!Y28+'15'!V28 -> 0
A29: 소석회 공급 | D29: ='14'!G29 -> 66230 | G29: 66230 | J29: =G29-D29 -> 0 | M29: ='14'!M29+'15'!J29 -> 50 | P29: 연 수 | S29: ='14'!V29 -> 69 | V29: 66.6 | Y29: ='14'!Y29+'15'!V29 -> 976.8
A30: 요소수 공급 | D30: ='14'!G30 -> 53400 | G30: 53410 | J30: =G30-D30 -> 10 | M30: ='14'!M30+'15'!J30 -> 190 | P30: 계 | S30: =SUM(S24:U29) -> 1644.8 | Y30: ='14'!Y30+'15'!V30 -> 1528.3
A31: F.D | D31: ='14'!G31 -> 6312416 | G31: 6320513 | J31: =G31-D31 -> 8097 | M31: ='14'!M31+J31 -> 118418
A32: 활성탄 BAG | D32: ='14'!G32 -> 1.7 | G32: 1.7 | J32: =G32-D32 -> 0 | K32: 12.255 | L32: 12.255 | M32: ='14'!M32+J32 -> 0.1
A33: 소석회 BAG | D33: ='14'!G33 -> 0 | G33: 0 | J33: =G33-D33 -> 0 | K33: 12.255 | L33: 12.255 | M33: ='14'!M33+J33 -> 0
A35: 7. 특이사항
A36: 오 전
A49: 오 후
A63: 야 간

Sheet 16
A1: 근 무 자 | B1: 오 전 | D1: 오 후 | F1: 야 간 | H1: 유동상소각로 운전일지 | T1: 결 재 | U1: 반장 | W1: 대리 | Y1: 팀장
B2: 임종민 | D2: 권정민 | F2: 김동욱
H3: 46219
A5: 1. 소각현황(KG) | P5: 2. BOILER 운전현황(TON, HR)
A6: 구 분 | D6: SRF소각량 | G6: SLUDGE 소각량 | J6: 합 계 | P6: 구 분 | R6: 스팀 생산량 | U6: 스팀 송기량 | X6: 가동시간
A7: 금 일 | D7: 67599 | G7: 145400 | J7: =D7+G7 -> 212999 | P7: 금 일 | R7: 495.5 | U7: 405.4 | X7: 24
A8: 누 계 | D8: ='15'!D8+D7 -> 1136575 | G8: ='15'!G8+G7 -> 2375800 | J8: =D8+G8 -> 3512375 | P8: 누 계 | R8: ='15'!R8+R7 -> 7755.4 | U8: ='15'!U8+U7 -> 5009.6 | X8: ='15'!X8+'16'!X7 -> 384
A10: 3. 약품 사용현황 (KG) | P10: 4. 소각재 발생량 (TON, 대)
A11: 품 명 | C11: 전일 재고량 | E11: 입고량 | G11: 사용량 | I11: 재고량 | K11: 입고량 누계 | M11: 사용량 누계 | P11: 구 분 | S11: 반출량 | W11: 누계
A12: 탄산암모늄 | C12: ='15'!I12 -> 10699 | E12: 12190 | G12: 4223 | I12: =C12+E12-G12 -> 18666 | K12: ='15'!K12+'16'!E12 -> 66410 | M12: ='15'!M12+G12 -> 62658 | P12: 비산재 | S12: 29.21 | W12: ='15'!W12+'16'!S12 -> 616.64
A13: 청관제 | C13: ='15'!I13 -> 810 | E13: 0 | G13: 90 | I13: =C13+E13-G13 -> 720 | K13: ='15'!K13+'16'!E13 -> 1620 | M13: ='15'!M13+G13 -> 1490
A14: 활성탄 | C14: ='15'!I14 -> 800 | E14: 0 | G14: 120 | I14: =C14+E14-G14 -> 680 | K14: ='15'!K14+'16'!E14 -> 2000 | M14: ='15'!M14+G14 -> 1920 | P14: 바닥재 | S14: 0 | W14: ='15'!W14+'16'!S14 -> 118.43
A15: 가성소다 | C15: ='15'!I15 -> 863 | E15: 0 | G15: 31 | I15: =C15+E15-G15 -> 832 | K15: ='15'!K15+'16'!E15 -> 0 | M15: ='15'!M15+G15 -> 467
A16: 소석회 | C16: ='15'!I16 -> 2050 | E16: 0 | G16: 20 | I16: =C16+E16-G16 -> 2030 | K16: ='15'!K16+'16'!E16 -> 0 | M16: ='15'!M16+G16 -> 320 | P16: 구분 | S16: 주간 | U16: 야간 | W16: 합계 | Y16: 누계
A17: 소 금 | C17: ='15'!I17 -> 1730 | E17: 0 | G17: 200 | I17: =C17+E17-G17 -> 1530 | K17: ='15'!K17+'16'!E17 -> 2880 | M17: ='15'!M17+G17 -> 3200
A18: 경 유 | C18: ='15'!I18 -> 5340 | E18: 0 | G18: 0 | I18: =C18+E18-G18 -> 5340 | K18: ='15'!K18+'16'!E18 -> 0 | M18: ='15'!M18+G18 -> 0 | P18: 불연물 | S18: 0 | U18: 2 | W18: =S18+U18 -> 2 | Y18: ='15'!Y18+'16'!W18 -> 56
A19: SRF | C19: ='15'!I19 -> 97814 | E19: 48570 | G19: =D7 -> 67599 | I19: =C19+E19-G19 -> 78785 | K19: ='15'!K19+'16'!E19 -> 1105360 | M19: ='15'!M19+G19 -> 1136575
A20: 규 사 | C20: ='15'!I20 -> - | I20: - | K20: ='15'!K20+'16'!E20 -> 0 | M20: ='15'!M20+G20 -> 0
A22: 5. 전력 사용량 (KWH) | P22: 6. 유틸리티 사용현황 (㎥)
A23: 구 분 | D23: 전일지침 | G23: 금일지침 | J23: 사용량 | M23: 누 계 | P23: 구 분 | S23: 전일 사용량 | V23: 금일 사용량 | Y23: 누 계
A24: MAIN | D24: ='15'!G24 -> 4016997 | G24: 4039538 | J24: =G24-D24 -> 22541 | M24: ='15'!M24+'16'!J24 -> 367970 | P24: 재이용수 | S24: ='15'!V24 -> 559.3 | V24: 561.4 | Y24: ='15'!Y24+'16'!V24 -> 7801.1
A25: ASH 저장조 | D25: ='15'!G25 -> 33273.7 | G25: 33307.8 | J25: =G25-D25 -> 34.1 | M25: ='15'!M25+'16'!J25 -> 543.7 | P25: 복류수 | S25: ='15'!V25 -> 55.6 | V25: 66.8 | Y25: ='15'!Y25+'16'!V25 -> 933.5
A26: BAG FILTER | D26: ='15'!G26 -> 24610 | G26: 24630 | J26: =G26-D26 -> 20 | M26: ='15'!M26+'16'!J26 -> 330 | P26: 응축수 | S26: ='15'!V26 -> 480.7 | V26: 485.3 | Y26: ='15'!Y26+'16'!V26 -> 7897.5
A27: SCRUBBER | D27: ='15'!G27 -> 1390000 | G27: 1393000 | J27: =G27-D27 -> 3000 | M27: ='15'!M27+'16'!J27 -> 54000 | P27: 보일러 급수 | S27: ='15'!V27 -> 490.9 | V27: 508.4 | Y27: ='15'!Y27+'16'!V27 -> 8131.1
A28: 활성탄 공급 | D28: ='15'!G28 -> 5772 | G28: 5823 | J28: =G28-D28 -> 51 | M28: ='15'!M28+'16'!J28 -> 885 | P28: 폐 수 | S28: ='15'!V28 -> 0 | V28: 0 | Y28: ='15'!Y28+'16'!V28 -> 0
A29: 소석회 공급 | D29: ='15'!G29 -> 66230 | G29: 66230 | J29: =G29-D29 -> 0 | M29: ='15'!M29+'16'!J29 -> 50 | P29: 연 수 | S29: ='15'!V29 -> 66.6 | V29: 75.2 | Y29: ='15'!Y29+'16'!V29 -> 1052
A30: 요소수 공급 | D30: ='15'!G30 -> 53410 | G30: 53430 | J30: =G30-D30 -> 20 | M30: ='15'!M30+'16'!J30 -> 210 | P30: 계 | S30: ='15'!V30 -> 0 | Y30: ='15'!Y30+'16'!V30 -> 1528.3
A31: F.D | D31: ='15'!G31 -> 6320513 | G31: 6328164 | J31: =G31-D31 -> 7651 | M31: ='15'!M31+J31 -> 126069
A32: 활성탄 BAG | D32: ='15'!G32 -> 1.7 | G32: 1.7 | J32: =G32-D32 -> 0 | K32: 12.255 | L32: 12.255 | M32: ='15'!M32+J32 -> 0.1
A33: 소석회 BAG | D33: ='15'!G33 -> 0 | G33: 0 | J33: =G33-D33 -> 0 | K33: 12.255 | L33: 12.255 | M33: ='15'!M33+J33 -> 0
A35: 7. 특이사항
A36: 오 전
A49: 오 후
A63: 야 간

Sheet 17
A1: 근 무 자 | B1: 오 전 | D1: 오 후 | F1: 야 간 | H1: 유동상소각로 운전일지 | T1: 결 재 | U1: 반장 | W1: 대리 | Y1: 팀장
B2: 임종민 | D2: 권정민 | F2: 김동욱
H3: 46220
A5: 1. 소각현황(KG) | P5: 2. BOILER 운전현황(TON, HR)
A6: 구 분 | D6: SRF소각량 | G6: SLUDGE 소각량 | J6: 합 계 | P6: 구 분 | R6: 스팀 생산량 | U6: 스팀 송기량 | X6: 가동시간
A7: 금 일 | D7: 77111 | G7: 135800 | J7: =D7+G7 -> 212911 | P7: 금 일 | R7: 514.7 | U7: 389.5 | X7: 24
A8: 누 계 | D8: ='16'!D8+'17'!D7 -> 1213686 | G8: ='16'!G8+'17'!G7 -> 2511600 | J8: =D8+G8 -> 3725286 | P8: 누 계 | R8: ='16'!R8+R7 -> 8270.1 | U8: ='16'!U8+'17'!U7 -> 5399.1 | X8: ='16'!X8+'17'!X7 -> 408
A10: 3. 약품 사용현황 (KG) | P10: 4. 소각재 발생량 (TON, 대)
A11: 품 명 | C11: 전일 재고량 | E11: 입고량 | G11: 사용량 | I11: 재고량 | K11: 입고량 누계 | M11: 사용량 누계 | P11: 구 분 | S11: 반출량 | W11: 누계
A12: 탄산암모늄 | C12: ='16'!I12 -> 18666 | E12: 0 | G12: 4670 | I12: =C12+E12-G12 -> 13996 | K12: ='16'!K12+'17'!E12 -> 66410 | M12: ='16'!M12+G12 -> 67328 | P12: 비산재 | S12: 55.46 | W12: ='16'!W12+'17'!S12 -> 672.1
A13: 청관제 | C13: ='16'!I13 -> 720 | E13: 0 | G13: 100 | I13: =C13+E13-G13 -> 620 | K13: ='16'!K13+'17'!E13 -> 1620 | M13: ='16'!M13+G13 -> 1590
A14: 활성탄 | C14: ='16'!I14 -> 680 | E14: 0 | G14: 120 | I14: =C14+E14-G14 -> 560 | K14: ='16'!K14+'17'!E14 -> 2000 | M14: ='16'!M14+G14 -> 2040 | P14: 바닥재 | S14: 0 | W14: ='16'!W14+'17'!S14 -> 118.43
A15: 가성소다 | C15: ='16'!I15 -> 832 | E15: 0 | G15: 31 | I15: =C15+E15-G15 -> 801 | K15: ='16'!K15+'17'!E15 -> 0 | M15: ='16'!M15+G15 -> 498
A16: 소석회 | C16: ='16'!I16 -> 2030 | E16: 0 | G16: 20 | I16: =C16+E16-G16 -> 2010 | K16: ='16'!K16+'17'!E16 -> 0 | M16: ='16'!M16+G16 -> 340 | P16: 구분 | S16: 주간 | U16: 야간 | W16: 합계 | Y16: 누계
A17: 소 금 | C17: ='16'!I17 -> 1530 | E17: 0 | G17: 200 | I17: =C17+E17-G17 -> 1330 | K17: ='16'!K17+'17'!E17 -> 2880 | M17: ='16'!M17+G17 -> 3400
A18: 경 유 | C18: ='16'!I18 -> 5340 | E18: 0 | G18: 0 | I18: =C18+E18-G18 -> 5340 | K18: ='16'!K18+'17'!E18 -> 0 | M18: ='16'!M18+G18 -> 0 | P18: 불연물 | S18: 1 | U18: 1 | W18: =S18+U18 -> 2 | Y18: ='16'!Y18+'17'!W18 -> 58
A19: SRF | C19: ='16'!I19 -> 78785 | E19: 62710 | G19: =D7 -> 77111 | I19: =C19+E19-G19 -> 64384 | K19: ='16'!K19+'17'!E19 -> 1168070 | M19: ='16'!M19+G19 -> 1213686
A20: 규 사 | C20: ='16'!I20 -> - | I20: - | K20: ='18'!K20+'17'!E20 -> 0 | M20: ='18'!M20+G20 -> 0
A22: 5. 전력 사용량 (KWH) | P22: 6. 유틸리티 사용현황 (㎥)
A23: 구 분 | D23: 전일지침 | G23: 금일지침 | J23: 사용량 | M23: 누 계 | P23: 구 분 | S23: 전일 사용량 | V23: 금일 사용량 | Y23: 누 계
A24: MAIN | D24: ='16'!G24 -> 4039538 | G24: 4062078 | J24: =G24-D24 -> 22540 | M24: ='16'!M24+J24 -> 390510 | P24: 재이용수 | S24: ='16'!V24 -> 561.4 | V24: 565.1 | Y24: ='16'!Y24+'17'!V24 -> 8366.2
A25: ASH 저장조 | D25: ='16'!G25 -> 33307.8 | G25: 33342.6 | J25: =G25-D25 -> 34.8 | M25: ='16'!M25+J25 -> 578.5 | P25: 복류수 | S25: ='16'!V25 -> 66.8 | V25: 52.8 | Y25: ='16'!Y25+'17'!V25 -> 986.3
A26: BAG FILTER | D26: ='16'!G26 -> 24630 | G26: 24650 | J26: =G26-D26 -> 20 | M26: ='16'!M26+J26 -> 350 | P26: 응축수 | S26: ='16'!V26 -> 485.3 | V26: 504.6 | Y26: ='16'!Y26+'17'!V26 -> 8402.1
A27: SCRUBBER | D27: ='16'!G27 -> 1393000 | G27: 1396000 | J27: =G27-D27 -> 3000 | M27: ='16'!M27+J27 -> 57000 | P27: 보일러 급수 | S27: ='16'!V27 -> 508.4 | V27: 519.1 | Y27: ='16'!Y27+'17'!V27 -> 8650.2
A28: 활성탄 공급 | D28: ='16'!G28 -> 5823 | G28: 5875 | J28: =G28-D28 -> 52 | M28: ='16'!M28+J28 -> 937 | P28: 폐 수 | S28: ='16'!V28 -> 0 | V28: 0 | Y28: ='16'!Y28+'17'!V28 -> 0
A29: 소석회 공급 | D29: ='16'!G29 -> 66230 | G29: 66230 | J29: =G29-D29 -> 0 | M29: ='16'!M29+J29 -> 50 | P29: 연 수 | S29: ='16'!V29 -> 75.2 | V29: 67.2 | Y29: ='16'!Y29+'17'!V29 -> 1119.2
A30: 요소수 공급 | D30: ='16'!G30 -> 53430 | G30: 53440 | J30: =G30-D30 -> 10 | M30: ='16'!M30+J30 -> 220 | P30: 계 | S30: =SUM(S24:U29) -> 1697.1 | Y30: ='16'!Y30+'17'!V30 -> 1528.3
A31: F.D | D31: ='16'!G31 -> 6328164 | G31: 6336003 | J31: =G31-D31 -> 7839 | M31: ='16'!M31+J31 -> 133908
A32: 활성탄 BAG | D32: ='16'!G32 -> 1.7 | G32: 1.7 | J32: =G32-D32 -> 0 | K32: 12.255 | L32: 12.255 | M32: ='16'!M32+J32 -> 0.1
A33: 소석회 BAG | D33: ='16'!G33 -> 0 | G33: 0 | J33: =G33-D33 -> 0 | K33: 12.255 | L33: 12.255 | M33: ='16'!M33+J33 -> 0
A35: 7. 특이사항
A36: 오 전
A49: 오 후
A63: 야 간

Sheet 18
A1: 근 무 자 | B1: 오 전 | D1: 오 후 | F1: 야 간 | H1: 유동상소각로 운전일지 | T1: 결 재 | U1: 반장 | W1: 대리 | Y1: 팀장
B2: 임종민 | D2: 김문한 | F2: 김동욱
H3: 46221
A5: 1. 소각현황(KG) | P5: 2. BOILER 운전현황(TON, HR)
A6: 구 분 | D6: SRF소각량 | G6: SLUDGE 소각량 | J6: 합 계 | P6: 구 분 | R6: 스팀 생산량 | U6: 스팀 송기량 | X6: 가동시간
A7: 금 일 | D7: 68297 | G7: 150300 | J7: =D7+G7 -> 218597 | P7: 금 일 | R7: 491.5 | U7: 295 | X7: 24
A8: 누 계 | D8: ='17'!D8+'18'!D7 -> 1281983 | G8: ='17'!G8+G7 -> 2661900 | J8: =D8+G8 -> 3943883 | P8: 누 계 | R8: ='17'!R8+'18'!R7 -> 8761.6 | U8: ='17'!U8+U7 -> 5694.1 | X8: ='17'!X8+X7 -> 432
A10: 3. 약품 사용현황 (KG) | P10: 4. 소각재 발생량 (TON, 대)
A11: 품 명 | C11: 전일 재고량 | E11: 입고량 | G11: 사용량 | I11: 재고량 | K11: 입고량 누계 | M11: 사용량 누계 | P11: 구 분 | S11: 반출량 | W11: 누계
A12: 탄산암모늄 | C12: ='17'!I12 -> 13996 | E12: 0 | G12: 4036 | I12: =C12+E12-G12 -> 9960 | K12: ='17'!K12+'18'!E12 -> 66410 | M12: ='17'!M12+G12 -> 71364 | P12: 비산재 | S12: 0 | W12: ='17'!W12+'18'!S12 -> 672.1
A13: 청관제 | C13: ='17'!I13 -> 620 | E13: 0 | G13: 90 | I13: =C13+E13-G13 -> 530 | K13: ='17'!K13+'18'!E13 -> 1620 | M13: ='17'!M13+G13 -> 1680
A14: 활성탄 | C14: ='17'!I14 -> 560 | E14: 0 | G14: 120 | I14: =C14+E14-G14 -> 440 | K14: ='17'!K14+'18'!E14 -> 2000 | M14: ='17'!M14+G14 -> 2160 | P14: 바닥재 | S14: 20.82 | W14: ='17'!W14+'18'!S14 -> 139.25
A15: 가성소다 | C15: ='17'!I15 -> 801 | E15: 0 | G15: 40 | I15: =C15+E15-G15 -> 761 | K15: ='17'!K15+'18'!E15 -> 0 | M15: ='17'!M15+G15 -> 538
A16: 소석회 | C16: ='17'!I16 -> 2010 | E16: 0 | G16: 20 | I16: =C16+E16-G16 -> 1990 | K16: ='17'!K16+'18'!E16 -> 0 | M16: ='17'!M16+G16 -> 360 | P16: 구분 | S16: 주간 | U16: 야간 | W16: 합계 | Y16: 누계
A17: 소 금 | C17: ='17'!I17 -> 1330 | E17: 0 | G17: 200 | I17: =C17+E17-G17 -> 1130 | K17: ='17'!K17+'18'!E17 -> 2880 | M17: ='17'!M17+G17 -> 3600
A18: 경 유 | C18: ='17'!I18 -> 5340 | E18: 0 | G18: 0 | I18: =C18+E18-G18 -> 5340 | K18: ='17'!K18+'18'!E18 -> 0 | M18: ='17'!M18+G18 -> 0 | P18: 불연물 | S18: 1 | U18: 2 | W18: =S18+U18 -> 3 | Y18: ='17'!Y18+'18'!W18 -> 61
A19: SRF | C19: ='17'!I19 -> 64384 | E19: 89060 | G19: =D7 -> 68297 | I19: =C19+E19-G19 -> 85147 | K19: ='17'!K19+'18'!E19 -> 1257130 | M19: ='17'!M19+G19 -> 1281983
A20: 규 사 | C20: ='17'!I20 -> - | K20: 0 | M20: 0
A22: 5. 전력 사용량 (KWH) | P22: 6. 유틸리티 사용현황 (㎥)
A23: 구 분 | D23: 전일지침 | G23: 금일지침 | J23: 사용량 | M23: 누 계 | P23: 구 분 | S23: 전일 사용량 | V23: 금일 사용량 | Y23: 누 계
A24: MAIN | D24: ='17'!G24 -> 4062078 | G24: 4084502 | J24: =G24-D24 -> 22424 | M24: ='17'!M24+'18'!J24 -> 412934 | P24: 재이용수 | S24: ='17'!V24 -> 565.1 | V24: 554.1 | Y24: ='17'!Y24+V24 -> 8920.3
A25: ASH 저장조 | D25: ='17'!G25 -> 33342.6 | G25: 33377.2 | J25: =G25-D25 -> 34.6 | M25: ='17'!M25+'18'!J25 -> 613.1 | P25: 복류수 | S25: ='17'!V25 -> 52.8 | V25: 60.8 | Y25: ='17'!Y25+V25 -> 1047.1
A26: BAG FILTER | D26: ='17'!G26 -> 24650 | G26: 24670 | J26: =G26-D26 -> 20 | M26: ='17'!M26+'18'!J26 -> 370 | P26: 응축수 | S26: ='17'!V26 -> 504.6 | V26: 453.8 | Y26: ='17'!Y26+V26 -> 8855.9
A27: SCRUBBER | D27: ='17'!G27 -> 1396000 | G27: 1399000 | J27: =G27-D27 -> 3000 | M27: ='17'!M27+'18'!J27 -> 60000 | P27: 보일러 급수 | S27: ='17'!V27 -> 519.1 | V27: 490.4 | Y27: ='17'!Y27+V27 -> 9140.6
A28: 활성탄 공급 | D28: ='17'!G28 -> 5875 | G28: 5927 | J28: =G28-D28 -> 52 | M28: ='17'!M28+'18'!J28 -> 989 | P28: 폐 수 | S28: ='17'!V28 -> 0 | V28: 0 | Y28: ='17'!Y28+V28 -> 0
A29: 소석회 공급 | D29: ='17'!G29 -> 66230 | G29: 66240 | J29: =G29-D29 -> 10 | M29: ='17'!M29+'18'!J29 -> 60 | P29: 연 수 | S29: ='17'!V29 -> 67.2 | V29: 70.1 | Y29: ='17'!Y29+V29 -> 1189.3
A30: 요소수 공급 | D30: ='17'!G30 -> 53440 | G30: 53450 | J30: =G30-D30 -> 10 | M30: ='17'!M30+'18'!J30 -> 230 | P30: 계 | S30: ='17'!V30 -> 0 | Y30: ='17'!Y30+V30 -> 1528.3
A31: F.D | D31: ='17'!G31 -> 6336003 | G31: 6343653 | J31: =G31-D31 -> 7650 | M31: ='17'!M31+'18'!J31 -> 141558
A32: 활성탄 BAG | D32: ='17'!G32 -> 1.7 | G32: 1.7 | J32: =G32-D32 -> 0 | K32: 12.255 | L32: 12.255 | M32: ='17'!M32+'18'!J32 -> 0.1
A33: 소석회 BAG | D33: ='17'!G33 -> 0 | G33: 0 | J33: =G33-D33 -> 0 | K33: 12.255 | L33: 12.255 | M33: ='17'!M33+'18'!J33 -> 0
A35: 7. 특이사항
A36: 오 전
A49: 오 후
A63: 야 간

Sheet 19
A1: 근 무 자 | B1: 오 전 | D1: 오 후 | F1: 야 간 | H1: 유동상소각로 운전일지 | T1: 결 재 | U1: 반장 | W1: 대리 | Y1: 팀장
B2: 임종민 | D2: 김문한 | F2: 김동욱
H3: 46222
A5: 1. 소각현황(KG) | P5: 2. BOILER 운전현황(TON, HR)
A6: 구 분 | D6: SRF소각량 | G6: SLUDGE 소각량 | J6: 합 계 | P6: 구 분 | R6: 스팀 생산량 | U6: 스팀 송기량 | X6: 가동시간
A7: 금 일 | D7: 84977 | G7: 151500 | J7: =D7+G7 -> 236477 | P7: 금 일 | R7: 506.5 | U7: 232 | X7: 24
A8: 누 계 | D8: ='18'!D8+'19'!D7 -> 1366960 | G8: ='18'!G8+'19'!G7 -> 2813400 | J8: =D8+G8 -> 4180360 | P8: 누 계 | R8: ='18'!R8+R7 -> 9268.1 | U8: ='18'!U8+U7 -> 5926.1 | X8: ='18'!X8+'19'!X7 -> 456
A10: 3. 약품 사용현황 (KG) | P10: 4. 소각재 발생량 (TON, 대)
A11: 품 명 | C11: 전일 재고량 | E11: 입고량 | G11: 사용량 | I11: 재고량 | K11: 입고량 누계 | M11: 사용량 누계 | P11: 구 분 | S11: 반출량 | W11: 누계
A12: 탄산암모늄 | C12: ='18'!I12 -> 9960 | E12: 0 | G12: 4036 | I12: =C12+E12-G12 -> 5924 | K12: ='18'!K12+'19'!E12 -> 66410 | M12: ='18'!M12+G12 -> 75400 | P12: 비산재 | S12: 0 | W12: ='18'!W12+'19'!S12 -> 672.1
A13: 청관제 | C13: ='18'!I13 -> 530 | E13: 0 | G13: 90 | I13: =C13+E13-G13 -> 440 | K13: ='18'!K13+'19'!E13 -> 1620 | M13: ='18'!M13+G13 -> 1770
A14: 활성탄 | C14: ='18'!I14 -> 440 | E14: 0 | G14: 120 | I14: =C14+E14-G14 -> 320 | K14: ='18'!K14+'19'!E14 -> 2000 | M14: ='18'!M14+G14 -> 2280 | P14: 바닥재 | S14: 0 | W14: ='18'!W14+'19'!S14 -> 139.25
A15: 가성소다 | C15: ='18'!I15 -> 761 | E15: 0 | G15: 24 | I15: =C15+E15-G15 -> 737 | K15: ='18'!K15+'19'!E15 -> 0 | M15: ='18'!M15+G15 -> 562
A16: 소석회 | C16: ='18'!I16 -> 1990 | E16: 0 | G16: 20 | I16: =C16+E16-G16 -> 1970 | K16: ='18'!K16+'19'!E16 -> 0 | M16: ='18'!M16+G16 -> 380 | P16: 구분 | S16: 주간 | U16: 야간 | W16: 합계 | Y16: 누계
A17: 소 금 | C17: ='18'!I17 -> 1130 | E17: 0 | G17: 200 | I17: =C17+E17-G17 -> 930 | K17: ='18'!K17+'19'!E17 -> 2880 | M17: ='18'!M17+G17 -> 3800
A18: 경 유 | C18: ='18'!I18 -> 5340 | E18: 0 | G18: 0 | I18: =C18+E18-G18 -> 5340 | K18: ='18'!K18+'19'!E18 -> 0 | M18: ='18'!M18+G18 -> 0 | P18: 불연물 | S18: 1 | U18: 1 | W18: =S18+U18 -> 2 | Y18: ='18'!Y18+W18 -> 63
A19: SRF | C19: ='18'!I19 -> 85147 | E19: 65600 | G19: =D7 -> 84977 | I19: =C19+E19-G19 -> 65770 | K19: ='18'!K19+'19'!E19 -> 1322730 | M19: ='18'!M19+G19 -> 1366960
A20: 규 사 | C20: ='18'!I20 -> 0 | I20: - | K20: ='18'!K20+'19'!E20 -> 0 | M20: ='18'!M20+G20 -> 0
A22: 5. 전력 사용량 (KWH) | P22: 6. 유틸리티 사용현황 (㎥)
A23: 구 분 | D23: 전일지침 | G23: 금일지침 | J23: 사용량 | M23: 누 계 | P23: 구 분 | S23: 전일 사용량 | V23: 금일 사용량 | Y23: 누 계
A24: MAIN | D24: ='18'!G24 -> 4084502 | G24: 4106818 | J24: =G24-D24 -> 22316 | M24: ='18'!M24+J24 -> 435250 | P24: 재이용수 | S24: ='18'!V24 -> 554.1 | V24: 556.5 | Y24: ='18'!Y24+'19'!V24 -> 9476.8
A25: ASH 저장조 | D25: ='18'!G25 -> 33377.2 | G25: 33410.8 | J25: =G25-D25 -> 33.6 | M25: ='18'!M25+J25 -> 646.7 | P25: 복류수 | S25: ='18'!V25 -> 60.8 | V25: 61.3 | Y25: ='18'!Y25+'19'!V25 -> 1108.4
A26: BAG FILTER | D26: ='18'!G26 -> 24670 | G26: 24690 | J26: =G26-D26 -> 20 | M26: ='18'!M26+J26 -> 390 | P26: 응축수 | S26: ='18'!V26 -> 453.8 | V26: 540.8 | Y26: ='18'!Y26+'19'!V26 -> 9396.7
A27: SCRUBBER | D27: ='18'!G27 -> 1399000 | G27: 1402000 | J27: =G27-D27 -> 3000 | M27: ='18'!M27+J27 -> 63000 | P27: 보일러 급수 | S27: ='18'!V27 -> 490.4 | V27: 530.6 | Y27: ='18'!Y27+'19'!V27 -> 9671.2
A28: 활성탄 공급 | D28: ='18'!G28 -> 5927 | G28: 5979 | J28: =G28-D28 -> 52 | M28: ='18'!M28+J28 -> 1041 | P28: 폐 수 | S28: ='18'!V28 -> 0 | V28: 0 | Y28: ='18'!Y28+'19'!V28 -> 0
A29: 소석회 공급 | D29: ='18'!G29 -> 66240 | G29: 66240 | J29: =G29-D29 -> 0 | M29: ='18'!M29+J29 -> 60 | P29: 연 수 | S29: ='18'!V29 -> 70.1 | V29: 76.1 | Y29: ='18'!Y29+'19'!V29 -> 1265.4
A30: 요소수 공급 | D30: ='18'!G30 -> 53450 | G30: 53460 | J30: =G30-D30 -> 10 | M30: ='18'!M30+J30 -> 240 | P30: 계 | S30: ='18'!V30 -> 0 | Y30: ='18'!Y30+'19'!V30 -> 1528.3
A31: F.D | D31: ='18'!G31 -> 6343653 | G31: 6351339 | J31: =G31-D31 -> 7686 | M31: ='18'!M31+J31 -> 149244
A32: 활성탄 BAG | D32: ='18'!G32 -> 1.7 | G32: 1.7 | J32: =G32-D32 -> 0 | K32: 12.255 | L32: 12.255 | M32: ='18'!M32+J32 -> 0.1
A33: 소석회 BAG | D33: ='18'!G33 -> 0 | G33: 0 | J33: =G33-D33 -> 0 | K33: 12.255 | L33: 12.255 | M33: ='18'!M33+J33 -> 0
A35: 7. 특이사항
A36: 오 전
A49: 오 후
A63: 야 간

Sheet 20
A1: 근 무 자 | B1: 오 전 | D1: 오 후 | F1: 야 간 | H1: 유동상소각로 운전일지 | T1: 결 재 | U1: 반장 | W1: 대리 | Y1: 팀장
B2: 권정민 | D2: 김문한 | F2: 김동욱
H3: 46223
A5: 1. 소각현황(KG) | P5: 2. BOILER 운전현황(TON, HR)
A6: 구 분 | D6: SRF소각량 | G6: SLUDGE 소각량 | J6: 합 계 | P6: 구 분 | R6: 스팀 생산량 | U6: 스팀 송기량 | X6: 가동시간
A7: 금 일 | D7: 90268 | G7: 121700 | J7: =D7+G7 -> 211968 | P7: 금 일 | R7: 506.3 | U7: 260.3 | X7: 24
A8: 누 계 | D8: ='19'!D8+'20'!D7 -> 1457228 | G8: ='19'!G8+'20'!G7 -> 2935100 | J8: =D8+G8 -> 4392328 | P8: 누 계 | R8: ='19'!R8+R7 -> 9774.4 | U8: ='19'!U8+U7 -> 6186.4 | X8: ='19'!X8+'20'!X7 -> 480
A10: 3. 약품 사용현황 (KG) | P10: 4. 소각재 발생량 (TON, 대)
A11: 품 명 | C11: 전일 재고량 | E11: 입고량 | G11: 사용량 | I11: 재고량 | K11: 입고량 누계 | M11: 사용량 누계 | P11: 구 분 | S11: 반출량 | W11: 누계
A12: 탄산암모늄 | C12: ='19'!I12 -> 5924 | E12: 16950 | G12: 3980 | I12: =C12+E12-G12 -> 18894 | K12: ='19'!K12+'20'!E12 -> 83360 | M12: ='19'!M12+G12 -> 79380 | P12: 비산재 | S12: 57.42 | W12: ='19'!W12+'20'!S12 -> 729.52
A13: 청관제 | C13: ='19'!I13 -> 440 | E13: 0 | G13: 100 | I13: =C13+E13-G13 -> 340 | K13: ='19'!K13+'20'!E13 -> 1620 | M13: ='19'!M13+G13 -> 1870
A14: 활성탄 | C14: ='19'!I14 -> 320 | E14: 0 | G14: 120 | I14: =C14+E14-G14 -> 200 | K14: ='19'!K14+'20'!E14 -> 2000 | M14: ='19'!M14+G14 -> 2400 | P14: 바닥재 | S14: 23.82 | W14: ='19'!W14+'20'!S14 -> 163.07
A15: 가성소다 | C15: ='19'!I15 -> 737 | E15: 0 | G15: 33 | I15: =C15+E15-G15 -> 704 | K15: ='19'!K15+'20'!E15 -> 0 | M15: ='19'!M15+G15 -> 595
A16: 소석회 | C16: ='19'!I16 -> 1970 | E16: 0 | G16: 20 | I16: =C16+E16-G16 -> 1950 | K16: ='19'!K16+'20'!E16 -> 0 | M16: ='19'!M16+G16 -> 400 | P16: 구분 | S16: 주간 | U16: 야간 | W16: 합계 | Y16: 누계
A17: 소 금 | C17: ='19'!I17 -> 930 | E17: 1440 | G17: 200 | I17: =C17+E17-G17 -> 2170 | K17: ='19'!K17+'20'!E17 -> 4320 | M17: ='19'!M17+G17 -> 4000
A18: 경 유 | C18: ='19'!I18 -> 5340 | E18: 0 | G18: 0 | I18: =C18+E18-G18 -> 5340 | K18: ='19'!K18+'20'!E18 -> 0 | M18: ='19'!M18+G18 -> 0 | P18: 불연물 | S18: 1 | U18: 2 | W18: =S18+U18 -> 3 | Y18: ='19'!Y18+'20'!W18 -> 66
A19: SRF | C19: ='19'!I19 -> 65770 | E19: 97000 | G19: =D7 -> 90268 | I19: =C19+E19-G19 -> 72502 | K19: ='19'!K19+'20'!E19 -> 1419730 | M19: ='19'!M19+G19 -> 1457228
A20: 규 사 | C20: ='19'!I20 -> - | I20: - | K20: ='19'!K20+'20'!E20 -> 0 | M20: ='19'!M20+G20 -> 0
A22: 5. 전력 사용량 (KWH) | P22: 6. 유틸리티 사용현황 (㎥)
A23: 구 분 | D23: 전일지침 | G23: 금일지침 | J23: 사용량 | M23: 누 계 | P23: 구 분 | S23: 전일 사용량 | V23: 금일 사용량 | Y23: 누 계
A24: MAIN | D24: ='19'!G24 -> 4106818 | G24: 4128530 | J24: =G24-D24 -> 21712 | M24: ='19'!M24+J24 -> 456962 | P24: 재이용수 | S24: ='19'!V24 -> 556.5 | V24: 556.6 | Y24: ='19'!Y24+'20'!V24 -> 10033.4
A25: ASH 저장조 | D25: ='19'!G25 -> 33410.8 | G25: 33445.6 | J25: =G25-D25 -> 34.8 | M25: ='19'!M25+J25 -> 681.5 | P25: 복류수 | S25: ='19'!V25 -> 61.3 | V25: 63 | Y25: ='19'!Y25+'20'!V25 -> 1171.4
A26: BAG FILTER | D26: ='19'!G26 -> 24690 | G26: 24720 | J26: =G26-D26 -> 30 | M26: ='19'!M26+J26 -> 420 | P26: 응축수 | S26: ='19'!V26 -> 540.8 | V26: 527 | Y26: ='19'!Y26+'20'!V26 -> 9923.7
A27: SCRUBBER | D27: ='19'!G27 -> 1402000 | G27: 1405000 | J27: =G27-D27 -> 3000 | M27: ='19'!M27+J27 -> 66000 | P27: 보일러 급수 | S27: ='19'!V27 -> 530.6 | V27: 525.7 | Y27: ='19'!Y27+'20'!V27 -> 10196.9
A28: 활성탄 공급 | D28: ='19'!G28 -> 5979 | G28: 6031 | J28: =G28-D28 -> 52 | M28: ='19'!M28+J28 -> 1093 | P28: 폐 수 | S28: ='19'!V28 -> 0 | V28: 0 | Y28: ='19'!Y28+'20'!V28 -> 0
A29: 소석회 공급 | D29: ='19'!G29 -> 66240 | G29: 66240 | J29: =G29-D29 -> 0 | M29: ='19'!M29+J29 -> 60 | P29: 연 수 | S29: ='19'!V29 -> 76.1 | V29: 70.8 | Y29: ='19'!Y29+'20'!V29 -> 1336.2
A30: 요소수 공급 | D30: ='19'!G30 -> 53460 | G30: 53470 | J30: =G30-D30 -> 10 | M30: ='19'!M30+J30 -> 250 | P30: 계 | S30: ='19'!V30 -> 0 | Y30: ='19'!Y30+'20'!V30 -> 1528.3
A31: F.D | D31: ='19'!G31 -> 6351339 | G31: 6359003 | J31: =G31-D31 -> 7664 | M31: ='19'!M31+J31 -> 156908
A32: 활성탄 BAG | D32: ='19'!G32 -> 1.7 | G32: 1.7 | J32: =G32-D32 -> 0 | K32: 12.255 | L32: 12.255 | M32: ='19'!M32+J32 -> 0.1
A33: 소석회 BAG | D33: ='19'!G33 -> 0 | G33: 0 | J33: =G33-D33 -> 0 | K33: 12.255 | L33: 12.255 | M33: ='19'!M33+J33 -> 0
A35: 7. 특이사항
A36: 오 전
A49: 오 후
A63: 야 간

Sheet 21
A1: 근 무 자 | B1: 오 전 | D1: 오 후 | F1: 야 간 | H1: 유동상소각로 운전일지 | T1: 결 재 | U1: 반장 | W1: 대리 | Y1: 팀장
B2: 권정민 | D2: 김문한 | F2: 임종민
H3: 46224
A5: 1. 소각현황(KG) | P5: 2. BOILER 운전현황(TON, HR)
A6: 구 분 | D6: SRF소각량 | G6: SLUDGE 소각량 | J6: 합 계 | P6: 구 분 | R6: 스팀 생산량 | U6: 스팀 송기량 | X6: 가동시간
A7: 금 일 | D7: 81962 | G7: 103500 | J7: =D7+G7 -> 185462 | P7: 금 일 | R7: 483.3 | U7: 29.7 | X7: 24
A8: 누 계 | D8: ='20'!D8+'21'!D7 -> 1539190 | G8: ='20'!G8+'21'!G7 -> 3038600 | J8: =D8+G8 -> 4577790 | P8: 누 계 | R8: ='20'!R8+R7 -> 10257.7 | U8: ='20'!U8+U7 -> 6216.1 | X8: ='20'!X8+'21'!X7 -> 504
A10: 3. 약품 사용현황 (KG) | P10: 4. 소각재 발생량 (TON, 대)
A11: 품 명 | C11: 전일 재고량 | E11: 입고량 | G11: 사용량 | I11: 재고량 | K11: 입고량 누계 | M11: 사용량 누계 | P11: 구 분 | S11: 반출량 | W11: 누계
A12: 탄산암모늄 | C12: ='20'!I12 -> 18894 | E12: 0 | G12: 4245 | I12: =C12+E12-G12 -> 14649 | K12: ='20'!K12+'21'!E12 -> 83360 | M12: ='20'!M12+G12 -> 83625 | P12: 비산재 | S12: 57.48 | W12: ='20'!W12+'21'!S12 -> 787
A13: 청관제 | C13: ='20'!I13 -> 340 | E13: 0 | G13: 100 | I13: =C13+E13-G13 -> 240 | K13: ='20'!K13+'21'!E13 -> 1620 | M13: ='20'!M13+G13 -> 1970
A14: 활성탄 | C14: ='20'!I14 -> 200 | E14: 0 | G14: 120 | I14: =C14+E14-G14 -> 80 | K14: ='20'!K14+'21'!E14 -> 2000 | M14: ='20'!M14+G14 -> 2520 | P14: 바닥재 | S14: 0 | W14: ='20'!W14+'21'!S14 -> 163.07
A15: 가성소다 | C15: ='20'!I15 -> 704 | E15: 0 | G15: 0 | I15: =C15+E15-G15 -> 704 | K15: ='20'!K15+'21'!E15 -> 0 | M15: ='20'!M15+G15 -> 595
A16: 소석회 | C16: ='20'!I16 -> 1950 | E16: 0 | G16: 20 | I16: =C16+E16-G16 -> 1930 | K16: ='20'!K16+'21'!E16 -> 0 | M16: ='20'!M16+G16 -> 420 | P16: 구분 | S16: 주간 | U16: 야간 | W16: 합계 | Y16: 누계
A17: 소 금 | C17: ='20'!I17 -> 2170 | E17: 0 | G17: 200 | I17: =C17+E17-G17 -> 1970 | K17: ='20'!K17+'21'!E17 -> 4320 | M17: ='20'!M17+G17 -> 4200
A18: 경 유 | C18: ='20'!I18 -> 5340 | E18: 0 | G18: 0 | I18: =C18+E18-G18 -> 5340 | K18: ='20'!K18+'21'!E18 -> 0 | M18: ='20'!M18+G18 -> 0 | P18: 불연물 | S18: 2 | U18: 0 | W18: =S18+U18 -> 2 | Y18: ='20'!Y18+'21'!W18 -> 68
A19: SRF | C19: ='20'!I19 -> 72502 | E19: 84770 | G19: =D7 -> 81962 | I19: =C19+E19-G19 -> 75310 | K19: ='20'!K19+'21'!E19 -> 1504500 | M19: ='20'!M19+G19 -> 1539190
A20: 규 사 | C20: ='20'!I20 -> - | I20: - | K20: ='20'!K20+'21'!E20 -> 0 | M20: ='20'!M20+G20 -> 0
A22: 5. 전력 사용량 (KWH) | P22: 6. 유틸리티 사용현황 (㎥)
A23: 구 분 | D23: 전일지침 | G23: 금일지침 | J23: 사용량 | M23: 누 계 | P23: 구 분 | S23: 전일 사용량 | V23: 금일 사용량 | Y23: 누 계
A24: MAIN | D24: ='20'!G24 -> 4128530 | G24: 4150113 | J24: =G24-D24 -> 21583 | M24: ='20'!M24+J24 -> 478545 | P24: 재이용수 | S24: ='20'!V24 -> 556.6 | V24: 536.9 | Y24: ='20'!Y24+'21'!V24 -> 10570.3
A25: ASH 저장조 | D25: ='20'!G25 -> 33445.6 | G25: 33479.2 | J25: =G25-D25 -> 33.6 | M25: ='20'!M25+J25 -> 715.1 | P25: 복류수 | S25: ='20'!V25 -> 63 | V25: 60.4 | Y25: ='20'!Y25+'21'!V25 -> 1231.8
A26: BAG FILTER | D26: ='20'!G26 -> 24720 | G26: 24740 | J26: =G26-D26 -> 20 | M26: ='20'!M26+J26 -> 440 | P26: 응축수 | S26: ='20'!V26 -> 527 | V26: 529.7 | Y26: ='20'!Y26+'21'!V26 -> 10453.4
A27: SCRUBBER | D27: ='20'!G27 -> 1405000 | G27: 1408000 | J27: =G27-D27 -> 3000 | M27: ='20'!M27+J27 -> 69000 | P27: 보일러 급수 | S27: ='20'!V27 -> 525.7 | V27: 498.1 | Y27: ='20'!Y27+'21'!V27 -> 10695
A28: 활성탄 공급 | D28: ='20'!G28 -> 6031 | G28: 6083 | J28: =G28-D28 -> 52 | M28: ='20'!M28+J28 -> 1145 | P28: 폐 수 | S28: ='20'!V28 -> 0 | V28: 0 | Y28: ='20'!Y28+'21'!V28 -> 0
A29: 소석회 공급 | D29: ='20'!G29 -> 66240 | G29: 66250 | J29: =G29-D29 -> 10 | M29: ='20'!M29+J29 -> 70 | P29: 연 수 | S29: ='20'!V29 -> 70.8 | V29: 71.5 | Y29: ='20'!Y29+'21'!V29 -> 1407.7
A30: 요소수 공급 | D30: ='20'!G30 -> 53470 | G30: 53490 | J30: =G30-D30 -> 20 | M30: ='20'!M30+J30 -> 270 | P30: 계 | S30: ='20'!V30 -> 0 | Y30: ='20'!Y30+'21'!V30 -> 1528.3
A31: F.D | D31: ='20'!G31 -> 6359003 | G31: 6366620 | J31: =G31-D31 -> 7617 | M31: ='20'!M31+J31 -> 164525
A32: 활성탄 BAG | D32: ='20'!G32 -> 1.7 | G32: 1.7 | J32: =G32-D32 -> 0 | K32: 12.255 | L32: 12.255 | M32: ='20'!M32+J32 -> 0.1
A33: 소석회 BAG | D33: ='20'!G33 -> 0 | G33: 0 | J33: =G33-D33 -> 0 | K33: 12.255 | L33: 12.255 | M33: ='20'!M33+J33 -> 0
A35: 7. 특이사항
A36: 오 전
A49: 오 후
A63: 야 간

Sheet 22
A1: 근 무 자 | B1: 오 전 | D1: 오 후 | F1: 야 간 | H1: 유동상소각로 운전일지 | T1: 결 재 | U1: 반장 | W1: 대리 | Y1: 팀장
B2: 권정민 | D2: 김문한 | F2: 임종민
H3: 46225
A5: 1. 소각현황(KG) | P5: 2. BOILER 운전현황(TON, HR)
A6: 구 분 | D6: SRF소각량 | G6: SLUDGE 소각량 | J6: 합 계 | P6: 구 분 | R6: 스팀 생산량 | U6: 스팀 송기량 | X6: 가동시간
A7: 금 일 | D7: 90783 | G7: 100400 | J7: =D7+G7 -> 191183 | P7: 금 일 | R7: 469.2 | U7: 55.3 | X7: 24
A8: 누 계 | D8: ='21'!D8+'22'!D7 -> 1629973 | G8: ='21'!G8+'22'!G7 -> 3139000 | J8: =D8+G8 -> 4768973 | P8: 누 계 | R8: ='21'!R8+R7 -> 10726.9 | U8: ='21'!U8+U7 -> 6271.4 | X8: ='21'!X8+'22'!X7 -> 528
A10: 3. 약품 사용현황 (KG) | P10: 4. 소각재 발생량 (TON, 대)
A11: 품 명 | C11: 전일 재고량 | E11: 입고량 | G11: 사용량 | I11: 재고량 | K11: 입고량 누계 | M11: 사용량 누계 | P11: 구 분 | S11: 반출량 | W11: 누계
A12: 탄산암모늄 | C12: ='21'!I12 -> 14649 | E12: 0 | G12: 4418 | I12: =C12+E12-G12 -> 10231 | K12: ='21'!K12+'22'!E12 -> 83360 | M12: ='21'!M12+G12 -> 88043 | P12: 비산재 | S12: 0 | W12: ='21'!W12+'22'!S12 -> 787
A13: 청관제 | C13: ='21'!I13 -> 240 | E13: 800 | G13: 100 | I13: =C13+E13-G13 -> 940 | K13: ='21'!K13+'22'!E13 -> 2420 | M13: ='21'!M13+G13 -> 2070
A14: 활성탄 | C14: ='21'!I14 -> 80 | E14: 2000 | G14: 120 | I14: =C14+E14-G14 -> 1960 | K14: ='21'!K14+'22'!E14 -> 4000 | M14: ='21'!M14+G14 -> 2640 | P14: 바닥재 | S14: 0 | W14: ='21'!W14+'22'!S14 -> 163.07
A15: 가성소다 | C15: ='21'!I15 -> 704 | E15: 0 | G15: 0 | I15: =C15+E15-G15 -> 704 | K15: ='21'!K15+'22'!E15 -> 0 | M15: ='21'!M15+G15 -> 595
A16: 소석회 | C16: ='21'!I16 -> 1930 | E16: 0 | G16: 20 | I16: =C16+E16-G16 -> 1910 | K16: ='21'!K16+'22'!E16 -> 0 | M16: ='21'!M16+G16 -> 440 | P16: 구분 | S16: 주간 | U16: 야간 | W16: 합계 | Y16: 누계
A17: 소 금 | C17: ='21'!I17 -> 1970 | E17: 0 | G17: 200 | I17: =C17+E17-G17 -> 1770 | K17: ='21'!K17+'22'!E17 -> 4320 | M17: ='21'!M17+G17 -> 4400
A18: 경 유 | C18: ='21'!I18 -> 5340 | E18: 0 | G18: 0 | I18: =C18+E18-G18 -> 5340 | K18: ='21'!K18+'22'!E18 -> 0 | M18: ='21'!M18+G18 -> 0 | P18: 불연물 | S18: 2 | U18: 1 | W18: =S18+U18 -> 3 | Y18: ='21'!Y18+'22'!W18 -> 71
A19: SRF | C19: ='21'!I19 -> 75310 | E19: 91250 | G19: =D7 -> 90783 | I19: =C19+E19-G19 -> 75777 | K19: ='21'!K19+'22'!E19 -> 1595750 | M19: ='21'!M19+G19 -> 1629973
A20: 규 사 | C20: ='21'!I20 -> - | I20: - | K20: ='21'!K20+'22'!E20 -> 0 | M20: ='21'!M20+G20 -> 0
A22: 5. 전력 사용량 (KWH) | P22: 6. 유틸리티 사용현황 (㎥)
A23: 구 분 | D23: 전일지침 | G23: 금일지침 | J23: 사용량 | M23: 누 계 | P23: 구 분 | S23: 전일 사용량 | V23: 금일 사용량 | Y23: 누 계
A24: MAIN | D24: ='21'!G24 -> 4150113 | G24: 4171446 | J24: =G24-D24 -> 21333 | M24: ='21'!M24+J24 -> 499878 | P24: 재이용수 | S24: ='21'!V24 -> 536.9 | V24: 519.1 | Y24: ='21'!Y24+'22'!V24 -> 11089.4
A25: ASH 저장조 | D25: ='21'!G25 -> 33479.2 | G25: 33513.7 | J25: =G25-D25 -> 34.5 | M25: ='21'!M25+J25 -> 749.6 | P25: 복류수 | S25: ='21'!V25 -> 60.4 | V25: 67.6 | Y25: ='21'!Y25+'22'!V25 -> 1299.4
A26: BAG FILTER | D26: ='21'!G26 -> 24740 | G26: 24760 | J26: =G26-D26 -> 20 | M26: ='21'!M26+J26 -> 460 | P26: 응축수 | S26: ='21'!V26 -> 529.7 | V26: 528.4 | Y26: ='21'!Y26+'22'!V26 -> 10981.8
A27: SCRUBBER | D27: ='21'!G27 -> 1408000 | G27: 1411000 | J27: =G27-D27 -> 3000 | M27: ='21'!M27+J27 -> 72000 | P27: 보일러 급수 | S27: ='21'!V27 -> 498.1 | V27: 490.5 | Y27: ='21'!Y27+'22'!V27 -> 11185.5
A28: 활성탄 공급 | D28: ='21'!G28 -> 6083 | G28: 6135 | J28: =G28-D28 -> 52 | M28: ='21'!M28+J28 -> 1197 | P28: 폐 수 | S28: ='21'!V28 -> 0 | V28: 0 | Y28: ='21'!Y28+'22'!V28 -> 0
A29: 소석회 공급 | D29: ='21'!G29 -> 66250 | G29: 66250 | J29: =G29-D29 -> 0 | M29: ='21'!M29+J29 -> 70 | P29: 연 수 | S29: ='21'!V29 -> 71.5 | V29: 75.7 | Y29: ='21'!Y29+'22'!V29 -> 1483.4
A30: 요소수 공급 | D30: ='21'!G30 -> 53490 | G30: 53500 | J30: =G30-D30 -> 10 | M30: ='21'!M30+J30 -> 280 | P30: 계 | S30: ='21'!V30 -> 0 | Y30: ='21'!Y30+'22'!V30 -> 1528.3
A31: F.D | D31: ='21'!G31 -> 6366620 | G31: 6374188 | J31: =G31-D31 -> 7568 | M31: ='21'!M31+J31 -> 172093
A32: 활성탄 BAG | D32: ='21'!G32 -> 1.7 | G32: 1.7 | J32: =G32-D32 -> 0 | K32: 12.255 | L32: 12.255 | M32: ='21'!M32+J32 -> 0.1
A33: 소석회 BAG | D33: ='21'!G33 -> 0 | G33: 0 | J33: =G33-D33 -> 0 | K33: 12.255 | L33: 12.255 | M33: ='21'!M33+J33 -> 0
A35: 7. 특이사항
A36: 오 전
A49: 오 후
A63: 야 간

Sheet 23
A1: 근 무 자 | B1: 오 전 | D1: 오 후 | F1: 야 간 | H1: 유동상소각로 운전일지 | T1: 결 재 | U1: 반장 | W1: 대리 | Y1: 팀장
B2: 권정민 | D2: 김동욱 | F2: 임종민
H3: 46226
A5: 1. 소각현황(KG) | P5: 2. BOILER 운전현황(TON, HR)
A6: 구 분 | D6: SRF소각량 | G6: SLUDGE 소각량 | J6: 합 계 | P6: 구 분 | R6: 스팀 생산량 | U6: 스팀 송기량 | X6: 가동시간
A7: 금 일 | D7: 72610 | G7: 188100 | J7: =D7+G7 -> 260710 | P7: 금 일 | R7: 514.6 | U7: 418.2 | X7: 24
A8: 누 계 | D8: ='22'!D8+'23'!D7 -> 1702583 | G8: ='22'!G8+'23'!G7 -> 3327100 | J8: =D8+G8 -> 5029683 | P8: 누 계 | R8: ='22'!R8+R7 -> 11241.5 | U8: ='22'!U8+U7 -> 6689.6 | X8: ='22'!X8+'23'!X7 -> 552
A10: 3. 약품 사용현황 (KG) | P10: 4. 소각재 발생량 (TON, 대)
A11: 품 명 | C11: 전일 재고량 | E11: 입고량 | G11: 사용량 | I11: 재고량 | K11: 입고량 누계 | M11: 사용량 누계 | P11: 구 분 | S11: 반출량 | W11: 누계
A12: 탄산암모늄 | C12: ='22'!I12 -> 10231 | E12: 0 | G12: 4306 | I12: =C12+E12-G12 -> 5925 | K12: ='22'!K12+'23'!E12 -> 83360 | M12: ='22'!M12+G12 -> 92349 | P12: 비산재 | S12: 58.12 | W12: ='22'!W12+'23'!S12 -> 845.12
A13: 청관제 | C13: ='22'!I13 -> 940 | E13: 0 | G13: 70 | I13: =C13+E13-G13 -> 870 | K13: ='22'!K13+'23'!E13 -> 2420 | M13: ='22'!M13+G13 -> 2140
A14: 활성탄 | C14: ='22'!I14 -> 1960 | E14: 0 | G14: 120 | I14: =C14+E14-G14 -> 1840 | K14: ='22'!K14+'23'!E14 -> 4000 | M14: ='22'!M14+G14 -> 2760 | P14: 바닥재 | S14: 0 | W14: ='22'!W14+'23'!S14 -> 163.07
A15: 가성소다 | C15: ='22'!I15 -> 704 | E15: 0 | G15: 20 | I15: =C15+E15-G15 -> 684 | K15: ='22'!K15+'23'!E15 -> 0 | M15: ='22'!M15+G15 -> 615
A16: 소석회 | C16: ='22'!I16 -> 1910 | E16: 0 | G16: 20 | I16: =C16+E16-G16 -> 1890 | K16: ='22'!K16+'23'!E16 -> 0 | M16: ='22'!M16+G16 -> 460 | P16: 구분 | S16: 주간 | U16: 야간 | W16: 합계 | Y16: 누계
A17: 소 금 | C17: ='22'!I17 -> 1770 | E17: 0 | G17: 200 | I17: =C17+E17-G17 -> 1570 | K17: ='22'!K17+'23'!E17 -> 4320 | M17: ='22'!M17+G17 -> 4600
A18: 경 유 | C18: ='22'!I18 -> 5340 | E18: 0 | G18: 0 | I18: =C18+E18-G18 -> 5340 | K18: ='22'!K18+'23'!E18 -> 0 | M18: ='22'!M18+G18 -> 0 | P18: 불연물 | S18: 1 | U18: 2 | W18: =S18+U18 -> 3 | Y18: ='22'!Y18+'23'!W18 -> 74
A19: SRF | C19: ='22'!I19 -> 75777 | E19: 96960 | G19: =D7 -> 72610 | I19: =C19+E19-G19 -> 100127 | K19: ='22'!K19+'23'!E19 -> 1692710 | M19: ='22'!M19+G19 -> 1702583
A20: 규 사 | C20: ='22'!I20 -> - | I20: - | K20: ='22'!K20+'23'!E20 -> 0 | M20: ='22'!M20+G20 -> 0
A22: 5. 전력 사용량 (KWH) | P22: 6. 유틸리티 사용현황 (㎥)
A23: 구 분 | D23: 전일지침 | G23: 금일지침 | J23: 사용량 | M23: 누 계 | P23: 구 분 | S23: 전일 사용량 | V23: 금일 사용량 | Y23: 누 계
A24: MAIN | D24: ='22'!G24 -> 4171446 | G24: 4193153 | J24: =G24-D24 -> 21707 | M24: ='22'!M24+J24 -> 521585 | P24: 재이용수 | S24: ='22'!V24 -> 519.1 | V24: 536.5 | Y24: ='22'!Y24+'23'!V24 -> 11625.9
A25: ASH 저장조 | D25: ='22'!G25 -> 33513.7 | G25: 33545.2 | J25: =G25-D25 -> 31.5 | M25: ='22'!M25+J25 -> 781.1 | P25: 복류수 | S25: ='22'!V25 -> 67.6 | V25: 67.8 | Y25: ='22'!Y25+'23'!V25 -> 1367.2
A26: BAG FILTER | D26: ='22'!G26 -> 24760 | G26: 24780 | J26: =G26-D26 -> 20 | M26: ='22'!M26+J26 -> 480 | P26: 응축수 | S26: ='22'!V26 -> 528.4 | V26: 556.5 | Y26: ='22'!Y26+'23'!V26 -> 11538.3
A27: SCRUBBER | D27: ='22'!G27 -> 1411000 | G27: 1415000 | J27: =G27-D27 -> 4000 | M27: ='22'!M27+J27 -> 76000 | P27: 보일러 급수 | S27: ='22'!V27 -> 490.5 | V27: 527.8 | Y27: ='22'!Y27+'23'!V27 -> 11713.3
A28: 활성탄 공급 | D28: ='22'!G28 -> 6135 | G28: 6187 | J28: =G28-D28 -> 52 | M28: ='22'!M28+J28 -> 1249 | P28: 폐 수 | S28: ='22'!V28 -> 0 | V28: 0 | Y28: ='22'!Y28+'23'!V28 -> 0
A29: 소석회 공급 | D29: ='22'!G29 -> 66250 | G29: 66250 | J29: =G29-D29 -> 0 | M29: ='22'!M29+J29 -> 70 | P29: 연 수 | S29: ='22'!V29 -> 75.7 | V29: 79.9 | Y29: ='22'!Y29+'23'!V29 -> 1563.3
A30: 요소수 공급 | D30: ='22'!G30 -> 53500 | G30: 53510 | J30: =G30-D30 -> 10 | M30: ='22'!M30+J30 -> 290 | P30: 계 | S30: ='22'!V30 -> 0 | Y30: ='22'!Y30+'23'!V30 -> 1528.3
A31: F.D | D31: ='22'!G31 -> 6374188 | G31: 6381626 | J31: =G31-D31 -> 7438 | M31: ='22'!M31+J31 -> 179531
A32: 활성탄 BAG | D32: ='22'!G32 -> 1.7 | G32: 1.7 | J32: =G32-D32 -> 0 | K32: 12.255 | L32: 12.255 | M32: ='22'!M32+J32 -> 0.1
A33: 소석회 BAG | D33: ='22'!G33 -> 0 | G33: 0 | J33: =G33-D33 -> 0 | K33: 12.255 | L33: 12.255 | M33: ='22'!M33+J33 -> 0
A36: 7. 특이사항
A37: 오 전
A50: 오 후
A64: 야 간

Sheet 24
A1: 근 무 자 | B1: 오 전 | D1: 오 후 | F1: 야 간 | H1: 유동상소각로 운전일지 | T1: 결 재 | U1: 반장 | W1: 대리 | Y1: 팀장
B2: 권정민 | D2: 김동욱 | F2: 임종민
H3: 46227
A5: 1. 소각현황(KG) | P5: 2. BOILER 운전현황(TON, HR)
A6: 구 분 | D6: SRF소각량 | G6: SLUDGE 소각량 | J6: 합 계 | P6: 구 분 | R6: 스팀 생산량 | U6: 스팀 송기량 | X6: 가동시간
A7: 금 일 | D7: 74316 | G7: 143600 | J7: =D7+G7 -> 217916 | P7: 금 일 | R7: 490.1 | U7: 422.8 | X7: 24
A8: 누 계 | D8: ='23'!D8+'24'!D7 -> 1776899 | G8: ='23'!G8+'24'!G7 -> 3470700 | J8: =D8+G8 -> 5247599 | P8: 누 계 | R8: ='23'!R8+R7 -> 11731.6 | U8: ='23'!U8+U7 -> 7112.4 | X8: ='23'!X8+'24'!X7 -> 576
A10: 3. 약품 사용현황 (KG) | P10: 4. 소각재 발생량 (TON, 대)
A11: 품 명 | C11: 전일 재고량 | E11: 입고량 | G11: 사용량 | I11: 재고량 | K11: 입고량 누계 | M11: 사용량 누계 | P11: 구 분 | S11: 반출량 | W11: 누계
A12: 탄산암모늄 | C12: ='23'!I12 -> 5925 | E12: 14830 | G12: 4291 | I12: =C12+E12-G12 -> 16464 | K12: ='23'!K12+'24'!E12 -> 98190 | M12: ='23'!M12+G12 -> 96640 | P12: 비산재 | S12: 25.22 | W12: ='23'!W12+'24'!S12 -> 870.34
A13: 청관제 | C13: ='23'!I13 -> 870 | E13: 0 | G13: 60 | I13: =C13+E13-G13 -> 810 | K13: ='23'!K13+'24'!E13 -> 2420 | M13: ='23'!M13+G13 -> 2200
A14: 활성탄 | C14: ='23'!I14 -> 1840 | E14: 0 | G14: 120 | I14: =C14+E14-G14 -> 1720 | K14: ='23'!K14+'24'!E14 -> 4000 | M14: ='23'!M14+G14 -> 2880 | P14: 바닥재 | S14: 21.08 | W14: ='23'!W14+'24'!S14 -> 184.15
A15: 가성소다 | C15: ='23'!I15 -> 684 | E15: 0 | G15: 0 | I15: =C15+E15-G15 -> 684 | K15: ='23'!K15+'24'!E15 -> 0 | M15: ='23'!M15+G15 -> 615
A16: 소석회 | C16: ='23'!I16 -> 1890 | E16: 0 | G16: 20 | I16: =C16+E16-G16 -> 1870 | K16: ='23'!K16+'24'!E16 -> 0 | M16: ='23'!M16+G16 -> 480 | P16: 구분 | S16: 주간 | U16: 야간 | W16: 합계 | Y16: 누계
A17: 소 금 | C17: ='23'!I17 -> 1570 | E17: 0 | G17: 200 | I17: =C17+E17-G17 -> 1370 | K17: ='23'!K17+'24'!E17 -> 4320 | M17: ='23'!M17+G17 -> 4800
A18: 경 유 | C18: ='23'!I18 -> 5340 | E18: 0 | G18: 0 | I18: =C18+E18-G18 -> 5340 | K18: ='23'!K18+'24'!E18 -> 0 | M18: ='23'!M18+G18 -> 0 | P18: 불연물 | S18: 1 | U18: 1 | W18: =S18+U18 -> 2 | Y18: ='23'!Y18+'24'!W18 -> 76
A19: SRF | C19: ='23'!I19 -> 100127 | E19: 65600 | G19: =D7 -> 74316 | I19: =C19+E19-G19 -> 91411 | K19: ='23'!K19+'24'!E19 -> 1758310 | M19: ='23'!M19+G19 -> 1776899
A20: 규 사 | C20: ='23'!I20 -> - | I20: - | K20: ='23'!K20+'24'!E20 -> 0 | M20: ='23'!M20+G20 -> 0
A22: 5. 전력 사용량 (KWH) | P22: 6. 유틸리티 사용현황 (㎥)
A23: 구 분 | D23: 전일지침 | G23: 금일지침 | J23: 사용량 | M23: 누 계 | P23: 구 분 | S23: 전일 사용량 | V23: 금일 사용량 | Y23: 누 계
A24: MAIN | D24: ='23'!G24 -> 4193153 | G24: 4214895 | J24: =G24-D24 -> 21742 | M24: ='23'!M24+J24 -> 543327 | P24: 재이용수 | S24: ='23'!V24 -> 536.5 | V24: 548.8 | Y24: ='23'!Y24+'24'!V24 -> 12174.7
A25: ASH 저장조 | D25: ='23'!G25 -> 33545.2 | G25: 33576 | J25: =G25-D25 -> 30.8 | M25: ='23'!M25+'24'!J25 -> 811.9 | P25: 복류수 | S25: ='23'!V25 -> 67.8 | V25: 70.4 | Y25: ='23'!Y25+'24'!V25 -> 1437.6
A26: BAG FILTER | D26: ='23'!G26 -> 24780 | G26: 24800 | J26: =G26-D26 -> 20 | M26: ='23'!M26+'24'!J26 -> 500 | P26: 응축수 | S26: ='23'!V26 -> 556.5 | V26: 573.5 | Y26: ='23'!Y26+'24'!V26 -> 12111.8
A27: SCRUBBER | D27: ='23'!G27 -> 1415000 | G27: 1418000 | J27: =G27-D27 -> 3000 | M27: ='23'!M27+J27 -> 79000 | P27: 보일러 급수 | S27: ='23'!V27 -> 527.8 | V27: 539.9 | Y27: ='23'!Y27+'24'!V27 -> 12253.2
A28: 활성탄 공급 | D28: ='23'!G28 -> 6187 | G28: 6239 | J28: =G28-D28 -> 52 | M28: ='23'!M28+'24'!J28 -> 1301 | P28: 폐 수 | S28: ='23'!V28 -> 0 | V28: 0 | Y28: ='23'!Y28+'24'!V28 -> 0
A29: 소석회 공급 | D29: ='23'!G29 -> 66250 | G29: 66250 | J29: =G29-D29 -> 0 | M29: ='23'!M29+'24'!J29 -> 70 | P29: 연 수 | S29: ='23'!V29 -> 79.9 | V29: 79.9 | Y29: ='23'!Y29+'24'!V29 -> 1643.2
A30: 요소수 공급 | D30: ='23'!G30 -> 53510 | G30: 53520 | J30: =G30-D30 -> 10 | M30: ='23'!M30+'24'!J30 -> 300 | P30: 계 | S30: ='23'!V30 -> 0 | Y30: ='23'!Y30+'24'!V30 -> 1528.3
A31: F.D | D31: ='23'!G31 -> 6381626 | G31: 6389098 | J31: =G31-D31 -> 7472 | M31: ='23'!M31+'24'!J31 -> 187003
A32: 활성탄 BAG | D32: ='23'!G32 -> 1.7 | G32: 1.7 | J32: =G32-D32 -> 0 | K32: 12.255 | L32: 12.255 | M32: ='23'!M32+'24'!J32 -> 0.1
A33: 소석회 BAG | D33: ='23'!G33 -> 0 | G33: 0 | J33: =G33-D33 -> 0 | K33: 12.255 | L33: 12.255 | M33: ='23'!M33+'24'!J33 -> 0
A37: 7. 특이사항
A38: 오 전
A51: 야 간
A65: 야 간

Sheet 25
A1: 근 무 자 | B1: 오 전 | D1: 오 후 | F1: 야 간 | H1: 유동상소각로 운전일지 | T1: 결 재 | U1: 반장 | W1: 대리 | Y1: 팀장
B2: 김문한 | D2: 김동욱 | F2: 임종민
H3: 46228
A5: 1. 소각현황(KG) | P5: 2. BOILER 운전현황(TON, HR)
A6: 구 분 | D6: SRF소각량 | G6: SLUDGE 소각량 | J6: 합 계 | P6: 구 분 | R6: 스팀 생산량 | U6: 스팀 송기량 | X6: 가동시간
A7: 금 일 | D7: 64897 | G7: 155000 | J7: =D7+G7 -> 219897 | P7: 금 일 | R7: 494.9 | U7: 422.2 | X7: 24
A8: 누 계 | D8: ='24'!D8+'25'!D7 -> 1841796 | G8: ='24'!G8+'25'!G7 -> 3625700 | J8: =D8+G8 -> 5467496 | P8: 누 계 | R8: ='24'!R8+R7 -> 12226.5 | U8: ='24'!U8+U7 -> 7534.6 | X8: ='24'!X8+'25'!X7 -> 600
A10: 3. 약품 사용현황 (KG) | P10: 4. 소각재 발생량 (TON, 대)
A11: 품 명 | C11: 전일 재고량 | E11: 입고량 | G11: 사용량 | I11: 재고량 | K11: 입고량 누계 | M11: 사용량 누계 | P11: 구 분 | S11: 반출량 | W11: 누계
A12: 탄산암모늄 | C12: ='24'!I12 -> 16464 | E12: 0 | G12: 4933 | I12: =C12+E12-G12 -> 11531 | K12: ='24'!K12+'25'!E12 -> 98190 | M12: ='24'!M12+G12 -> 101573 | P12: 비산재 | S12: 29.28 | W12: ='24'!W12+'25'!S12 -> 899.62
A13: 청관제 | C13: ='24'!I13 -> 810 | E13: 0 | G13: 60 | I13: =C13+E13-G13 -> 750 | K13: ='24'!K13+'25'!E13 -> 2420 | M13: ='24'!M13+G13 -> 2260
A14: 활성탄 | C14: ='24'!I14 -> 1720 | E14: 0 | G14: 120 | I14: =C14+E14-G14 -> 1600 | K14: ='24'!K14+'25'!E14 -> 4000 | M14: ='24'!M14+G14 -> 3000 | P14: 바닥재 | S14: 0 | W14: ='24'!W14+'25'!S14 -> 184.15
A15: 가성소다 | C15: ='24'!I15 -> 684 | E15: 0 | G15: 0 | I15: =C15+E15-G15 -> 684 | K15: ='24'!K15+'25'!E15 -> 0 | M15: ='24'!M15+G15 -> 615
A16: 소석회 | C16: ='24'!I16 -> 1870 | E16: 0 | G16: 20 | I16: =C16+E16-G16 -> 1850 | K16: ='24'!K16+'25'!E16 -> 0 | M16: ='24'!M16+G16 -> 500 | P16: 구분 | S16: 주간 | U16: 야간 | W16: 합계 | Y16: 누계
A17: 소 금 | C17: ='24'!I17 -> 1370 | E17: 0 | G17: 200 | I17: =C17+E17-G17 -> 1170 | K17: ='24'!K17+'25'!E17 -> 4320 | M17: ='24'!M17+G17 -> 5000
A18: 경 유 | C18: ='24'!I18 -> 5340 | E18: 0 | G18: 0 | I18: =C18+E18-G18 -> 5340 | K18: ='24'!K18+'25'!E18 -> 0 | M18: ='24'!M18+G18 -> 0 | P18: 불연물 | S18: 1 | U18: 2 | W18: =S18+U18 -> 3 | Y18: ='24'!Y18+'25'!W18 -> 79
A19: SRF | C19: ='24'!I19 -> 91411 | E19: 88810 | G19: =D7 -> 64897 | I19: =C19+E19-G19 -> 115324 | K19: ='24'!K19+'25'!E19 -> 1847120 | M19: ='24'!M19+G19 -> 1841796
A20: 규 사 | C20: ='24'!I20 -> - | I20: - | K20: ='24'!K20+'25'!E20 -> 0 | M20: ='24'!M20+G20 -> 0
A22: 5. 전력 사용량 (KWH) | P22: 6. 유틸리티 사용현황 (㎥)
A23: 구 분 | D23: 전일지침 | G23: 금일지침 | J23: 사용량 | M23: 누 계 | P23: 구 분 | S23: 전일 사용량 | V23: 금일 사용량 | Y23: 누 계
A24: MAIN | D24: ='24'!G24 -> 4214895 | G24: 4236944 | J24: =IF(G24-D24<0,,G24-D24) -> 22049 | M24: ='24'!M24+J24 -> 565376 | P24: 재이용수 | S24: ='24'!V24 -> 548.8 | V24: 556.6 | Y24: ='24'!Y24+'25'!V24 -> 12731.3
A25: ASH 저장조 | D25: ='24'!G25 -> 33576 | G25: 33607.3 | J25: =IF(G25-D25<0,,G25-D25) -> 31.3 | M25: ='24'!M25+J25 -> 843.2 | P25: 복류수 | S25: ='24'!V25 -> 70.4 | V25: 66 | Y25: ='24'!Y25+'25'!V25 -> 1503.6
A26: BAG FILTER | D26: ='24'!G26 -> 24800 | G26: 24820 | J26: =IF(G26-D26<0,,G26-D26) -> 20 | M26: ='24'!M26+J26 -> 520 | P26: 응축수 | S26: ='24'!V26 -> 573.5 | V26: 613.8 | Y26: ='24'!Y26+'25'!V26 -> 12725.6
A27: SCRUBBER | D27: ='24'!G27 -> 1418000 | G27: 1422000 | J27: =IF(G27-D27<0,,G27-D27) -> 4000 | M27: ='24'!M27+J27 -> 83000 | P27: 보일러 급수 | S27: ='24'!V27 -> 539.9 | V27: 523.2 | Y27: ='24'!Y27+'25'!V27 -> 12776.4
A28: 활성탄 공급 | D28: ='24'!G28 -> 6239 | G28: 6289 | J28: =IF(G28-D28<0,,G28-D28) -> 50 | M28: ='24'!M28+J28 -> 1351 | P28: 폐 수 | S28: ='24'!V28 -> 0 | V28: 0 | Y28: ='24'!Y28+'25'!V28 -> 0
A29: 소석회 공급 | D29: ='24'!G29 -> 66250 | G29: 66260 | J29: =IF(G29-D29<0,,G29-D29) -> 10 | M29: ='24'!M29+J29 -> 80 | P29: 연 수 | S29: ='24'!V29 -> 79.9 | V29: 76.4 | Y29: ='24'!Y29+'25'!V29 -> 1719.6
A30: 요소수 공급 | D30: ='24'!G30 -> 53520 | G30: 53540 | J30: =IF(G30-D30<0,,G30-D30) -> 20 | M30: ='24'!M30+J30 -> 320 | P30: 계 | S30: ='24'!V30 -> 0 | Y30: ='24'!Y30+'25'!V30 -> 1528.3
A31: F.D | D31: ='24'!G31 -> 6389098 | G31: 6396564 | J31: =G31-D31 -> 7466 | M31: ='24'!M31+J31 -> 194469
A32: 활성탄 BAG | D32: ='24'!G32 -> 1.7 | G32: 1.8 | J32: =G32-D32 -> 0.1 | K32: 12.255 | L32: 12.255 | M32: ='24'!M32+J32 -> 0.2
A33: 소석회 BAG | D33: ='24'!G33 -> 0 | G33: 0 | J33: =G33-D33 -> 0 | K33: 12.255 | L33: 12.255 | M33: ='24'!M33+J33 -> 0
A35: 7. 특이사항
A36: 오 전
A49: 오 후
A63: 야 간

Sheet 26
A1: 근 무 자 | B1: 오 전 | D1: 오 후 | F1: 야 간 | H1: 유동상소각로 운전일지 | T1: 결 재 | U1: 반장 | W1: 대리 | Y1: 팀장
B2: 김문한 | D2: 김동욱 | F2: 권정민
H3: 46229
A5: 1. 소각현황(KG) | P5: 2. BOILER 운전현황(TON, HR)
A6: 구 분 | D6: SRF소각량 | G6: SLUDGE 소각량 | J6: 합 계 | P6: 구 분 | R6: 스팀 생산량 | U6: 스팀 송기량 | X6: 가동시간
A7: 금 일 | D7: 71161 | G7: 146000 | J7: =D7+G7 -> 217161 | P7: 금 일 | R7: 484.2 | U7: 409.2 | X7: 24
A8: 누 계 | D8: ='25'!D8+'26'!D7 -> 1912957 | G8: ='25'!G8+'26'!G7 -> 3771700 | J8: =D8+G8 -> 5684657 | P8: 누 계 | R8: ='25'!R8+R7 -> 12710.7 | U8: ='25'!U8+U7 -> 7943.8 | X8: ='25'!X8+'26'!X7 -> 624
A10: 3. 약품 사용현황 (KG) | P10: 4. 소각재 발생량 (TON, 대)
A11: 품 명 | C11: 전일 재고량 | E11: 입고량 | G11: 사용량 | I11: 재고량 | K11: 입고량 누계 | M11: 사용량 누계 | P11: 구 분 | S11: 반출량 | W11: 누계
A12: 탄산암모늄 | C12: ='25'!I12 -> 11531 | E12: 0 | G12: 4227 | I12: =C12+E12-G12 -> 7304 | K12: ='25'!K12+'26'!E12 -> 98190 | M12: ='25'!M12+G12 -> 105800 | P12: 비산재 | S12: 0 | W12: ='25'!W12+'26'!S12 -> 899.62
A13: 청관제 | C13: ='25'!I13 -> 750 | E13: 0 | G13: 60 | I13: =C13+E13-G13 -> 690 | K13: ='25'!K13+'26'!E13 -> 2420 | M13: ='25'!M13+G13 -> 2320
A14: 활성탄 | C14: ='25'!I14 -> 1600 | E14: 0 | G14: 120 | I14: =C14+E14-G14 -> 1480 | K14: ='25'!K14+'26'!E14 -> 4000 | M14: ='25'!M14+G14 -> 3120 | P14: 바닥재 | S14: 0 | W14: ='25'!W14+'26'!S14 -> 184.15
A15: 가성소다 | C15: ='25'!I15 -> 684 | E15: 0 | G15: 0 | I15: =C15+E15-G15 -> 684 | K15: ='25'!K15+'26'!E15 -> 0 | M15: ='25'!M15+G15 -> 615
A16: 소석회 | C16: ='25'!I16 -> 1850 | E16: 0 | G16: 20 | I16: =C16+E16-G16 -> 1830 | K16: ='25'!K16+'26'!E16 -> 0 | M16: ='25'!M16+G16 -> 520 | P16: 구분 | S16: 주간 | U16: 야간 | W16: 합계 | Y16: 누계
A17: 소 금 | C17: ='25'!I17 -> 1170 | E17: 1440 | G17: 200 | I17: =C17+E17-G17 -> 2410 | K17: ='25'!K17+'26'!E17 -> 5760 | M17: ='25'!M17+G17 -> 5200
A18: 경 유 | C18: ='25'!I18 -> 5340 | E18: 0 | G18: 0 | I18: =C18+E18-G18 -> 5340 | K18: ='25'!K18+'26'!E18 -> 0 | M18: ='25'!M18+G18 -> 0 | P18: 불연물 | S18: 1 | U18: 1 | W18: =S18+U18 -> 2 | Y18: ='25'!Y18+'26'!W18 -> 81
A19: SRF | C19: ='25'!I19 -> 115324 | E19: 64810 | G19: =D7 -> 71161 | I19: =C19+E19-G19 -> 108973 | K19: ='25'!K19+'26'!E19 -> 1911930 | M19: ='25'!M19+G19 -> 1912957
A20: 규 사 | C20: ='25'!I20 -> - | I20: - | K20: ='25'!K20+'26'!E20 -> 0 | M20: ='25'!M20+G20 -> 0
A22: 5. 전력 사용량 (KWH) | P22: 6. 유틸리티 사용현황 (㎥)
A23: 구 분 | D23: 전일지침 | G23: 금일지침 | J23: 사용량 | M23: 누 계 | P23: 구 분 | S23: 전일 사용량 | V23: 금일 사용량 | Y23: 누 계
A24: MAIN | D24: ='25'!G24 -> 4236944 | G24: 4259150 | J24: =IF(G24-D24<0,,G24-D24) -> 22206 | M24: ='25'!M24+J24 -> 587582 | P24: 재이용수 | S24: ='25'!V24 -> 556.6 | V24: 560.8 | Y24: ='25'!Y24+'26'!V24 -> 13292.1
A25: ASH 저장조 | D25: ='25'!G25 -> 33607.3 | G25: 33639.2 | J25: =IF(G25-D25<0,,G25-D25) -> 31.9 | M25: ='25'!M25+J25 -> 875.1 | P25: 복류수 | S25: ='25'!V25 -> 66 | V25: 61.6 | Y25: ='25'!Y25+'26'!V25 -> 1565.2
A26: BAG FILTER | D26: ='25'!G26 -> 24820 | G26: 24840 | J26: =IF(G26-D26<0,,G26-D26) -> 20 | M26: ='25'!M26+J26 -> 540 | P26: 응축수 | S26: ='25'!V26 -> 613.8 | V26: 602.9 | Y26: ='25'!Y26+'26'!V26 -> 13328.5
A27: SCRUBBER | D27: ='25'!G27 -> 1422000 | G27: 1425000 | J27: =IF(G27-D27<0,,G27-D27) -> 3000 | M27: ='25'!M27+J27 -> 86000 | P27: 보일러 급수 | S27: ='25'!V27 -> 523.2 | V27: 523.4 | Y27: ='25'!Y27+'26'!V27 -> 13299.8
A28: 활성탄 공급 | D28: ='25'!G28 -> 6289 | G28: 6339 | J28: =IF(G28-D28<0,,G28-D28) -> 50 | M28: ='25'!M28+J28 -> 1401 | P28: 폐 수 | S28: ='25'!V28 -> 0 | V28: 0 | Y28: ='25'!Y28+'26'!V28 -> 0
A29: 소석회 공급 | D29: ='25'!G29 -> 66260 | G29: 66260 | J29: =IF(G29-D29<0,,G29-D29) -> 0 | M29: ='25'!M29+J29 -> 80 | P29: 연 수 | S29: ='25'!V29 -> 76.4 | V29: 74.6 | Y29: ='25'!Y29+'26'!V29 -> 1794.2
A30: 요소수 공급 | D30: ='25'!G30 -> 53540 | G30: 53550 | J30: =IF(G30-D30<0,,G30-D30) -> 10 | M30: ='25'!M30+J30 -> 330 | P30: 계 | S30: ='25'!V30 -> 0 | Y30: ='25'!Y30+'26'!V30 -> 1528.3
A31: F.D | D31: ='25'!G31 -> 6396564 | G31: 6404199 | J31: =G31-D31 -> 7635 | M31: ='25'!M31+J31 -> 202104
A32: 활성탄 BAG | D32: ='25'!G32 -> 1.8 | G32: 1.8 | J32: =G32-D32 -> 0 | K32: 12.255 | L32: 12.255 | M32: ='25'!M32+J32 -> 0.2
A33: 소석회 BAG | D33: ='25'!G33 -> 0 | G33: 0 | J33: =G33-D33 -> 0 | K33: 12.255 | L33: 12.255 | M33: ='25'!M33+J33 -> 0
A35: 7. 특이사항
A36: 오 전
A49: 오 후
A63: 야 간

Sheet 27
A1: 근 무 자 | B1: 오 전 | D1: 오 후 | F1: 야 간 | H1: 유동상소각로 운전일지 | T1: 결 재 | U1: 반장 | W1: 대리 | Y1: 팀장
B2: 김문한 | D2: 김동욱 | F2: 권정민
H3: 46230
A5: 1. 소각현황(KG) | P5: 2. BOILER 운전현황(TON, HR)
A6: 구 분 | D6: SRF소각량 | G6: SLUDGE 소각량 | J6: 합 계 | P6: 구 분 | R6: 스팀 생산량 | U6: 스팀 송기량 | X6: 가동시간
A7: 금 일 | D7: 78087 | G7: 136100 | J7: =D7+G7 -> 214187 | P7: 금 일 | R7: 490.6 | U7: 396.3 | X7: 24
A8: 누 계 | D8: ='26'!D8+'27'!D7 -> 1991044 | G8: ='26'!G8+'27'!G7 -> 3907800 | J8: =D8+G8 -> 5898844 | P8: 누 계 | R8: ='26'!R8+R7 -> 13201.3 | U8: ='26'!U8+U7 -> 8340.1 | X8: ='26'!X8+'27'!X7 -> 648
A10: 3. 약품 사용현황 (KG) | P10: 4. 소각재 발생량 (TON, 대)
A11: 품 명 | C11: 전일 재고량 | E11: 입고량 | G11: 사용량 | I11: 재고량 | K11: 입고량 누계 | M11: 사용량 누계 | P11: 구 분 | S11: 반출량 | W11: 누계
A12: 탄산암모늄 | C12: ='26'!I12 -> 7304 | E12: 14100 | G12: 4433 | I12: =C12+E12-G12 -> 16971 | K12: ='26'!K12+'27'!E12 -> 112290 | M12: ='26'!M12+G12 -> 110233 | P12: 비산재 | S12: 57.92 | W12: ='26'!W12+'27'!S12 -> 957.54
A13: 청관제 | C13: ='26'!I13 -> 690 | E13: 0 | G13: 60 | I13: =C13+E13-G13 -> 630 | K13: ='26'!K13+'27'!E13 -> 2420 | M13: ='26'!M13+G13 -> 2380
A14: 활성탄 | C14: ='26'!I14 -> 1480 | E14: 0 | G14: 120 | I14: =C14+E14-G14 -> 1360 | K14: ='26'!K14+'27'!E14 -> 4000 | M14: ='26'!M14+G14 -> 3240 | P14: 바닥재 | S14: 0 | W14: ='26'!W14+'27'!S14 -> 184.15
A15: 가성소다 | C15: ='26'!I15 -> 684 | E15: 0 | G15: 0 | I15: =C15+E15-G15 -> 684 | K15: ='26'!K15+'27'!E15 -> 0 | M15: ='26'!M15+G15 -> 615
A16: 소석회 | C16: ='26'!I16 -> 1830 | E16: 0 | G16: 20 | I16: =C16+E16-G16 -> 1810 | K16: ='26'!K16+'27'!E16 -> 0 | M16: ='26'!M16+G16 -> 540 | P16: 구분 | S16: 주간 | U16: 야간 | W16: 합계 | Y16: 누계
A17: 소 금 | C17: ='26'!I17 -> 2410 | E17: 1440 | G17: 200 | I17: =C17+E17-G17 -> 3650 | K17: ='26'!K17+'27'!E17 -> 7200 | M17: ='26'!M17+G17 -> 5400
A18: 경 유 | C18: ='26'!I18 -> 5340 | E18: 0 | G18: 0 | I18: =C18+E18-G18 -> 5340 | K18: ='26'!K18+'27'!E18 -> 0 | M18: ='26'!M18+G18 -> 0 | P18: 불연물 | S18: 2 | U18: 1 | W18: =S18+U18 -> 3 | Y18: ='26'!Y18+'27'!W18 -> 84
A19: SRF | C19: ='26'!I19 -> 108973 | E19: 72610 | G19: =D7 -> 78087 | I19: =C19+E19-G19 -> 103496 | K19: ='26'!K19+'27'!E19 -> 1984540 | M19: ='26'!M19+G19 -> 1991044
A20: 규 사 | C20: ='26'!I20 -> - | I20: - | K20: ='26'!K20+'27'!E20 -> 0 | M20: ='26'!M20+G20 -> 0
A22: 5. 전력 사용량 (KWH) | P22: 6. 유틸리티 사용현황 (㎥)
A23: 구 분 | D23: 전일지침 | G23: 금일지침 | J23: 사용량 | M23: 누 계 | P23: 구 분 | S23: 전일 사용량 | V23: 금일 사용량 | Y23: 누 계
A24: MAIN | D24: ='26'!G24 -> 4259150 | G24: 4281867 | J24: =IF(G24-D24<0,,G24-D24) -> 22717 | M24: ='26'!M24+J24 -> 610299 | P24: 재이용수 | S24: ='26'!V24 -> 560.8 | V24: 561.5 | Y24: ='26'!Y24+'27'!V24 -> 13853.6
A25: ASH 저장조 | D25: ='26'!G25 -> 33639.2 | G25: 33672.5 | J25: =IF(G25-D25<0,,G25-D25) -> 33.3 | M25: ='26'!M25+J25 -> 908.4 | P25: 복류수 | S25: ='26'!V25 -> 61.6 | V25: 66.7 | Y25: ='26'!Y25+'27'!V25 -> 1631.9
A26: BAG FILTER | D26: ='26'!G26 -> 24840 | G26: 24860 | J26: =IF(G26-D26<0,,G26-D26) -> 20 | M26: ='26'!M26+J26 -> 560 | P26: 응축수 | S26: ='26'!V26 -> 602.9 | V26: 556.3 | Y26: ='26'!Y26+'27'!V26 -> 13884.8
A27: SCRUBBER | D27: ='26'!G27 -> 1425000 | G27: 1429000 | J27: =IF(G27-D27<0,,G27-D27) -> 4000 | M27: ='26'!M27+J27 -> 90000 | P27: 보일러 급수 | S27: ='26'!V27 -> 523.4 | V27: 523.9 | Y27: ='26'!Y27+'27'!V27 -> 13823.7
A28: 활성탄 공급 | D28: ='26'!G28 -> 6339 | G28: 6391 | J28: =IF(G28-D28<0,,G28-D28) -> 52 | M28: ='26'!M28+J28 -> 1453 | P28: 폐 수 | S28: ='26'!V28 -> 0 | V28: 0 | Y28: ='26'!Y28+'27'!V28 -> 0
A29: 소석회 공급 | D29: ='26'!G29 -> 66260 | G29: 66260 | J29: =IF(G29-D29<0,,G29-D29) -> 0 | M29: ='26'!M29+J29 -> 80 | P29: 연 수 | S29: ='26'!V29 -> 74.6 | V29: 74.3 | Y29: ='26'!Y29+'27'!V29 -> 1868.5
A30: 요소수 공급 | D30: ='26'!G30 -> 53550 | G30: 53560 | J30: =IF(G30-D30<0,,G30-D30) -> 10 | M30: ='26'!M30+J30 -> 340 | P30: 계 | S30: ='26'!V30 -> 0 | Y30: ='26'!Y30+'27'!V30 -> 1528.3
A31: F.D | D31: ='26'!G31 -> 6404199 | G31: 6411972 | J31: =G31-D31 -> 7773 | M31: ='26'!M31+J31 -> 209877
A32: 활성탄 BAG | D32: ='26'!G32 -> 1.8 | G32: 1.8 | J32: =G32-D32 -> 0 | K32: 12.255 | L32: 12.255 | M32: ='26'!M32+J32 -> 0.2
A33: 소석회 BAG | D33: ='26'!G33 -> 0 | J33: =G33-D33 -> 0 | K33: 12.255 | L33: 12.255 | M33: ='26'!M33+J33 -> 0
A35: 7. 특이사항
A36: 오 전
A49: 오 후
A63: 야 간

Sheet 28
A1: 근 무 자 | B1: 오 전 | D1: 오 후 | F1: 야 간 | H1: 유동상소각로 운전일지 | T1: 결 재 | U1: 반장 | W1: 대리 | Y1: 팀장
B2: 김문한 | D2: 임종민 | F2: 권정민
H3: 46231
A5: 1. 소각현황(KG) | P5: 2. BOILER 운전현황(TON, HR)
A6: 구 분 | D6: SRF소각량 | G6: SLUDGE 소각량 | J6: 합 계 | P6: 구 분 | R6: 스팀 생산량 | U6: 스팀 송기량 | X6: 가동시간
A7: 금 일 | D7: 73304 | G7: 133100 | J7: =D7+G7 -> 206404 | P7: 금 일 | R7: 475.5 | U7: 32.8 | X7: 24
A8: 누 계 | D8: ='27'!D8+'28'!D7 -> 2064348 | G8: ='27'!G8+'28'!G7 -> 4040900 | J8: =D8+G8 -> 6105248 | P8: 누 계 | R8: ='27'!R8+R7 -> 13676.8 | U8: ='27'!U8+U7 -> 8372.9 | X8: ='27'!X8+'28'!X7 -> 672
A10: 3. 약품 사용현황 (KG) | P10: 4. 소각재 발생량 (TON, 대)
A11: 품 명 | C11: 전일 재고량 | E11: 입고량 | G11: 사용량 | I11: 재고량 | K11: 입고량 누계 | M11: 사용량 누계 | P11: 구 분 | S11: 반출량 | W11: 누계
A12: 탄산암모늄 | C12: ='27'!I12 -> 16971 | E12: 0 | G12: 4206 | I12: =C12+E12-G12 -> 12765 | K12: ='27'!K12+'28'!E12 -> 112290 | M12: ='27'!M12+G12 -> 114439 | P12: 비산재 | S12: 57.45 | W12: ='27'!W12+'28'!S12 -> 1014.99
A13: 청관제 | C13: ='27'!I13 -> 630 | E13: 0 | G13: 60 | I13: =C13+E13-G13 -> 570 | K13: ='27'!K13+'28'!E13 -> 2420 | M13: ='27'!M13+G13 -> 2440
A14: 활성탄 | C14: ='27'!I14 -> 1360 | E14: 0 | G14: 120 | I14: =C14+E14-G14 -> 1240 | K14: ='27'!K14+'28'!E14 -> 4000 | M14: ='27'!M14+G14 -> 3360 | P14: 바닥재 | S14: 0 | W14: ='27'!W14+'28'!S14 -> 184.15
A15: 가성소다 | C15: ='27'!I15 -> 684 | E15: 0 | G15: 0 | I15: =C15+E15-G15 -> 684 | K15: ='27'!K15+'28'!E15 -> 0 | M15: ='27'!M15+G15 -> 615
A16: 소석회 | C16: ='27'!I16 -> 1810 | E16: 0 | G16: 20 | I16: =C16+E16-G16 -> 1790 | K16: ='27'!K16+'28'!E16 -> 0 | M16: ='27'!M16+G16 -> 560 | P16: 구분 | S16: 주간 | U16: 야간 | W16: 합계 | Y16: 누계
A17: 소 금 | C17: ='27'!I17 -> 3650 | E17: 0 | G17: 200 | I17: =C17+E17-G17 -> 3450 | K17: ='27'!K17+'28'!E17 -> 7200 | M17: ='27'!M17+G17 -> 5600
A18: 경 유 | C18: ='27'!I18 -> 5340 | E18: 0 | G18: 350 | I18: =C18+E18-G18 -> 4990 | K18: ='27'!K18+'28'!E18 -> 0 | M18: ='27'!M18+G18 -> 350 | P18: 불연물 | S18: 1 | U18: 1 | W18: =S18+U18 -> 2 | Y18: ='27'!Y18+'28'!W18 -> 86
A19: SRF | C19: ='27'!I19 -> 103496 | E19: 86990 | G19: =D7 -> 73304 | I19: =C19+E19-G19 -> 117182 | K19: ='27'!K19+'28'!E19 -> 2071530 | M19: ='27'!M19+G19 -> 2064348
A20: 규 사 | C20: ='27'!I20 -> - | I20: - | K20: ='27'!K20+'28'!E20 -> 0 | M20: ='27'!M20+G20 -> 0
A22: 5. 전력 사용량 (KWH) | P22: 6. 유틸리티 사용현황 (㎥)
A23: 구 분 | D23: 전일지침 | G23: 금일지침 | J23: 사용량 | M23: 누 계 | P23: 구 분 | S23: 전일 사용량 | V23: 금일 사용량 | Y23: 누 계
A24: MAIN | D24: ='27'!G24 -> 4281867 | G24: 4304153 | J24: =IF(G24-D24<0,,G24-D24) -> 22286 | M24: ='27'!M24+J24 -> 632585 | P24: 재이용수 | S24: ='27'!V24 -> 561.5 | V24: 554.7 | Y24: ='27'!Y24+'28'!V24 -> 14408.3
A25: ASH 저장조 | D25: ='27'!G25 -> 33672.5 | G25: 33704.3 | J25: =IF(G25-D25<0,,G25-D25) -> 31.8 | M25: ='27'!M25+J25 -> 940.2 | P25: 복류수 | S25: ='27'!V25 -> 66.7 | V25: 69.7 | Y25: ='27'!Y25+'28'!V25 -> 1701.6
A26: BAG FILTER | D26: ='27'!G26 -> 24860 | G26: 24870 | J26: =IF(G26-D26<0,,G26-D26) -> 10 | M26: ='27'!M26+J26 -> 570 | P26: 응축수 | S26: ='27'!V26 -> 556.3 | V26: 617.1 | Y26: ='27'!Y26+'28'!V26 -> 14501.9
A27: SCRUBBER | D27: ='27'!G27 -> 1429000 | G27: 1433000 | J27: =IF(G27-D27<0,,G27-D27) -> 4000 | M27: ='27'!M27+J27 -> 94000 | P27: 보일러 급수 | S27: ='27'!V27 -> 523.9 | V27: 511.7 | Y27: ='27'!Y27+'28'!V27 -> 14335.4
A28: 활성탄 공급 | D28: ='27'!G28 -> 6391 | G28: 6440 | J28: =IF(G28-D28<0,,G28-D28) -> 49 | M28: ='27'!M28+J28 -> 1502 | P28: 폐 수 | S28: ='27'!V28 -> 0 | V28: 0 | Y28: ='27'!Y28+'28'!V28 -> 0
A29: 소석회 공급 | D29: ='27'!G29 -> 66260 | G29: 66260 | J29: =IF(G29-D29<0,,G29-D29) -> 0 | M29: ='27'!M29+J29 -> 80 | P29: 연 수 | S29: ='27'!V29 -> 74.3 | V29: 82 | Y29: ='27'!Y29+'28'!V29 -> 1950.5
A30: 요소수 공급 | D30: ='27'!G30 -> 53560 | G30: 53570 | J30: =IF(G30-D30<0,,G30-D30) -> 10 | M30: ='27'!M30+J30 -> 350 | P30: 계 | S30: ='27'!V30 -> 0 | Y30: ='27'!Y30+'28'!V30 -> 1528.3
A31: F.D | D31: ='27'!G31 -> 6411972 | G31: 6419418 | J31: =G31-D31 -> 7446 | M31: ='27'!M31+J31 -> 217323
A32: 활성탄 BAG | D32: ='27'!G32 -> 1.8 | G32: 1.8 | J32: =G32-D32 -> 0 | K32: 12.255 | L32: 12.255 | M32: ='27'!M32+J32 -> 0.2
A33: 소석회 BAG | D33: ='27'!G33 -> 0 | G33: 0 | J33: =G33-D33 -> 0 | K33: 12.255 | L33: 12.255 | M33: ='27'!M33+J33 -> 0
A35: 7. 특이사항
A36: 오 전
A49: 오 후
A63: 야 간

Sheet 29
A1: 근 무 자 | B1: 오 전 | D1: 오 후 | F1: 야 간 | H1: 유동상소각로 운전일지 | T1: 결 재 | U1: 반장 | W1: 대리 | Y1: 팀장
B2: 김문한 | D2: 임종민 | F2: 권정민
H3: 46232
A5: 1. 소각현황(KG) | P5: 2. BOILER 운전현황(TON, HR)
A6: 구 분 | D6: SRF소각량 | G6: SLUDGE 소각량 | J6: 합 계 | P6: 구 분 | R6: 스팀 생산량 | U6: 스팀 송기량 | X6: 가동시간
A7: 금 일 | D7: 74612 | G7: 123300 | J7: =D7+G7 -> 197912 | P7: 금 일 | R7: 467.4 | U7: 53.9 | X7: 24
A8: 누 계 | D8: ='28'!D8+'29'!D7 -> 2138960 | G8: ='28'!G8+'29'!G7 -> 4164200 | J8: =D8+G8 -> 6303160 | P8: 누 계 | R8: ='28'!R8+R7 -> 14144.2 | U8: ='28'!U8+U7 -> 8426.8 | X8: ='28'!X8+'29'!X7 -> 696
A10: 3. 약품 사용현황 (KG) | P10: 4. 소각재 발생량 (TON, 대)
A11: 품 명 | C11: 전일 재고량 | E11: 입고량 | G11: 사용량 | I11: 재고량 | K11: 입고량 누계 | M11: 사용량 누계 | P11: 구 분 | S11: 반출량 | W11: 누계
A12: 탄산암모늄 | C12: ='28'!I12 -> 12765 | E12: 4870 | G12: 3776 | I12: =C12+E12-G12 -> 13859 | K12: ='28'!K12+'29'!E12 -> 117160 | M12: ='28'!M12+G12 -> 118215 | P12: 비산재 | S12: 57.25 | W12: ='28'!W12+'29'!S12 -> 1072.24
A13: 청관제 | C13: ='28'!I13 -> 570 | E13: 390 | G13: 50 | I13: =C13+E13-G13 -> 910 | K13: ='28'!K13+'29'!E13 -> 2810 | M13: ='28'!M13+G13 -> 2490
A14: 활성탄 | C14: ='28'!I14 -> 1240 | E14: 0 | G14: 120 | I14: =C14+E14-G14 -> 1120 | K14: ='28'!K14+'29'!E14 -> 4000 | M14: ='28'!M14+G14 -> 3480 | P14: 바닥재 | S14: 25.78 | W14: ='28'!W14+'29'!S14 -> 209.93
A15: 가성소다 | C15: ='28'!I15 -> 684 | E15: 0 | G15: 0 | I15: =C15+E15-G15 -> 684 | K15: ='28'!K15+'29'!E15 -> 0 | M15: ='28'!M15+G15 -> 615
A16: 소석회 | C16: ='28'!I16 -> 1790 | E16: 0 | G16: 20 | I16: =C16+E16-G16 -> 1770 | K16: ='28'!K16+'29'!E16 -> 0 | M16: ='28'!M16+G16 -> 580 | P16: 구분 | S16: 주간 | U16: 야간 | W16: 합계 | Y16: 누계
A17: 소 금 | C17: ='28'!I17 -> 3450 | E17: 0 | G17: 200 | I17: =C17+E17-G17 -> 3250 | K17: ='28'!K17+'29'!E17 -> 7200 | M17: ='28'!M17+G17 -> 5800
A18: 경 유 | C18: ='28'!I18 -> 4990 | E18: 0 | G18: 0 | I18: =C18+E18-G18 -> 4990 | K18: ='28'!K18+'29'!E18 -> 0 | M18: ='28'!M18+G18 -> 350 | P18: 불연물 | S18: 2 | U18: 2 | W18: =S18+U18 -> 4 | Y18: ='28'!Y18+'29'!W18 -> 90
A19: SRF | C19: ='28'!I19 -> 117182 | E19: 44760 | G19: =D7 -> 74612 | I19: =C19+E19-G19 -> 87330 | K19: ='28'!K19+'29'!E19 -> 2116290 | M19: ='28'!M19+G19 -> 2138960
A20: 규 사 | C20: ='28'!I20 -> - | E20: 0 | G20: 0 | I20: - | K20: ='28'!K20+'29'!E20 -> 0 | M20: ='28'!M20+G20 -> 0
A22: 5. 전력 사용량 (KWH) | P22: 6. 유틸리티 사용현황 (㎥)
A23: 구 분 | D23: 전일지침 | G23: 금일지침 | J23: 사용량 | M23: 누 계 | P23: 구 분 | S23: 전일 사용량 | V23: 금일 사용량 | Y23: 누 계
A24: MAIN | D24: ='28'!G24 -> 4304153 | G24: 4327173 | J24: =IF(G24-D24<0,,G24-D24) -> 23020 | M24: ='28'!M24+J24 -> 655605 | P24: 재이용수 | S24: ='28'!V24 -> 554.7 | V24: 540.1 | Y24: ='28'!Y24+'29'!V24 -> 14948.4
A25: ASH 저장조 | D25: ='28'!G25 -> 33704.3 | G25: 33736.5 | J25: =IF(G25-D25<0,,G25-D25) -> 32.2 | M25: ='28'!M25+J25 -> 972.4 | P25: 복류수 | S25: ='28'!V25 -> 69.7 | V25: 65 | Y25: ='28'!Y25+'29'!V25 -> 1766.6
A26: BAG FILTER | D26: ='28'!G26 -> 24870 | G26: 24900 | J26: =IF(G26-D26<0,,G26-D26) -> 30 | M26: ='28'!M26+J26 -> 600 | P26: 응축수 | S26: ='28'!V26 -> 617.1 | V26: 589 | Y26: ='28'!Y26+'29'!V26 -> 15090.9
A27: SCRUBBER | D27: ='28'!G27 -> 1433000 | G27: 1436000 | J27: =IF(G27-D27<0,,G27-D27) -> 3000 | M27: ='28'!M27+J27 -> 97000 | P27: 보일러 급수 | S27: ='28'!V27 -> 511.7 | V27: 524.8 | Y27: ='28'!Y27+'29'!V27 -> 14860.2
A28: 활성탄 공급 | D28: ='28'!G28 -> 6440 | G28: 6490 | J28: =IF(G28-D28<0,,G28-D28) -> 50 | M28: ='28'!M28+J28 -> 1552 | P28: 폐 수 | S28: ='28'!V28 -> 0 | V28: 0 | Y28: ='28'!Y28+'29'!V28 -> 0
A29: 소석회 공급 | D29: ='28'!G29 -> 66260 | G29: 66260 | J29: =IF(G29-D29<0,,G29-D29) -> 0 | M29: ='28'!M29+J29 -> 80 | P29: 연 수 | S29: ='28'!V29 -> 82 | V29: 75.3 | Y29: ='28'!Y29+'29'!V29 -> 2025.8
A30: 요소수 공급 | D30: ='28'!G30 -> 53570 | G30: 53590 | J30: =IF(G30-D30<0,,G30-D30) -> 20 | M30: ='28'!M30+J30 -> 370 | P30: 계 | S30: ='28'!V30 -> 0 | Y30: ='28'!Y30+'29'!V30 -> 1528.3
A31: F.D | D31: ='28'!G31 -> 6419418 | G31: 6427071 | J31: =G31-D31 -> 7653 | M31: ='28'!M31+J31 -> 224976
A32: 활성탄 BAG | D32: ='28'!G32 -> 1.8 | G32: 1.8 | J32: =G32-D32 -> 0 | K32: 12.255 | L32: 12.255 | M32: ='28'!M32+J32 -> 0.2
A33: 소석회 BAG | D33: ='28'!G33 -> 0 | G33: 0 | J33: =G33-D33 -> 0 | K33: 12.255 | L33: 12.255 | M33: ='28'!M33+J33 -> 0
A35: 7. 특이사항
A36: 오 전
A49: 오 후
A63: 야 간

Sheet 30
A1: 근 무 자 | B1: 오 전 | D1: 오 후 | F1: 야 간 | H1: 유동상소각로 운전일지 | T1: 결 재 | U1: 반장 | W1: 대리 | Y1: 팀장
B2: 김동욱 | D2: 김동욱,권정민 | F2: 권정민
H3: 46233
A5: 1. 소각현황(KG) | P5: 2. BOILER 운전현황(TON, HR)
A6: 구 분 | D6: SRF소각량 | G6: SLUDGE 소각량 | J6: 합 계 | P6: 구 분 | R6: 스팀 생산량 | U6: 스팀 송기량 | X6: 가동시간
A7: 금 일 | D7: 66673 | G7: 173800 | J7: =D7+G7 -> 240473 | P7: 금 일 | R7: 498.3 | U7: 342.5 | X7: 24
A8: 누 계 | D8: ='29'!D8+'30'!D7 -> 2205633 | G8: ='29'!G8+'30'!G7 -> 4338000 | J8: =D8+G8 -> 6543633 | P8: 누 계 | R8: ='29'!R8+R7 -> 14642.5 | U8: ='29'!U8+U7 -> 8769.3 | X8: ='29'!X8+'30'!X7 -> 720
A10: 3. 약품 사용현황 (KG) | P10: 4. 소각재 발생량 (TON, 대)
A11: 품 명 | C11: 전일 재고량 | E11: 입고량 | G11: 사용량 | I11: 재고량 | K11: 입고량 누계 | M11: 사용량 누계 | P11: 구 분 | S11: 반출량 | W11: 누계
A12: 탄산암모늄 | C12: ='29'!I12 -> 13859 | E12: 0 | G12: 4682 | I12: =C12+E12-G12 -> 9177 | K12: ='29'!K12+'30'!E12 -> 117160 | M12: ='29'!M12+G12 -> 122897 | P12: 비산재 | S12: 30.19 | W12: ='29'!W12+'30'!S12 -> 1102.43
A13: 청관제 | C13: ='29'!I13 -> 910 | E13: 0 | G13: 90 | I13: =C13+E13-G13 -> 820 | K13: ='29'!K13+'30'!E13 -> 2810 | M13: ='29'!M13+G13 -> 2580
A14: 활성탄 | C14: ='29'!I14 -> 1120 | E14: 0 | G14: 120 | I14: =C14+E14-G14 -> 1000 | K14: ='29'!K14+'30'!E14 -> 4000 | M14: ='29'!M14+G14 -> 3600 | P14: 바닥재 | S14: 0 | W14: ='29'!W14+'30'!S14 -> 209.93
A15: 가성소다 | C15: ='29'!I15 -> 684 | E15: 0 | G15: 0 | I15: =C15+E15-G15 -> 684 | K15: ='29'!K15+'30'!E15 -> 0 | M15: ='29'!M15+G15 -> 615
A16: 소석회 | C16: ='29'!I16 -> 1770 | E16: 0 | G16: 20 | I16: =C16+E16-G16 -> 1750 | K16: ='29'!K16+'30'!E16 -> 0 | M16: ='29'!M16+G16 -> 600 | P16: 구분 | S16: 주간 | U16: 야간 | W16: 합계 | Y16: 누계
A17: 소 금 | C17: ='29'!I17 -> 3250 | E17: 0 | G17: 200 | I17: =C17+E17-G17 -> 3050 | K17: ='29'!K17+'30'!E17 -> 7200 | M17: ='29'!M17+G17 -> 6000
A18: 경 유 | C18: ='29'!I18 -> 4990 | E18: 0 | G18: 0 | I18: =C18+E18-G18 -> 4990 | K18: ='29'!K18+'30'!E18 -> 0 | M18: ='29'!M18+G18 -> 350 | P18: 불연물 | S18: 1 | U18: 2 | W18: =S18+U18 -> 3 | Y18: ='29'!Y18+'30'!W18 -> 93
A19: SRF | C19: ='29'!I19 -> 87330 | E19: 90300 | G19: =D7 -> 66673 | I19: =C19+E19-G19 -> 110957 | K19: ='29'!K19+'30'!E19 -> 2206590 | M19: ='29'!M19+G19 -> 2205633
A20: 규 사 | C20: ='29'!I20 -> - | E20: 0 | G20: 0 | I20: - | K20: ='29'!K20+'30'!E20 -> 0 | M20: ='29'!M20+G20 -> 0
A22: 5. 전력 사용량 (KWH) | P22: 6. 유틸리티 사용현황 (㎥)
A23: 구 분 | D23: 전일지침 | G23: 금일지침 | J23: 사용량 | M23: 누 계 | P23: 구 분 | S23: 전일 사용량 | V23: 금일 사용량 | Y23: 누 계
A24: MAIN | D24: ='29'!G24 -> 4327173 | G24: 4349267 | J24: =IF(G24-D24<0,,G24-D24) -> 22094 | M24: ='29'!M24+J24 -> 677699 | P24: 재이용수 | S24: ='29'!V24 -> 540.1 | V24: 543.4 | Y24: ='29'!Y24+'30'!V24 -> 15491.8
A25: ASH 저장조 | D25: ='29'!G25 -> 33736.5 | G25: 33766.3 | J25: =IF(G25-D25<0,,G25-D25) -> 29.8 | M25: ='29'!M25+J25 -> 1002.2 | P25: 복류수 | S25: ='29'!V25 -> 65 | V25: 65.6 | Y25: ='29'!Y25+'30'!V25 -> 1832.2
A26: BAG FILTER | D26: ='29'!G26 -> 24900 | G26: 24910 | J26: =IF(G26-D26<0,,G26-D26) -> 10 | M26: ='29'!M26+J26 -> 610 | P26: 응축수 | S26: ='29'!V26 -> 589 | V26: 589.1 | Y26: ='29'!Y26+'30'!V26 -> 15680
A27: SCRUBBER | D27: ='29'!G27 -> 1436000 | G27: 1440000 | J27: =IF(G27-D27<0,,G27-D27) -> 4000 | M27: ='29'!M27+J27 -> 101000 | P27: 보일러 급수 | S27: ='29'!V27 -> 524.8 | V27: 539.7 | Y27: ='29'!Y27+'30'!V27 -> 15399.9
A28: 활성탄 공급 | D28: ='29'!G28 -> 6490 | G28: 6541 | J28: =IF(G28-D28<0,,G28-D28) -> 51 | M28: ='29'!M28+J28 -> 1603 | P28: 폐 수 | S28: ='29'!V28 -> 0 | V28: 0 | Y28: ='29'!Y28+'30'!V28 -> 0
A29: 소석회 공급 | D29: ='29'!G29 -> 66260 | G29: 66260 | J29: =IF(G29-D29<0,,G29-D29) -> 0 | M29: ='29'!M29+J29 -> 80 | P29: 연 수 | S29: ='29'!V29 -> 75.3 | V29: 77.5 | Y29: ='29'!Y29+'30'!V29 -> 2103.3
A30: 요소수 공급 | D30: ='29'!G30 -> 53590 | G30: 53600 | J30: =IF(G30-D30<0,,G30-D30) -> 10 | M30: ='29'!M30+J30 -> 380 | P30: 계 | S30: ='29'!V30 -> 0 | Y30: ='29'!Y30+'30'!V30 -> 1528.3
A31: F.D | D31: ='29'!G31 -> 6427071 | G31: 6434557 | J31: =G31-D31 -> 7486 | M31: ='29'!M31+J31 -> 232462
A32: 활성탄 BAG | D32: ='29'!G32 -> 1.8 | G32: 1.8 | J32: =G32-D32 -> 0 | K32: 12.255 | L32: 12.255 | M32: ='29'!M32+J32 -> 0.2
A33: 소석회 BAG | D33: ='29'!G33 -> 0 | G33: 0 | J33: =G33-D33 -> 0 | K33: 12.255 | L33: 12.255 | M33: ='29'!M33+J33 -> 0
A35: 7. 특이사항
A36: 오 전
A49: 오 후
A63: 야 간

Sheet 31
A1: 근 무 자 | B1: 오 전 | D1: 오 후 | F1: 야 간 | H1: 유동상소각로 운전일지 | T1: 결 재 | U1: 반장 | W1: 대리 | Y1: 팀장
B2: 김동욱 | D2: 김동욱,김문한 | F2: 김문한
H3: 46234
A5: 1. 소각현황(KG) | P5: 2. BOILER 운전현황(TON, HR)
A6: 구 분 | D6: SRF소각량 | G6: SLUDGE 소각량 | J6: 합 계 | P6: 구 분 | R6: 스팀 생산량 | U6: 스팀 송기량 | X6: 가동시간
A7: 금 일 | D7: 56104 | G7: 188400 | J7: =D7+G7 -> 244504 | P7: 금 일 | R7: 494.7 | U7: 286.4 | X7: 24
A8: 누 계 | D8: ='30'!D8+'31'!D7 -> 2261737 | G8: ='30'!G8+'31'!G7 -> 4526400 | J8: =D8+G8 -> 6788137 | P8: 누 계 | R8: ='30'!R8+R7 -> 15137.2 | U8: ='30'!U8+U7 -> 9055.7 | X8: ='30'!X8+'31'!X7 -> 744
A10: 3. 약품 사용현황 (KG) | P10: 4. 소각재 발생량 (TON, 대)
A11: 품 명 | C11: 전일 재고량 | E11: 입고량 | G11: 사용량 | I11: 재고량 | K11: 입고량 누계 | M11: 사용량 누계 | P11: 구 분 | S11: 반출량 | W11: 누계
A12: 탄산암모늄 | C12: ='30'!I12 -> 9177 | E12: 13800 | G12: 4015 | I12: =C12+E12-G12 -> 18962 | K12: ='30'!K12+'31'!E12 -> 130960 | M12: ='30'!M12+G12 -> 126912 | P12: 비산재 | S12: 27.32 | W12: ='30'!W12+'31'!S12 -> 1129.75
A13: 청관제 | C13: ='30'!I13 -> 820 | E13: 0 | G13: 90 | I13: =C13+E13-G13 -> 730 | K13: ='30'!K13+'31'!E13 -> 2810 | M13: ='30'!M13+G13 -> 2670
A14: 활성탄 | C14: ='30'!I14 -> 1000 | E14: 0 | G14: 120 | I14: =C14+E14-G14 -> 880 | K14: ='30'!K14+'31'!E14 -> 4000 | M14: ='30'!M14+G14 -> 3720 | P14: 바닥재 | S14: 0 | W14: ='30'!W14+'31'!S14 -> 209.93
A15: 가성소다 | C15: ='30'!I15 -> 684 | E15: 0 | G15: 0 | I15: =C15+E15-G15 -> 684 | K15: ='30'!K15+'31'!E15 -> 0 | M15: ='30'!M15+G15 -> 615
A16: 소석회 | C16: ='30'!I16 -> 1750 | E16: 0 | G16: 20 | I16: =C16+E16-G16 -> 1730 | K16: ='30'!K16+'31'!E16 -> 0 | M16: ='30'!M16+G16 -> 620 | P16: 구분 | S16: 주간 | U16: 야간 | W16: 합계 | Y16: 누계
A17: 소 금 | C17: ='30'!I17 -> 3050 | E17: 0 | G17: 200 | I17: =C17+E17-G17 -> 2850 | K17: ='30'!K17+'31'!E17 -> 7200 | M17: ='30'!M17+G17 -> 6200
A18: 경 유 | C18: ='30'!I18 -> 4990 | E18: 0 | G18: 0 | I18: =C18+E18-G18 -> 4990 | K18: ='30'!K18+'31'!E18 -> 0 | M18: ='30'!M18+G18 -> 350 | P18: 불연물 | S18: 1 | U18: 1 | W18: =S18+U18 -> 2 | Y18: ='30'!Y18+'31'!W18 -> 95
A19: SRF | C19: ='30'!I19 -> 110957 | E19: 48050 | G19: =D7 -> 56104 | I19: =C19+E19-G19 -> 102903 | K19: ='30'!K19+'31'!E19 -> 2254640 | M19: ='30'!M19+G19 -> 2261737
A20: 규 사 | C20: ='30'!I20 -> - | E20: 0 | G20: 0 | I20: - | K20: ='30'!K20+'31'!E20 -> 0 | M20: ='30'!M20+G20 -> 0
A22: 5. 전력 사용량 (KWH) | P22: 6. 유틸리티 사용현황 (㎥)
A23: 구 분 | D23: 전일지침 | G23: 금일지침 | J23: 사용량 | M23: 누 계 | P23: 구 분 | S23: 전일 사용량 | V23: 금일 사용량 | Y23: 누 계
A24: MAIN | D24: ='30'!G24 -> 4349267 | G24: 4371516 | J24: =IF(G24-D24<0,,G24-D24) -> 22249 | M24: ='30'!M24+J24 -> 699948 | P24: 재이용수 | S24: ='30'!V24 -> 543.4 | V24: 555 | Y24: ='30'!Y24+'31'!V24 -> 16046.8
A25: ASH 저장조 | D25: ='30'!G25 -> 33766.3 | G25: 33795.8 | J25: =IF(G25-D25<0,,G25-D25) -> 29.5 | M25: ='30'!M25+J25 -> 1031.7 | P25: 복류수 | S25: ='30'!V25 -> 65.6 | V25: 61.3 | Y25: ='30'!Y25+'31'!V25 -> 1893.5
A26: BAG FILTER | D26: ='30'!G26 -> 24910 | G26: 24930 | J26: =IF(G26-D26<0,,G26-D26) -> 20 | M26: ='30'!M26+J26 -> 630 | P26: 응축수 | S26: ='30'!V26 -> 589.1 | V26: 543.2 | Y26: ='30'!Y26+'31'!V26 -> 16223.2
A27: SCRUBBER | D27: ='30'!G27 -> 1440000 | G27: 1444000 | J27: =IF(G27-D27<0,,G27-D27) -> 4000 | M27: ='30'!M27+J27 -> 105000 | P27: 보일러 급수 | S27: ='30'!V27 -> 539.7 | V27: 531.3 | Y27: ='30'!Y27+'31'!V27 -> 15931.2
A28: 활성탄 공급 | D28: ='30'!G28 -> 6541 | G28: 6591 | J28: =IF(G28-D28<0,,G28-D28) -> 50 | M28: ='30'!M28+J28 -> 1653 | P28: 폐 수 | S28: ='30'!V28 -> 0 | V28: 0 | Y28: ='30'!Y28+'31'!V28 -> 0
A29: 소석회 공급 | D29: ='30'!G29 -> 66260 | G29: 66270 | J29: =IF(G29-D29<0,,G29-D29) -> 10 | M29: ='30'!M29+J29 -> 90 | P29: 연 수 | S29: ='30'!V29 -> 77.5 | V29: 75.2 | Y29: ='30'!Y29+'31'!V29 -> 2178.5
A30: 요소수 공급 | D30: ='30'!G30 -> 53600 | G30: 53610 | J30: =IF(G30-D30<0,,G30-D30) -> 10 | M30: ='30'!M30+J30 -> 390 | P30: 계 | S30: ='29'!V30 -> 0 | Y30: ='30'!Y30+'31'!V30 -> 1528.3
A31: F.D | D31: ='30'!G31 -> 6434557 | G31: 6442077 | J31: =G31-D31 -> 7520 | M31: ='30'!M31+J31 -> 239982
A32: 활성탄 BAG | D32: ='30'!G32 -> 1.8 | G32: 1.8 | J32: =G32-D32 -> 0 | K32: 12.255 | L32: 12.255 | M32: ='30'!M32+J32 -> 0.2
A33: 소석회 BAG | D33: ='30'!G33 -> 0 | G33: 0 | J33: =G33-D33 -> 0 | K33: 12.255 | L33: 12.255 | M33: ='30'!M33+J33 -> 0
A35: 7. 특이사항
A36: 오 전
A49: 오 후
A63: 야 간

Sheet 요약(약품)
B1: 유동상 소각로 운전일지 (7월)
A3: 구분 | C3: 1 | D3: 2 | E3: 3 | F3: 4 | G3: 5 | H3: 6 | I3: 7 | J3: 8 | K3: 9 | L3: 10 | M3: 11 | N3: 12 | O3: 13 | P3: 14 | Q3: 15 | R3: 16 | S3: 17 | T3: 18 | U3: 19 | V3: 20 | W3: 21 | X3: 22 | Y3: 23 | Z3: 24 | AA3: 25 | AB3: 26 | AC3: 27 | AD3: 28 | AE3: 29 | AF3: 30 | AG3: 31 | AH3: 합계 | AI3: 평균
A4: 탄산암모늄 (KG) | B4: 반입 | C4: ='1'!$E$12 -> 0 | D4: ='2'!$E$12 -> 0 | E4: ='3'!$E$12 -> 15450 | F4: ='4'!$E$12 -> 0 | G4: ='5'!$E$12 -> 0 | H4: ='6'!$E$12 -> 0 | I4: ='7'!$E$12 -> 16020 | J4: ='8'!$E$12 -> 0 | K4: ='9'!$E$12 -> 0 | L4: ='10'!$E$12 -> 11400 | M4: ='11'!$E$12 -> 0 | N4: ='12'!$E$12 -> 0 | O4: ='13'!$E$12 -> 11350 | P4: ='14'!$E$12 -> 0 | Q4: ='15'!$E$12 -> 0 | R4: ='16'!$E$12 -> 12190 | S4: ='17'!$E$12 -> 0 | T4: ='18'!$E$12 -> 0 | U4: ='19'!$E$12 -> 0 | V4: ='20'!$E$12 -> 16950 | W4: ='21'!$E$12 -> 0 | X4: ='22'!$E$12 -> 0 | Y4: ='23'!$E$12 -> 0 | Z4: ='24'!$E$12 -> 14830 | AA4: ='25'!$E$12 -> 0 | AB4: ='26'!$E$12 -> 0 | AC4: ='27'!$E$12 -> 14100 | AD4: ='28'!$E$12 -> 0 | AE4: ='29'!$E$12 -> 4870 | AF4: ='30'!$E$12 -> 0 | AG4: ='31'!$E$12 -> 13800 | AH4: =SUM(C4:AG4) -> 130960 | AI4: =IFERROR(AVERAGE(C4:AG4),"") -> 4224.5161 | AJ4: =('1'!C12+AH4)-AH5 -> 18962 | AK4: =AJ4-'30'!I12 -> 9785
B5: 사용 | C5: ='1'!$G$12 -> 3339 | D5: ='2'!$G$12 -> 3812 | E5: ='3'!$G$12 -> 3638 | F5: ='4'!$G$12 -> 4682 | G5: ='5'!$G$12 -> 3767 | H5: ='6'!$G$12 -> 4082 | I5: ='7'!$G$12 -> 3356 | J5: ='8'!$G$12 -> 4727 | K5: ='9'!$G$12 -> 3518 | L5: ='10'!$G$12 -> 3494 | M5: ='11'!$G$12 -> 4136 | N5: ='12'!$G$12 -> 3591 | O5: ='13'!$G$12 -> 3941 | P5: ='14'!$G$12 -> 4270 | Q5: ='15'!$G$12 -> 4082 | R5: ='16'!$G$12 -> 4223 | S5: ='17'!$G$12 -> 4670 | T5: ='18'!$G$12 -> 4036 | U5: ='19'!$G$12 -> 4036 | V5: ='20'!$G$12 -> 3980 | W5: ='21'!$G$12 -> 4245 | X5: ='22'!$G$12 -> 4418 | Y5: ='23'!$G$12 -> 4306 | Z5: ='24'!$G$12 -> 4291 | AA5: ='25'!$G$12 -> 4933 | AB5: ='26'!$G$12 -> 4227 | AC5: ='27'!$G$12 -> 4433 | AD5: ='28'!$G$12 -> 4206 | AE5: ='29'!$G$12 -> 3776 | AF5: ='30'!$G$12 -> 4682 | AG5: ='31'!$G$12 -> 4015 | AH5: =SUM(C5:AG5) -> 126912 | AI5: =IFERROR(AVERAGE(C5:AG5),"") -> 4093.9355 | AJ5: =AF6-AJ4 -> -9785
B6: 재고 | C6: ='1'!I12 -> 11575 | D6: =C6+D4-D5 -> 7763 | E6: =D6+E4-E5 -> 19575 | F6: =E6+F4-F5 -> 14893 | G6: =F6+G4-G5 -> 11126 | H6: =G6+H4-H5 -> 7044 | I6: =H6+I4-I5 -> 19708 | J6: =I6+J4-J5 -> 14981 | K6: =J6+K4-K5 -> 11463 | ... AG6: =AF6+AG4-AG5 -> 18962 | AH6: 0 | AI6: =IFERROR(AVERAGE(C6:AG6),"") -> 13360.677
A7: 청관재 (KG) | B7: 반입 | C7: ='1'!$E$13 -> 0 | D7: ='2'!$E$13 -> 0 | E7: ='3'!$E$13 -> 710 | F7: ='4'!$E$13 -> 0 | G7: ='5'!$E$13 -> 0 | H7: ='6'!$E$13 -> 0 | I7: ='7'!$E$13 -> 0 | J7: ='8'!$E$13 -> 0 | K7: ='9'!$E$13 -> 0 | L7: ='10'!$E$13 -> 0 | M7: ='11'!$E$13 -> 0 | N7: ='12'!$E$13 -> 0 | O7: ='13'!$E$13 -> 910 | P7: ='14'!$E$13 -> 0 | Q7: ='15'!$E$13 -> 0 | R7: ='16'!$E$13 -> 0 | S7: ='17'!$E$13 -> 0 | T7: ='18'!$E$13 -> 0 | U7: ='19'!$E$13 -> 0 | V7: ='20'!$E$13 -> 0 | W7: ='21'!$E$13 -> 0 | X7: ='22'!$E$13 -> 800 | Y7: ='23'!$E$13 -> 0 | Z7: ='24'!$E$13 -> 0 | AA7: ='25'!$E$13 -> 0 | AB7: ='26'!$E$13 -> 0 | AC7: ='27'!$E$13 -> 0 | AD7: ='28'!$E$13 -> 0 | AE7: ='29'!$E$13 -> 390 | AF7: ='30'!$E$13 -> 0 | AG7: ='31'!$E$13 -> 0 | AH7: =SUM(C7:AG7) -> 2810 | AI7: =IFERROR(AVERAGE(C7:AG7),"") -> 90.645161 | AJ7: =('1'!C13+'요약(약품)'!AH7)-AH8 -> 730 | AK7: =AJ7-'30'!I13 -> -90
B8: 사용 | C8: ='1'!$G$13 -> 90 | D8: ='2'!$G$13 -> 100 | E8: ='3'!$G$13 -> 100 | F8: ='4'!$G$13 -> 80 | G8: ='5'!$G$13 -> 110 | H8: ='6'!$G$13 -> 90 | I8: ='7'!$G$13 -> 90 | J8: ='8'!$G$13 -> 80 | K8: ='9'!$G$13 -> 90 | L8: ='10'!$G$13 -> 100 | M8: ='11'!$G$13 -> 90 | N8: ='12'!$G$13 -> 100 | O8: ='13'!$G$13 -> 100 | P8: ='14'!$G$13 -> 90 | Q8: ='15'!$G$13 -> 90 | R8: ='16'!$G$13 -> 90 | S8: ='17'!$G$13 -> 100 | T8: ='18'!$G$13 -> 90 | U8: ='19'!$G$13 -> 90 | V8: ='20'!$G$13 -> 100 | W8: ='21'!$G$13 -> 100 | X8: ='22'!$G$13 -> 100 | Y8: ='23'!$G$13 -> 70 | Z8: ='24'!$G$13 -> 60 | AA8: ='25'!$G$13 -> 60 | AB8: ='26'!$G$13 -> 60 | AC8: ='27'!$G$13 -> 60 | AD8: ='28'!$G$13 -> 60 | AE8: ='29'!$G$13 -> 50 | AF8: ='30'!$G$13 -> 90 | AG8: ='31'!$G$13 -> 90 | AH8: =SUM(C8:AG8) -> 2670 | AI8: =IFERROR(AVERAGE(C8:AG8),"") -> 86.129032 | AJ8: =AF9-AJ7 -> 90
B9: 재고 | C9: ='1'!I13 -> 500 | D9: =C9+D7-D8 -> 400 | E9: =D9+E7-E8 -> 1010 | F9: =E9+F7-F8 -> 930 | G9: =F9+G7-G8 -> 820 | H9: =G9+H7-H8 -> 730 | I9: =H9+I7-I8 -> 640 | J9: =I9+J7-J8 -> 560 | K9: =J9+K7-K8 -> 470 | ... AG9: =AF9+AG7-AG8 -> 730 | AH9: 0 | AI9: =IFERROR(AVERAGE(C9:AG9),"") -> 651.6129
A10: 활성탄 (KG) | B10: 반입 | C10: ='1'!$E$14 -> 0 | D10: ='2'!$E$14 -> 0 | E10: ='3'!$E$14 -> 0 | F10: ='4'!$E$14 -> 0 | G10: ='5'!$E$14 -> 0 | H10: ='6'!$E$14 -> 2000 | I10: ='7'!$E$14 -> 0 | J10: ='8'!$E$14 -> 0 | K10: ='9'!$E$14 -> 0 | L10: ='10'!$E$14 -> 0 | M10: ='11'!$E$14 -> 0 | N10: ='12'!$E$14 -> 0 | O10: ='13'!$E$14 -> 0 | P10: ='14'!$E$14 -> 0 | Q10: ='15'!$E$14 -> 0 | R10: ='16'!$E$14 -> 0 | S10: ='17'!$E$14 -> 0 | T10: ='18'!$E$14 -> 0 | U10: ='19'!$E$14 -> 0 | V10: ='20'!$E$14 -> 0 | W10: ='21'!$E$14 -> 0 | X10: ='22'!$E$14 -> 2000 | Y10: ='23'!$E$14 -> 0 | Z10: ='24'!$E$14 -> 0 | AA10: ='25'!$E$14 -> 0 | AB10: ='26'!$E$14 -> 0 | AC10: ='27'!$E$14 -> 0 | AD10: ='28'!$E$14 -> 0 | AE10: ='29'!$E$14 -> 0 | AF10: ='30'!$E$14 -> 0 | AG10: ='31'!$E$14 -> 0 | AH10: =SUM(C10:AG10) -> 4000 | AI10: =IFERROR(AVERAGE(C10:AG10),"") -> 129.03226 | AJ10: =('1'!C14+'요약(약품)'!AH10)-AH11 -> 880 | AK10: =AJ10-'30'!I14 -> -120
B11: 사용 | C11: ='1'!$G$14 -> 120 | D11: ='2'!$G$14 -> 120 | E11: ='3'!$G$14 -> 120 | F11: ='4'!$G$14 -> 120 | G11: ='5'!$G$14 -> 120 | H11: ='6'!$G$14 -> 120 | I11: ='7'!$G$14 -> 120 | J11: ='8'!$G$14 -> 120 | K11: ='9'!$G$14 -> 120 | L11: ='10'!$G$14 -> 120 | M11: ='11'!$G$14 -> 120 | N11: ='12'!$G$14 -> 120 | O11: ='13'!$G$14 -> 120 | P11: ='14'!$G$14 -> 120 | Q11: ='15'!$G$14 -> 120 | R11: ='16'!$G$14 -> 120 | S11: ='17'!$G$14 -> 120 | T11: ='18'!$G$14 -> 120 | U11: ='19'!$G$14 -> 120 | V11: ='20'!$G$14 -> 120 | W11: ='21'!$G$14 -> 120 | X11: ='22'!$G$14 -> 120 | Y11: ='23'!$G$14 -> 120 | Z11: ='24'!$G$14 -> 120 | AA11: ='25'!$G$14 -> 120 | AB11: ='26'!$G$14 -> 120 | AC11: ='27'!$G$14 -> 120 | AD11: ='28'!$G$14 -> 120 | AE11: ='29'!$G$14 -> 120 | AF11: ='30'!$G$14 -> 120 | AG11: ='31'!$G$14 -> 120 | AH11: =SUM(C11:AG11) -> 3720 | AI11: =IFERROR(AVERAGE(C11:AG11),"") -> 120 | AJ11: =AF12-AJ10 -> 120
B12: 재고 | C12: ='1'!I14 -> 480 | D12: =C12+D10-D11 -> 360 | E12: =D12+E10-E11 -> 240 | F12: =E12+F10-F11 -> 120 | G12: =F12+G10-G11 -> 0 | H12: =G12+H10-H11 -> 1880 | I12: =H12+I10-I11 -> 1760 | J12: =I12+J10-J11 -> 1640 | K12: =J12+K10-K11 -> 1520 | ... AG12: =AF12+AG10-AG11 -> 880 | AH12: 0 | AI12: =IFERROR(AVERAGE(C12:AG12),"") -> 1002.5806
A13: 가성소다 (KG) | B13: 반입 | C13: ='1'!$E$15 -> 0 | D13: ='2'!$E$15 -> 0 | E13: ='3'!$E$15 -> 0 | F13: ='4'!$E$15 -> 0 | G13: ='5'!$E$15 -> 0 | H13: ='6'!$E$15 -> 0 | I13: ='7'!$E$15 -> 0 | J13: ='8'!$E$15 -> 0 | K13: ='9'!$E$15 -> 0 | L13: ='10'!$E$15 -> 0 | M13: ='11'!$E$15 -> 0 | N13: ='12'!$E$15 -> 0 | O13: ='13'!$E$15 -> 0 | P13: ='14'!$E$15 -> 0 | Q13: ='15'!$E$15 -> 0 | R13: ='16'!$E$15 -> 0 | S13: ='17'!$E$15 -> 0 | T13: ='18'!$E$15 -> 0 | U13: ='19'!$E$15 -> 0 | V13: ='20'!$E$15 -> 0 | W13: ='21'!$E$15 -> 0 | X13: ='22'!$E$15 -> 0 | Y13: ='23'!$E$15 -> 0 | Z13: ='24'!$E$15 -> 0 | AA13: ='25'!$E$15 -> 0 | AB13: ='26'!$E$15 -> 0 | AC13: ='27'!$E$15 -> 0 | AD13: ='28'!$E$15 -> 0 | AE13: ='29'!$E$15 -> 0 | AF13: ='30'!$E$15 -> 0 | AG13: ='31'!$E$15 -> 0 | AH13: =SUM(C13:AF13) -> 0 | AI13: =IFERROR(AVERAGE(C13:AF13),"") -> 0
B14: 사용 | C14: ='1'!$G$15 -> 33 | D14: ='2'!$G$15 -> 31 | E14: ='3'!$G$15 -> 24 | F14: ='4'!$G$15 -> 35 | G14: ='5'!$G$15 -> 29 | H14: ='6'!$G$15 -> 24 | I14: ='7'!$G$15 -> 33 | J14: ='8'!$G$15 -> 29 | K14: ='9'!$G$15 -> 26 | L14: ='10'!$G$15 -> 31 | M14: ='11'!$G$15 -> 24 | N14: ='12'!$G$15 -> 22 | O14: ='13'!$G$15 -> 31 | P14: ='14'!$G$15 -> 24 | Q14: ='15'!$G$15 -> 40 | R14: ='16'!$G$15 -> 31 | S14: ='17'!$G$15 -> 31 | T14: ='18'!$G$15 -> 40 | U14: ='19'!$G$15 -> 24 | V14: ='20'!$G$15 -> 33 | W14: 29 | X14: 29 | Y14: ='23'!$G$15 -> 20 | Z14: ='24'!$G$15 -> 0 | AA14: ='25'!$G$15 -> 0 | AB14: ='26'!$G$15 -> 0 | AC14: ='27'!$G$15 -> 0 | AD14: ='28'!$G$15 -> 0 | AE14: ='29'!$G$15 -> 0 | AF14: ='30'!$G$15 -> 0 | AG14: ='31'!$G$15 -> 0 | AH14: =SUM(C14:AF14) -> 673 | AI14: =IFERROR(AVERAGE(C14:AF14),"") -> 22.433333
B15: 재고 | C15: ='1'!I15 -> 1266 | D15: =C15+D13-D14 -> 1235 | E15: =D15+E13-E14 -> 1211 | F15: =E15+F13-F14 -> 1176 | G15: =F15+G13-G14 -> 1147 | H15: =G15+H13-H14 -> 1123 | I15: =H15+I13-I14 -> 1090 | J15: =I15+J13-J14 -> 1061 | K15: =J15+K13-K14 -> 1035 | ... AG15: =AF15+AG13-AG14 -> 626 | AH15: 0 | AI15: =IFERROR(AVERAGE(C15:AF15),"") -> 871.43333
A16: 소석회 (KG) | B16: 반입 | C16: ='1'!$E$16 -> 0 | D16: ='2'!$E$16 -> 0 | E16: ='3'!$E$16 -> 0 | F16: ='4'!$E$16 -> 0 | G16: ='5'!$E$16 -> 0 | H16: ='6'!$E$16 -> 0 | I16: ='7'!$E$16 -> 0 | J16: ='8'!$E$16 -> 0 | K16: ='9'!$E$16 -> 0 | L16: ='10'!$E$16 -> 0 | M16: ='11'!$E$16 -> 0 | N16: ='12'!$E$16 -> 0 | O16: ='13'!$E$16 -> 0 | P16: ='14'!$E$16 -> 0 | Q16: ='15'!$E$16 -> 0 | R16: ='16'!$E$16 -> 0 | S16: ='17'!$E$16 -> 0 | T16: ='18'!$E$16 -> 0 | U16: ='19'!$E$16 -> 0 | V16: ='20'!$E$16 -> 0 | W16: ='21'!$E$16 -> 0 | X16: ='22'!$E$16 -> 0 | Y16: ='23'!$E$16 -> 0 | Z16: ='24'!$E$16 -> 0 | AA16: ='25'!$E$16 -> 0 | AB16: ='26'!$E$16 -> 0 | AC16: ='27'!$E$16 -> 0 | AD16: ='28'!$E$16 -> 0 | AE16: ='29'!$E$16 -> 0 | AF16: ='30'!$E$16 -> 0 | AG16: ='31'!$E$16 -> 0 | AH16: =SUM(C16:AF16) -> 0 | AI16: =IFERROR(AVERAGE(C16:AF16),"") -> 0 | AJ16: =('1'!C16+'요약(약품)'!AH16)-AH17 -> 1730 | AK16: =AJ16-'30'!I16 -> -20
B17: 사용 | C17: ='1'!$G$16 -> 20 | D17: ='2'!$G$16 -> 20 | E17: ='3'!$G$16 -> 20 | F17: ='4'!$G$16 -> 20 | G17: ='5'!$G$16 -> 20 | H17: ='6'!$G$16 -> 20 | I17: ='7'!$G$16 -> 20 | J17: ='8'!$G$16 -> 20 | K17: ='9'!$G$16 -> 20 | L17: ='10'!$G$16 -> 20 | M17: ='11'!$G$16 -> 20 | N17: ='12'!$G$16 -> 20 | O17: ='13'!$G$16 -> 20 | P17: ='14'!$G$16 -> 20 | Q17: ='15'!$G$16 -> 20 | R17: ='16'!$G$16 -> 20 | S17: ='17'!$G$16 -> 20 | T17: ='18'!$G$16 -> 20 | U17: ='19'!$G$16 -> 20 | V17: ='20'!$G$16 -> 20 | W17: ='21'!$G$16 -> 20 | X17: ='22'!$G$16 -> 20 | Y17: ='23'!$G$16 -> 20 | Z17: ='24'!$G$16 -> 20 | AA17: ='25'!$G$16 -> 20 | AB17: ='26'!$G$16 -> 20 | AC17: ='27'!$G$16 -> 20 | AD17: ='28'!$G$16 -> 20 | AE17: ='29'!$G$16 -> 20 | AF17: ='30'!$G$16 -> 20 | AG17: ='31'!$G$16 -> 20 | AH17: =SUM(C17:AG17) -> 620 | AI17: =IFERROR(AVERAGE(C17:AG17),"") -> 20 | AJ17: =AF18-AJ16 -> 20
B18: 재고 | C18: ='1'!I16 -> 2330 | D18: =C18+D16-D17 -> 2310 | E18: =D18+E16-E17 -> 2290 | F18: =E18+F16-F17 -> 2270 | G18: =F18+G16-G17 -> 2250 | H18: =G18+H16-H17 -> 2230 | I18: =H18+I16-I17 -> 2210 | J18: =I18+J16-J17 -> 2190 | K18: =J18+K16-K17 -> 2170 | ... AG18: =AF18+AG16-AG17 -> 1730 | AH18: 0 | AI18: =IFERROR(AVERAGE(C18:AG18),"") -> 2030
A19: 소금(KG) | B19: 반입 | C19: ='1'!$E$17 -> 0 | D19: ='2'!$E$17 -> 0 | E19: ='3'!$E$17 -> 0 | F19: ='4'!$E$17 -> 0 | G19: ='5'!$E$17 -> 1440 | H19: ='6'!$E$17 -> 0 | I19: ='7'!$E$17 -> 0 | J19: ='8'!$E$17 -> 0 | K19: ='9'!$E$17 -> 0 | L19: ='10'!$E$17 -> 0 | M19: ='11'!$E$17 -> 0 | N19: ='12'!$E$17 -> 1440 | O19: ='13'!$E$17 -> 0 | P19: ='14'!$E$17 -> 0 | Q19: ='15'!$E$17 -> 0 | R19: ='16'!$E$17 -> 0 | S19: ='17'!$E$17 -> 0 | T19: ='18'!$E$17 -> 0 | U19: ='19'!$E$17 -> 0 | V19: ='20'!$E$17 -> 1440 | W19: ='21'!$E$17 -> 0 | X19: ='22'!$E$17 -> 0 | Y19: ='23'!$E$17 -> 0 | Z19: ='24'!$E$17 -> 0 | AA19: ='25'!$E$17 -> 0 | AB19: ='26'!$E$17 -> 1440 | AC19: ='27'!$E$17 -> 1440 | AD19: ='28'!$E$17 -> 0 | AE19: ='29'!$E$17 -> 0 | AF19: ='30'!$E$17 -> 0 | AG19: ='31'!$E$17 -> 0 | AH19: =SUM(C19:AG19) -> 7200 | AI19: =IFERROR(AVERAGE(C19:AG19),"") -> 232.25806 | AJ19: =('1'!C17+'요약(약품)'!AH19)-AH20 -> 2850 | AK19: =AJ19-'30'!I17 -> -200
B20: 사용 | C20: ='1'!$G$17 -> 200 | D20: ='2'!$G$17 -> 200 | E20: ='3'!$G$17 -> 200 | F20: ='4'!$G$17 -> 200 | G20: ='5'!$G$17 -> 200 | H20: ='6'!$G$17 -> 200 | I20: ='7'!$G$17 -> 200 | J20: ='8'!$G$17 -> 200 | K20: ='9'!$G$17 -> 200 | L20: ='10'!$G$17 -> 200 | M20: ='11'!$G$17 -> 200 | N20: ='12'!$G$17 -> 200 | O20: ='13'!$G$17 -> 200 | P20: ='14'!$G$17 -> 200 | Q20: ='15'!$G$17 -> 200 | R20: ='16'!$G$17 -> 200 | S20: ='17'!$G$17 -> 200 | T20: ='18'!$G$17 -> 200 | U20: ='19'!$G$17 -> 200 | V20: ='20'!$G$17 -> 200 | W20: ='21'!$G$17 -> 200 | X20: ='22'!$G$17 -> 200 | Y20: ='23'!$G$17 -> 200 | Z20: ='24'!$G$17 -> 200 | AA20: ='25'!$G$17 -> 200 | AB20: ='26'!$G$17 -> 200 | AC20: ='27'!$G$17 -> 200 | AD20: ='28'!$G$17 -> 200 | AE20: ='29'!$G$17 -> 200 | AF20: ='30'!$G$17 -> 200 | AG20: ='31'!$G$17 -> 200 | AH20: =SUM(C20:AG20) -> 6200 | AI20: =IFERROR(AVERAGE(C20:AG20),"") -> 200 | AJ20: =AF21-AJ19 -> 200
B21: 재고 | C21: ='1'!I17 -> 1650 | D21: =C21+D19-D20 -> 1450 | E21: =D21+E19-E20 -> 1250 | F21: =E21+F19-F20 -> 1050 | G21: =F21+G19-G20 -> 2290 | H21: =G21+H19-H20 -> 2090 | I21: =H21+I19-I20 -> 1890 | J21: =I21+J19-J20 -> 1690 | K21: =J21+K19-K20 -> 1490 | ... AG21: =AF21+AG19-AG20 -> 2850 | AH21: 0 | AI21: =IFERROR(AVERAGE(C21:AG21),"") -> 1901.6129
A22: 경유(L) | B22: 반입 | C22: ='1'!$E$18 -> 0 | D22: ='2'!$E$18 -> 0 | E22: ='3'!$E$18 -> 0 | F22: ='4'!$E$18 -> 0 | G22: ='5'!$E$18 -> 0 | H22: ='6'!$E$18 -> 0 | I22: ='7'!$E$18 -> 0 | J22: ='8'!$E$18 -> 0 | K22: ='9'!$E$18 -> 0 | L22: ='10'!$E$18 -> 0 | M22: ='11'!$E$18 -> 0 | N22: ='12'!$E$18 -> 0 | O22: ='13'!$E$18 -> 0 | P22: ='14'!$E$18 -> 0 | Q22: ='15'!$E$18 -> 0 | R22: ='16'!$E$18 -> 0 | S22: ='17'!$E$18 -> 0 | T22: ='18'!$E$18 -> 0 | U22: ='19'!$E$18 -> 0 | V22: ='20'!$E$18 -> 0 | W22: ='21'!$E$18 -> 0 | X22: ='22'!$E$18 -> 0 | Y22: ='23'!$E$18 -> 0 | Z22: ='24'!$E$18 -> 0 | AA22: ='25'!$E$18 -> 0 | AB22: ='26'!$E$18 -> 0 | AC22: ='27'!$E$18 -> 0 | AD22: ='28'!$E$18 -> 0 | AE22: ='29'!$E$18 -> 0 | AF22: ='30'!$E$18 -> 0 | AG22: ='31'!$E$18 -> 0 | AH22: =SUM(C22:AG22) -> 0 | AI22: =IFERROR(AVERAGE(C22:AG22),"") -> 0 | AJ22: =('1'!C18+'요약(약품)'!AH22)-AH23 -> 4990 | AK22: =AJ22-'30'!I18 -> 0
B23: 사용 | C23: ='1'!$G$18 -> 0 | D23: ='2'!$G$18 -> 0 | E23: ='3'!$G$18 -> 0 | F23: ='4'!$G$18 -> 0 | G23: ='5'!$G$18 -> 0 | H23: ='6'!$G$18 -> 0 | I23: ='7'!$G$18 -> 0 | J23: ='8'!$G$18 -> 0 | K23: ='9'!$G$18 -> 0 | L23: ='10'!$G$18 -> 0 | M23: ='11'!$G$18 -> 0 | N23: ='12'!$G$18 -> 0 | O23: ='13'!$G$18 -> 0 | P23: ='14'!$G$18 -> 0 | Q23: ='15'!$G$18 -> 0 | R23: ='16'!$G$18 -> 0 | S23: ='17'!$G$18 -> 0 | T23: ='18'!$G$18 -> 0 | U23: ='19'!$G$18 -> 0 | V23: ='20'!$G$18 -> 0 | W23: ='21'!$G$18 -> 0 | X23: ='22'!$G$18 -> 0 | Y23: ='23'!$G$18 -> 0 | Z23: ='24'!$G$18 -> 0 | AA23: ='25'!$G$18 -> 0 | AB23: ='26'!$G$18 -> 0 | AC23: ='27'!$G$18 -> 0 | AD23: ='28'!$G$18 -> 350 | AE23: ='29'!$G$18 -> 0 | AF23: ='30'!$G$18 -> 0 | AG23: ='31'!$G$18 -> 0 | AH23: =SUM(C23:AG23) -> 350 | AI23: =IFERROR(AVERAGE(C23:AG23),"") -> 11.290323 | AJ23: =AF24-AJ22 -> 0
B24: 재고 | C24: ='1'!I18 -> 5340 | D24: =C24+D22-D23 -> 5340 | E24: =D24+E22-E23 -> 5340 | F24: =E24+F22-F23 -> 5340 | G24: =F24+G22-G23 -> 5340 | H24: =G24+H22-H23 -> 5340 | I24: =H24+I22-I23 -> 5340 | J24: =I24+J22-J23 -> 5340 | K24: =J24+K22-K23 -> 5340 | ... AG24: =AF24+AG22-AG23 -> 4990 | AH24: 0 | AI24: =IFERROR(AVERAGE(C24:AG24),"") -> 5294.8387
A25: 규사(KG) | B25: 반입 | C25: ='1'!$E$20 -> 0 | D25: ='2'!$E$20 -> 0 | E25: ='3'!$E$20 -> 0 | F25: ='4'!$E$20 -> 0 | G25: ='5'!$E$20 -> 0 | H25: ='6'!$E$20 -> 0 | I25: ='7'!$E$20 -> 0 | J25: ='8'!$E$20 -> 0 | K25: ='9'!$E$20 -> 0 | L25: ='10'!$E$20 -> 0 | M25: ='11'!$E$20 -> 0 | N25: ='12'!$E$20 -> 0 | O25: ='13'!$E$20 -> 0 | P25: ='14'!$E$20 -> 0 | Q25: ='15'!$E$20 -> 0 | R25: ='16'!$E$20 -> 0 | S25: ='17'!$E$20 -> 0 | T25: ='18'!$E$20 -> 0 | U25: ='19'!$E$20 -> 0 | V25: ='20'!$E$20 -> 0 | W25: ='21'!$E$20 -> 0 | X25: ='22'!$E$20 -> 0 | Y25: ='23'!$E$20 -> 0 | Z25: ='24'!$E$20 -> 0 | AA25: ='25'!$E$20 -> 0 | AB25: ='26'!$E$20 -> 0 | AC25: ='27'!$E$20 -> 0 | AD25: ='28'!$E$20 -> 0 | AE25: ='29'!$E$20 -> 0 | AF25: ='30'!$E$20 -> 0 | AG25: ='31'!$E$20 -> 0
B26: 사용 | C26: 사용량 측정불가 | AH26: - | AI26: -
B27: 입고누계 | C27: ='1'!$K$20 -> 0 | D27: ='2'!$K$20 -> 0 | E27: ='3'!$K$20 -> 0 | F27: ='4'!$K$20 -> 0 | G27: ='5'!$K$20 -> 0 | H27: ='6'!$K$20 -> 0 | I27: ='7'!$K$20 -> 0 | J27: ='8'!$K$20 -> 0 | K27: ='9'!$K$20 -> 0 | L27: ='10'!$K$20 -> 0 | M27: ='11'!$K$20 -> 0 | N27: ='12'!$K$20 -> 0 | O27: ='13'!$K$20 -> 0 | P27: ='14'!$K$20 -> 0 | Q27: ='15'!$K$20 -> 0 | R27: ='16'!$K$20 -> 0 | S27: ='17'!$K$20 -> 0 | T27: ='18'!$K$20 -> 0 | U27: ='19'!$K$20 -> 0 | V27: ='20'!$K$20 -> 0 | W27: ='21'!$K$20 -> 0 | X27: ='22'!$K$20 -> 0 | Y27: ='23'!$K$20 -> 0 | Z27: ='24'!$K$20 -> 0 | AA27: ='25'!$K$20 -> 0 | AB27: ='26'!$K$20 -> 0 | AC27: ='27'!$K$20 -> 0 | AD27: ='28'!$K$20 -> 0 | AE27: ='29'!$K$20 -> 0 | AF27: ='30'!$K$20 -> 0 | AG27: ='31'!$K$20 -> 0 | AH27: 0
A28: SRF(KG) | B28: 반입 | C28: ='1'!$E$19 -> 70150 | D28: ='2'!$E$19 -> 66230 | E28: ='3'!$E$19 -> 64150 | F28: ='4'!$E$19 -> 62100 | G28: ='5'!$E$19 -> 45930 | H28: ='6'!$E$19 -> 70810 | I28: ='7'!$E$19 -> 66070 | J28: ='8'!$E$19 -> 71350 | K28: ='9'!$E$19 -> 70800 | L28: ='10'!$E$19 -> 65350 | M28: ='11'!$E$19 -> 98650 | N28: ='12'!$E$19 -> 68680 | O28: ='13'!$E$19 -> 74790 | P28: ='14'!$E$19 -> 67100 | Q28: ='15'!$E$19 -> 94630 | R28: ='16'!$E$19 -> 48570 | S28: ='17'!$E$19 -> 62710 | T28: ='18'!$E$19 -> 89060 | U28: ='19'!$E$19 -> 65600 | V28: ='20'!$E$19 -> 97000 | W28: ='21'!$E$19 -> 84770 | X28: ='22'!$E$19 -> 91250 | Y28: ='23'!$E$19 -> 96960 | Z28: ='24'!$E$19 -> 65600 | AA28: ='25'!$E$19 -> 88810 | AB28: ='26'!$E$19 -> 64810 | AC28: ='27'!$E$19 -> 72610 | AD28: ='28'!$E$19 -> 86990 | AE28: ='29'!$E$19 -> 44760 | AF28: ='30'!$E$19 -> 90300 | AG28: ='31'!$E$19 -> 48050 | AH28: =SUM(C28:AG28) -> 2254640 | AI28: =IFERROR(AVERAGE(C28:AG28),"") -> 72730.323 | AJ28: =('1'!C19+'요약(약품)'!AH28)-AH29 -> 102903 | AK28: =AJ28-'30'!I19 -> -8054
B29: 사용 | C29: ='1'!$G$19 -> 70549 | D29: ='2'!$G$19 -> 63525 | E29: ='3'!$G$19 -> 63380 | F29: ='4'!$G$19 -> 59627 | G29: ='5'!$G$19 -> 65675 | H29: ='6'!$G$19 -> 73379 | I29: ='7'!$G$19 -> 78842 | J29: ='8'!$G$19 -> 81006 | K29: ='9'!$G$19 -> 78799 | L29: ='10'!$G$19 -> 80936 | M29: ='11'!$G$19 -> 73131 | N29: ='12'!$G$19 -> 72830 | O29: ='13'!$G$19 -> 76475 | P29: ='14'!$G$19 -> 69312 | Q29: ='15'!$G$19 -> 61510 | R29: ='16'!$G$19 -> 67599 | S29: ='17'!$G$19 -> 77111 | T29: ='18'!$G$19 -> 68297 | U29: ='19'!$G$19 -> 84977 | V29: ='20'!$G$19 -> 90268 | W29: ='21'!$G$19 -> 81962 | X29: ='22'!$G$19 -> 90783 | Y29: ='23'!$G$19 -> 72610 | Z29: ='24'!$G$19 -> 74316 | AA29: ='25'!$G$19 -> 64897 | AB29: ='26'!$G$19 -> 71161 | AC29: ='27'!$G$19 -> 78087 | AD29: ='28'!$G$19 -> 73304 | AE29: ='29'!$G$19 -> 74612 | AF29: ='30'!$G$19 -> 66673 | AG29: ='31'!$G$19 -> 56104 | AH29: =SUM(C29:AG29) -> 2261737 | AI29: =IFERROR(AVERAGE(C29:AG29),"") -> 72959.258 | AJ29: =AF30-AJ28 -> 8054
B30: 재고 | C30: ='1'!I19 -> 109601 | D30: =C30+D28-D29 -> 112306 | E30: =D30+E28-E29 -> 113076 | F30: =E30+F28-F29 -> 115549 | G30: =F30+G28-G29 -> 95804 | H30: =G30+H28-H29 -> 93235 | I30: =H30+I28-I29 -> 80463 | J30: =I30+J28-J29 -> 70807 | K30: =J30+K28-K29 -> 62808 | ... AG30: =AF30+AG28-AG29 -> 102903 | AH30: 0 | AI30: =IFERROR(AVERAGE(C30:AG30),"") -> 87967.581
AD65: `

Sheet 요약(그외)
A1: 유동상 소각로 운전일지 (7월)
A3: 구분 | C3: 1 | D3: 2 | E3: 3 | F3: 4 | G3: 5 | H3: 6 | I3: 7 | J3: 8 | K3: 9 | L3: 10 | M3: 11 | N3: 12 | O3: 13 | P3: 14 | Q3: 15 | R3: 16 | S3: 17 | T3: 18 | U3: 19 | V3: 20 | W3: 21 | X3: 22 | Y3: 23 | Z3: 24 | AA3: 25 | AB3: 26 | AC3: 27 | AD3: 28 | AE3: 29 | AF3: 30 | AG3: 31 | AH3: 합계 | AI3: 평균
A4: 가동시간 | C4: ='1'!$X$7 -> 24 | D4: ='2'!$X$7 -> 24 | E4: ='3'!$X$7 -> 24 | F4: ='4'!$X$7 -> 24 | G4: ='5'!$X$7 -> 24 | H4: ='6'!$X$7 -> 24 | I4: ='7'!$X$7 -> 24 | J4: ='8'!$X$7 -> 24 | K4: ='9'!$X$7 -> 24 | L4: ='10'!$X$7 -> 24 | M4: ='11'!$X$7 -> 24 | N4: ='12'!$X$7 -> 24 | O4: ='13'!$X$7 -> 24 | P4: ='14'!$X$7 -> 24 | Q4: ='15'!$X$7 -> 24 | R4: ='16'!$X$7 -> 24 | S4: ='16'!$X$7 -> 24 | T4: ='18'!$X$7 -> 24 | U4: ='19'!$X$7 -> 24 | V4: ='20'!$X$7 -> 24 | W4: ='21'!$X$7 -> 24 | X4: ='22'!$X$7 -> 24 | Y4: ='23'!$X$7 -> 24 | Z4: ='24'!$X$7 -> 24 | AA4: ='25'!$X$7 -> 24 | AB4: ='26'!$X$7 -> 24 | AC4: ='27'!$X$7 -> 24 | AD4: ='28'!$X$7 -> 24 | AE4: ='29'!$X$7 -> 24 | AF4: ='30'!$X$7 -> 24 | AG4: ='31'!$X$7 -> 24 | AH4: =SUM(C4:AG4) -> 744 | AI4: =IFERROR(AVERAGE(C4:AG4),"") -> 24
A5: 소각량 | B5: SRF | C5: ='1'!$D$7 -> 70549 | D5: ='2'!$D$7 -> 63525 | E5: ='3'!$D$7 -> 63380 | F5: ='4'!$D$7 -> 59627 | G5: ='5'!$D$7 -> 65675 | H5: ='6'!$D$7 -> 73379 | I5: ='7'!$D$7 -> 78842 | J5: ='8'!$D$7 -> 81006 | K5: ='9'!$D$7 -> 78799 | L5: ='10'!$D$7 -> 80936 | M5: ='11'!$D$7 -> 73131 | N5: ='12'!$D$7 -> 72830 | O5: ='13'!$D$7 -> 76475 | P5: ='14'!$D$7 -> 69312 | Q5: ='15'!$D$7 -> 61510 | R5: ='16'!$D$7 -> 67599 | S5: ='17'!$D$7 -> 77111 | T5: ='18'!$D$7 -> 68297 | U5: ='19'!$D$7 -> 84977 | V5: ='20'!$D$7 -> 90268 | W5: ='21'!$D$7 -> 81962 | X5: ='22'!$D$7 -> 90783 | Y5: ='23'!$D$7 -> 72610 | Z5: ='24'!$D$7 -> 74316 | AA5: ='25'!$D$7 -> 64897 | AB5: ='26'!$D$7 -> 71161 | AC5: ='27'!$D$7 -> 78087 | AD5: ='28'!$D$7 -> 73304 | AE5: ='29'!$D$7 -> 74612 | AF5: ='30'!$D$7 -> 66673 | AG5: ='31'!$D$7 -> 56104 | AH5: =SUM(C5:AG5) -> 2261737 | AI5: =IFERROR(AVERAGE(C5:AG5),"") -> 72959.258
B6: 미계근 | C6: 0 | D6: 0 | E6: 0 | F6: 0 | G6: 0 | H6: 0 | I6: 0 | J6: 0 | K6: 0 | L6: 0 | M6: 0 | N6: 0 | O6: 0 | P6: 0 | Q6: 0 | R6: 0 | S6: 0 | T6: 0 | U6: 0 | V6: 0 | W6: 0 | X6: 0 | Y6: 0 | Z6: 0 | AA6: 0 | AB6: 0 | AC6: 0 | AD6: 0 | AE6: 0 | AF6: 0 | AG6: 0 | AH6: =SUM(C6:AG6) -> 0 | AI6: =IFERROR(AVERAGE(C6:AG6),"") -> 0
B7: 합계 | C7: =C5+C6 -> 70549 | D7: =D5+D6 -> 63525 | E7: =E5+E6 -> 63380 | F7: =F5+F6 -> 59627 | G7: =G5+G6 -> 65675 | H7: =H5+H6 -> 73379 | I7: =I5+I6 -> 78842 | J7: =J5+J6 -> 81006 | ... AG7: =AG5+AG6 -> 56104 | AH7: =SUM(C7:AG7) -> 2261737 | AI7: =IFERROR(AVERAGE(C7:AG7),"") -> 72959.258
B8: Sludge | C8: ='1'!$G$7 -> 170800 | D8: ='2'!$G$7 -> 178400 | E8: ='3'!$G$7 -> 157600 | F8: ='4'!$G$7 -> 159400 | G8: ='5'!$G$7 -> 158700 | H8: ='6'!$G$7 -> 163900 | I8: ='7'!$G$7 -> 117000 | J8: ='8'!$G$7 -> 106400 | K8: ='9'!$G$7 -> 152000 | L8: ='10'!$G$7 -> 138500 | M8: ='11'!$G$7 -> 127700 | N8: ='12'!$G$7 -> 142900 | O8: ='13'!$G$7 -> 137100 | P8: ='14'!$G$7 -> 148900 | Q8: ='15'!$G$7 -> 171100 | R8: ='16'!$G$7 -> 145400 | S8: ='17'!$G$7 -> 135800 | T8: ='18'!$G$7 -> 150300 | U8: ='19'!$G$7 -> 151500 | V8: ='20'!$G$7 -> 121700 | W8: ='21'!$G$7 -> 103500 | X8: ='22'!$G$7 -> 100400 | Y8: ='23'!$G$7 -> 188100 | Z8: ='24'!$G$7 -> 143600 | AA8: ='25'!$G$7 -> 155000 | AB8: ='26'!$G$7 -> 146000 | AC8: ='27'!$G$7 -> 136100 | AD8: ='28'!$G$7 -> 133100 | AE8: ='29'!$G$7 -> 123300 | AF8: ='30'!$G$7 -> 173800 | AG8: ='31'!$G$7 -> 188400 | AH8: =SUM(C8:AG8) -> 4526400 | AI8: =IFERROR(AVERAGE(C8:AG8),"") -> 146012.9
B9: 혼합연료 | C9: 273.3 | D9: 283.6 | E9: 243.2 | F9: 237.5 | G9: 270.5 | H9: 279.8 | I9: 218.4 | J9: 228.9 | K9: 312.6 | L9: 274.9 | M9: 232.1 | N9: 242.4 | O9: 229.7 | P9: 250.9 | Q9: 278.6 | R9: 268.9 | S9: 306.4 | T9: 301 | U9: 308.8 | V9: 289.7 | W9: 253.6 | X9: 253.8 | Y9: 347.4 | Z9: 283.3 | AA9: 271.9 | AB9: 282.6 | AC9: 265.9 | AD9: 235.1 | AE9: 223.4 | AF9: 299.5 | AG9: 303.8 | AH9: =SUM(C9:AG9) -> 8351.5 | AI9: =IFERROR(AVERAGE(C9:AG9),"") -> 269.40323
B10: 자동호퍼 | C10: 10 | D10: 10 | E10: 7 | F10: 4 | G10: 8 | H10: 12 | I10: 28 | J10: 51 | K10: 15 | L10: 4 | M10: 7 | N10: 4 | O10: 0 | P10: 2 | Q10: 3 | R10: 12 | S10: 2 | T10: 9 | U10: 4 | V10: 2 | W10: 17 | X10: 36 | Y10: 13 | Z10: 7 | AA10: 24 | AB10: 28 | AC10: 44 | AD10: 57 | AE10: 53 | AF10: 14 | AG10: 4 | AH10: =SUM(C10:AG10) -> 491 | AI10: =IFERROR(AVERAGE(C10:AG10),"") -> 15.83871
A11: 스팀량 | B11: FIT-301 | C11: ='1'!$R$7 -> 475.7 | D11: ='2'!$R$7 -> 481.2 | E11: ='3'!$R$7 -> 478 | F11: ='4'!$R$7 -> 477.1 | G11: ='5'!$R$7 -> 474 | H11: ='6'!$R$7 -> 488.7 | I11: ='7'!$R$7 -> 455 | J11: ='8'!$R$7 -> 468.2 | K11: ='9'!$R$7 -> 497 | L11: ='10'!$R$7 -> 507.6 | M11: ='11'!$R$7 -> 495.7 | N11: ='12'!$R$7 -> 491.5 | O11: ='13'!$R$7 -> 487.2 | P11: ='14'!$R$7 -> 487.8 | Q11: ='15'!$R$7 -> 495.2 | R11: ='16'!$R$7 -> 495.5 | S11: ='17'!$R$7 -> 514.7 | T11: ='18'!$R$7 -> 491.5 | U11: ='19'!$R$7 -> 506.5 | V11: ='20'!$R$7 -> 506.3 | W11: ='21'!$R$7 -> 483.3 | X11: ='22'!$R$7 -> 469.2 | Y11: ='23'!$R$7 -> 514.6 | Z11: ='24'!$R$7 -> 490.1 | AA11: ='25'!$R$7 -> 494.9 | AB11: ='26'!$R$7 -> 484.2 | AC11: ='27'!$R$7 -> 490.6 | AD11: ='28'!$R$7 -> 475.5 | AE11: ='29'!$R$7 -> 467.4 | AF11: ='30'!$R$7 -> 498.3 | AG11: ='31'!$R$7 -> 494.7 | AH11: =SUM(C11:AG11) -> 15137.2 | AI11: =IFERROR(AVERAGE(C11:AG11),"") -> 488.29677
B12: FIT-304 | C12: ='1'!$U$7 -> 277.8 | D12: ='2'!$U$7 -> 327.4 | E12: ='3'!$U$7 -> 390.8 | F12: ='4'!$U$7 -> 388.4 | G12: ='5'!$U$7 -> 344 | H12: ='6'!$U$7 -> 354.5 | I12: ='7'!$U$7 -> 259.2 | J12: ='8'!$U$7 -> 253.9 | K12: ='9'!$U$7 -> 388.7 | L12: ='10'!$U$7 -> 319.8 | M12: ='11'!$U$7 -> 384.2 | N12: ='12'!$U$7 -> 365.7 | O12: ='13'!$U$7 -> 338.4 | P12: ='14'!$U$7 -> 86.6 | Q12: ='15'!$U$7 -> 124.8 | R12: ='16'!$U$7 -> 405.4 | S12: ='17'!$U$7 -> 389.5 | T12: ='18'!$U$7 -> 295 | U12: ='19'!$U$7 -> 232 | V12: ='20'!$U$7 -> 260.3 | W12: ='21'!$U$7 -> 29.7 | X12: ='22'!$U$7 -> 55.3 | Y12: ='23'!$U$7 -> 418.2 | Z12: ='24'!$U$7 -> 422.8 | AA12: ='25'!$U$7 -> 422.2 | AB12: ='26'!$U$7 -> 409.2 | AC12: ='27'!$U$7 -> 396.3 | AD12: ='28'!$U$7 -> 32.8 | AE12: ='29'!$U$7 -> 53.9 | AF12: ='30'!$U$7 -> 342.5 | AG12: ='31'!$U$7 -> 286.4 | AH12: =SUM(C12:AG12) -> 9055.7 | AI12: =IFERROR(AVERAGE(C12:AG12),"") -> 292.11935
A13: 소각재 | B13: 비산재(반출) | C13: ='1'!$S$12 -> 54.12 | D13: ='2'!$S$12 -> 55.53 | E13: ='3'!$S$12 -> 58.74 | F13: ='4'!$S$12 -> 26.29 | G13: ='5'!$S$12 -> 0 | H13: ='6'!$S$12 -> 25.95 | I13: ='7'!$S$12 -> 55.97 | J13: ='8'!$S$12 -> 55.74 | K13: ='9'!$S$12 -> 30.99 | L13: ='10'!$S$12 -> 26.21 | M13: ='11'!$S$12 -> 56.34 | N13: ='12'!$S$12 -> 0 | O13: ='13'!$S$12 -> 26.67 | P13: ='14'!$S$12 -> 59.94 | Q13: ='15'!$S$12 -> 54.94 | R13: ='16'!$S$12 -> 29.21 | S13: ='17'!$S$12 -> 55.46 | T13: ='18'!$S$12 -> 0 | U13: ='19'!$S$12 -> 0 | V13: ='20'!$S$12 -> 57.42 | W13: ='21'!$S$12 -> 57.48 | X13: ='22'!$S$12 -> 0 | Y13: ='23'!$S$12 -> 58.12 | Z13: ='24'!$S$12 -> 25.22 | AA13: ='25'!$S$12 -> 29.28 | AB13: ='26'!$S$12 -> 0 | AC13: ='27'!$S$12 -> 57.92 | AD13: 0 | AE13: ='29'!$S$12 -> 57.25 | AF13: ='30'!$S$12 -> 30.19 | AG13: ='31'!$S$12 -> 27.32 | AH13: =SUM(C13:AG13) -> 1072.3 | AI13: =IFERROR(AVERAGE(C13:AG13),"") -> 34.590323
B14: 바닥재(발생) | C14: ='1'!$W$18 -> 3 | D14: ='2'!$W$18 -> 5 | E14: ='3'!$W$18 -> 4 | F14: ='4'!$W$18 -> 3 | G14: ='5'!$W$18 -> 5 | H14: ='6'!$W$18 -> 4 | I14: ='7'!$W$18 -> 3 | J14: ='8'!$W$18 -> 4 | K14: ='9'!$W$18 -> 3 | L14: ='10'!$W$18 -> 2 | M14: ='11'!$W$18 -> 5 | N14: ='12'!$W$18 -> 4 | O14: ='13'!$W$18 -> 3 | P14: ='14'!$W$18 -> 3 | Q14: ='15'!$W$18 -> 3 | R14: ='16'!$W$18 -> 2 | S14: ='17'!$W$18 -> 2 | T14: ='18'!$W$18 -> 3 | U14: ='19'!$W$18 -> 2 | V14: ='20'!$W$18 -> 3 | W14: ='21'!$W$18 -> 2 | X14: ='22'!$W$18 -> 3 | Y14: ='23'!$W$18 -> 3 | Z14: ='24'!$W$18 -> 2 | AA14: ='25'!$W$18 -> 3 | AB14: ='26'!$W$18 -> 2 | AC14: ='27'!$W$18 -> 3 | AD14: ='28'!$W$18 -> 2 | AE14: ='29'!$W$18 -> 4 | AF14: ='30'!$W$18 -> 3 | AG14: ='31'!$W$18 -> 2 | AH14: =SUM(C14:AG14) -> 95 | AI14: =IFERROR(AVERAGE(C14:AG14),"") -> 3.0645161
B15: 바닥재(반출) | C15: ='1'!$S$14 -> 24.1 | D15: ='2'!$S$14 -> 0 | E15: ='3'!$S$14 -> 0 | F15: ='4'!$S$14 -> 22.74 | G15: ='5'!$S$14 -> 0 | H15: ='6'!$S$14 -> 0 | I15: ='7'!$S$14 -> 24.8 | J15: ='8'!$S$14 -> 0 | K15: ='9'!$S$14 -> 0 | L15: ='10'!$S$14 -> 0 | M15: ='11'!$S$14 -> 22.1 | N15: ='12'!$S$14 -> 0 | O15: ='13'!$S$14 -> 0 | P15: ='14'!$S$14 -> 24.69 | Q15: ='15'!$S$14 -> 0 | R15: ='16'!$S$14 -> 0 | S15: ='17'!$S$14 -> 0 | T15: ='18'!$S$14 -> 20.82 | U15: ='19'!$S$14 -> 0 | V15: ='20'!$S$14 -> 23.82 | W15: ='21'!$S$14 -> 0 | X15: ='22'!$S$14 -> 0 | Y15: ='23'!$S$14 -> 0 | Z15: ='24'!$S$14 -> 21.08 | AA15: ='25'!$S$14 -> 0 | AB15: ='26'!$S$14 -> 0 | AC15: ='27'!$S$14 -> 0 | AD15: ='28'!$S$14 -> 0 | AE15: ='29'!$S$14 -> 25.78 | AF15: ='30'!$S$14 -> 0 | AG15: ='31'!$S$14 -> 0 | AH15: =SUM(C15:AG15) -> 209.93 | AI15: =IFERROR(AVERAGE(C15:AG15),"") -> 6.7719355
A16: 유틸리티 | B16: 재이용수 | C16: ='1'!$V$24 -> 432.2 | D16: ='2'!$V$24 -> 429.1 | E16: ='3'!$V$24 -> 427.2 | F16: ='4'!$V$24 -> 428.1 | G16: ='5'!$V$24 -> 424.3 | H16: ='6'!$V$24 -> 426.3 | I16: ='7'!$V$24 -> 421.4 | J16: ='8'!$V$24 -> 414.6 | K16: ='9'!$V$24 -> 473.9 | L16: ='10'!$V$24 -> 562 | M16: ='11'!$V$24 -> 558.8 | N16: ='12'!$V$24 -> 561.3 | O16: ='13'!$V$24 -> 561.3 | P16: ='14'!$V$24 -> 559.9 | Q16: ='15'!$V$24 -> 559.3 | R16: ='16'!$V$24 -> 561.4 | S16: ='17'!$V$24 -> 565.1 | T16: ='18'!$V$24 -> 554.1 | U16: ='19'!$V$24 -> 556.5 | V16: ='20'!$V$24 -> 556.6 | W16: ='21'!$V$24 -> 536.9 | X16: ='22'!$V$24 -> 519.1 | Y16: ='23'!$V$24 -> 536.5 | Z16: ='24'!$V$24 -> 548.8 | AA16: ='25'!$V$24 -> 556.6 | AB16: ='26'!$V$24 -> 560.8 | AC16: ='27'!$V$24 -> 561.5 | AD16: ='28'!$V$24 -> 554.7 | AE16: ='29'!$V$24 -> 540.1 | AF16: ='30'!$V$24 -> 543.4 | AG16: ='31'!$V$24 -> 555 | AH16: =SUM(C16:AG16) -> 16046.8 | AI16: =IFERROR(AVERAGE(C16:AG16),"") -> 517.63871
B17: 복류수 | C17: ='1'!$V$25 -> 56.4 | D17: ='2'!$V$25 -> 55.3 | E17: ='3'!$V$25 -> 56.1 | F17: ='4'!$V$25 -> 57.3 | G17: ='5'!$V$25 -> 55 | H17: ='6'!$V$25 -> 57.3 | I17: ='7'!$V$25 -> 61.2 | J17: ='8'!$V$25 -> 55.2 | K17: ='9'!$V$25 -> 55.4 | L17: ='10'!$V$25 -> 62.9 | M17: ='11'!$V$25 -> 56.5 | N17: ='12'!$V$25 -> 60.8 | O17: ='13'!$V$25 -> 60.6 | P17: ='14'!$V$25 -> 61.1 | Q17: ='15'!$V$25 -> 55.6 | R17: ='16'!$V$25 -> 66.8 | S17: ='17'!$V$25 -> 52.8 | T17: ='18'!$V$25 -> 60.8 | U17: ='19'!$V$25 -> 61.3 | V17: ='20'!$V$25 -> 63 | W17: ='21'!$V$25 -> 60.4 | X17: ='22'!$V$25 -> 67.6 | Y17: ='23'!$V$25 -> 67.8 | Z17: ='24'!$V$25 -> 70.4 | AA17: ='25'!$V$25 -> 66 | AB17: ='26'!$V$25 -> 61.6 | AC17: ='27'!$V$25 -> 66.7 | AD17: ='28'!$V$25 -> 69.7 | AE17: ='29'!$V$25 -> 65 | AF17: ='30'!$V$25 -> 65.6 | AG17: ='31'!$V$25 -> 61.3 | AH17: =SUM(C17:AG17) -> 1893.5 | AI17: =IFERROR(AVERAGE(C17:AG17),"") -> 61.080645
B18: 응축수 | C18: ='1'!$V$26 -> 477.8 | D18: ='2'!$V$26 -> 499.6 | E18: ='3'!$V$26 -> 429.7 | F18: ='4'!$V$26 -> 430.3 | G18: ='5'!$V$26 -> 454.9 | H18: ='6'!$V$26 -> 541.2 | I18: ='7'!$V$26 -> 574.8 | J18: ='8'!$V$26 -> 532.6 | K18: ='9'!$V$26 -> 514.9 | L18: ='10'!$V$26 -> 488.1 | M18: ='11'!$V$26 -> 468.7 | N18: ='12'!$V$26 -> 521.6 | O18: ='13'!$V$26 -> 525.1 | P18: ='14'!$V$26 -> 472.2 | Q18: ='15'!$V$26 -> 480.7 | R18: ='16'!$V$26 -> 485.3 | S18: ='17'!$V$26 -> 504.6 | T18: ='18'!$V$26 -> 453.8 | U18: ='19'!$V$26 -> 540.8 | V18: ='20'!$V$26 -> 527 | W18: ='21'!$V$26 -> 529.7 | X18: ='22'!$V$26 -> 528.4 | Y18: ='23'!$V$26 -> 556.5 | Z18: ='24'!$V$26 -> 573.5 | AA18: ='25'!$V$26 -> 613.8 | AB18: ='26'!$V$26 -> 602.9 | AC18: ='27'!$V$26 -> 556.3 | AD18: ='28'!$V$26 -> 617.1 | AE18: ='29'!$V$26 -> 589 | AF18: ='30'!$V$26 -> 589.1 | AG18: ='31'!$V$26 -> 543.2 | AH18: =SUM(C18:AG18) -> 16223.2 | AI18: =IFERROR(AVERAGE(C18:AG18),"") -> 523.32903
B19: 보일러급수 | C19: ='1'!$V$27 -> 500.3 | D19: ='2'!$V$27 -> 514.9 | E19: ='3'!$V$27 -> 481.3 | F19: ='4'!$V$27 -> 480.1 | G19: ='5'!$V$27 -> 491 | H19: ='6'!$V$27 -> 531.5 | I19: ='7'!$V$27 -> 527.8 | J19: ='8'!$V$27 -> 506.4 | K19: ='9'!$V$27 -> 508.5 | L19: ='10'!$V$27 -> 513.3 | M19: ='11'!$V$27 -> 500 | N19: ='12'!$V$27 -> 516.5 | O19: ='13'!$V$27 -> 577.6 | P19: ='14'!$V$27 -> 482.6 | Q19: ='15'!$V$27 -> 490.9 | R19: ='16'!$V$27 -> 508.4 | S19: ='17'!$V$27 -> 519.1 | T19: ='18'!$V$27 -> 490.4 | U19: ='19'!$V$27 -> 530.6 | V19: ='20'!$V$27 -> 525.7 | W19: ='21'!$V$27 -> 498.1 | X19: ='22'!$V$27 -> 490.5 | Y19: ='23'!$V$27 -> 527.8 | Z19: ='24'!$V$27 -> 539.9 | AA19: ='25'!$V$27 -> 523.2 | AB19: ='26'!$V$27 -> 523.4 | AC19: ='27'!$V$27 -> 523.9 | AD19: ='28'!$V$27 -> 511.7 | AE19: ='29'!$V$27 -> 524.8 | AF19: ='30'!$V$27 -> 539.7 | AG19: ='31'!$V$27 -> 531.3 | AH19: =SUM(C19:AG19) -> 15931.2 | AI19: =IFERROR(AVERAGE(C19:AG19),"") -> 513.90968
B20: 연수 | C20: ='1'!$V$29 -> 61.6 | D20: ='2'!$V$29 -> 59.7 | E20: ='3'!$V$29 -> 65.1 | F20: ='4'!$V$29 -> 60.8 | G20: ='5'!$V$29 -> 61.2 | H20: ='6'!$V$29 -> 61.6 | I20: ='7'!$V$29 -> 69.9 | J20: ='8'!$V$29 -> 59.7 | K20: ='9'!$V$29 -> 62 | L20: ='10'!$V$29 -> 70.3 | M20: ='11'!$V$29 -> 64.8 | N20: ='12'!$V$29 -> 68.9 | O20: ='13'!$V$29 -> 75.6 | P20: ='14'!$V$29 -> 69 | Q20: ='15'!$V$29 -> 66.6 | R20: ='16'!$V$29 -> 75.2 | S20: ='17'!$V$29 -> 67.2 | T20: ='18'!$V$29 -> 70.1 | U20: ='19'!$V$29 -> 76.1 | V20: ='20'!$V$29 -> 70.8 | W20: ='21'!$V$29 -> 71.5 | X20: ='22'!$V$29 -> 75.7 | Y20: ='23'!$V$29 -> 79.9 | Z20: ='24'!$V$29 -> 79.9 | AA20: ='25'!$V$29 -> 76.4 | AB20: ='26'!$V$29 -> 74.6 | AC20: ='27'!$V$29 -> 74.3 | AD20: ='28'!$V$29 -> 82 | AE20: ='29'!$V$29 -> 75.3 | AF20: ='30'!$V$29 -> 77.5 | AG20: ='31'!$V$29 -> 75.2 | AH20: =SUM(C20:AG20) -> 2178.5 | AI20: =IFERROR(AVERAGE(C20:AG20),"") -> 70.274194
B21: 폐수 | C21: ='1'!$V$28 -> 0 | D21: ='2'!$V$28 -> 0 | E21: ='3'!$V$28 -> 0 | F21: ='4'!$V$28 -> 0 | G21: ='5'!$V$28 -> 0 | H21: ='6'!$V$28 -> 0 | I21: ='7'!$V$28 -> 0 | J21: ='8'!$V$28 -> 0 | K21: ='9'!$V$28 -> 0 | L21: ='10'!$V$28 -> 0 | M21: ='11'!$V$28 -> 0 | N21: ='12'!$V$28 -> 0 | O21: ='13'!$V$28 -> 0 | P21: ='14'!$V$28 -> 0 | Q21: ='15'!$V$28 -> 0 | R21: ='16'!$V$28 -> 0 | S21: ='17'!$V$28 -> 0 | T21: ='18'!$V$28 -> 0 | U21: ='19'!$V$28 -> 0 | V21: ='20'!$V$28 -> 0 | W21: ='21'!$V$28 -> 0 | X21: ='22'!$V$28 -> 0 | Y21: ='23'!$V$28 -> 0 | Z21: ='24'!$V$28 -> 0 | AA21: ='25'!$V$28 -> 0 | AB21: ='26'!$V$28 -> 0 | AC21: ='27'!$V$28 -> 0 | AD21: ='28'!$V$28 -> 0 | AE21: ='29'!$V$28 -> 0 | AF21: ='30'!$V$28 -> 0 | AG21: ='31'!$V$28 -> 0 | AH21: =SUM(C21:AG21) -> 0 | AI21: =IFERROR(AVERAGE(C21:AG21),"") -> 0
A22: 전력량 | B22: Main | C22: ='1'!$J$24 -> 42440 | D22: ='2'!$J$24 -> 21306 | E22: ='3'!$J$24 -> 20767 | F22: ='4'!$J$24 -> 20981 | G22: ='5'!$J$24 -> 21066 | H22: ='6'!$J$24 -> 21174 | I22: ='7'!$J$24 -> 20861 | J22: ='8'!$J$24 -> 21602 | K22: ='9'!$J$24 -> 21837 | L22: ='10'!$J$24 -> 21951 | M22: ='11'!$J$24 -> 21319 | N22: ='12'!$J$24 -> 22400 | O22: ='13'!$J$24 -> 22078 | P22: ='14'!$J$24 -> 22295 | Q22: ='15'!$J$24 -> 23352 | R22: ='16'!$J$24 -> 22541 | S22: ='17'!$J$24 -> 22540 | T22: ='18'!$J$24 -> 22424 | U22: ='19'!$J$24 -> 22316 | V22: ='20'!$J$24 -> 21712 | W22: ='21'!$J$24 -> 21583 | X22: ='22'!$J$24 -> 21333 | Y22: ='23'!$J$24 -> 21707 | Z22: ='24'!$J$24 -> 21742 | AA22: ='25'!$J$24 -> 22049 | AB22: ='26'!$J$24 -> 22206 | AC22: ='27'!$J$24 -> 22717 | AD22: ='28'!$J$24 -> 22286 | AE22: ='29'!$J$24 -> 23020 | AF22: ='30'!$J$24 -> 22094 | AG22: ='31'!$J$24 -> 22249 | AH22: =SUM(C22:AG22) -> 699948 | AI22: =IFERROR(AVERAGE(C22:AG22),"") -> 22578.968
B23: Ash 밴트필터 | C23: ='1'!$J$25 -> 62 | D23: ='2'!$J$25 -> 32.1 | E23: ='3'!$J$25 -> 31.7 | F23: ='4'!$J$25 -> 32.5 | G23: ='5'!$J$25 -> 33.1 | H23: ='6'!$J$25 -> 32.9 | I23: ='7'!$J$25 -> 33.4 | J23: ='8'!$J$25 -> 33.5 | K23: ='9'!$J$25 -> 31.8 | L23: ='10'!$J$25 -> 30.6 | M23: ='11'!$J$25 -> 29.4 | N23: ='12'!$J$25 -> 29.4 | O23: ='13'!$J$25 -> 30.1 | P23: ='14'!$J$25 -> 33.3 | Q23: ='15'!$J$25 -> 33.8 | R23: ='16'!$J$25 -> 34.1 | S23: ='17'!$J$25 -> 34.8 | T23: ='18'!$J$25 -> 34.6 | U23: ='19'!$J$25 -> 33.6 | V23: ='20'!$J$25 -> 34.8 | W23: ='21'!$J$25 -> 33.6 | X23: ='22'!$J$25 -> 34.5 | Y23: ='23'!$J$25 -> 31.5 | Z23: ='24'!$J$25 -> 30.8 | AA23: ='25'!$J$25 -> 31.3 | AB23: ='26'!$J$25 -> 31.9 | AC23: ='27'!$J$25 -> 33.3 | AD23: ='28'!$J$25 -> 31.8 | AE23: ='29'!$J$25 -> 32.2 | AF23: ='30'!$J$25 -> 29.8 | AG23: ='31'!$J$25 -> 29.5 | AH23: =SUM(C23:AG23) -> 1031.7 | AI23: =IFERROR(AVERAGE(C23:AG23),"") -> 33.280645
B24: 백필터 | C24: ='1'!$J$26 -> 40 | D24: ='2'!$J$26 -> 20 | E24: ='3'!$J$26 -> 10 | F24: ='4'!$J$26 -> 20 | G24: ='5'!$J$26 -> 20 | H24: ='6'!$J$26 -> 20 | I24: ='7'!$J$26 -> 20 | J24: ='8'!$J$26 -> 20 | K24: ='9'!$J$26 -> 20 | L24: ='10'!$J$26 -> 20 | M24: ='11'!$J$26 -> 20 | N24: ='12'!$J$26 -> 20 | O24: ='13'!$J$26 -> 20 | P24: ='14'!$J$26 -> 20 | Q24: ='15'!$J$26 -> 20 | R24: ='16'!$J$26 -> 20 | S24: ='17'!$J$26 -> 20 | T24: ='18'!$J$26 -> 20 | U24: ='19'!$J$26 -> 20 | V24: ='20'!$J$26 -> 30 | W24: ='21'!$J$26 -> 20 | X24: ='22'!$J$26 -> 20 | Y24: ='23'!$J$26 -> 20 | Z24: ='24'!$J$26 -> 20 | AA24: ='25'!$J$26 -> 20 | AB24: ='26'!$J$26 -> 20 | AC24: ='27'!$J$26 -> 20 | AD24: ='28'!$J$26 -> 10 | AE24: ='29'!$J$26 -> 30 | AF24: ='30'!$J$26 -> 10 | AG24: ='31'!$J$26 -> 20 | AH24: =SUM(C24:AG24) -> 630 | AI24: =IFERROR(AVERAGE(C24:AG24),"") -> 20.322581
B25: 스크러버 | C25: ='1'!$J$27 -> 7000 | D25: ='2'!$J$27 -> 3000 | E25: ='3'!$J$27 -> 3000 | F25: ='4'!$J$27 -> 4000 | G25: ='5'!$J$27 -> 3000 | H25: ='6'!$J$27 -> 3000 | I25: ='7'!$J$27 -> 3000 | J25: ='8'!$J$27 -> 4000 | K25: ='9'!$J$27 -> 3000 | L25: ='10'!$J$27 -> 3000 | M25: ='11'!$J$27 -> 3000 | N25: ='12'!$J$27 -> 3000 | O25: ='13'!$J$27 -> 3000 | P25: ='14'!$J$27 -> 3000 | Q25: ='15'!$J$27 -> 3000 | R25: ='16'!$J$27 -> 3000 | S25: ='17'!$J$27 -> 3000 | T25: ='18'!$J$27 -> 3000 | U25: ='19'!$J$27 -> 3000 | V25: ='20'!$J$27 -> 3000 | W25: ='21'!$J$27 -> 3000 | X25: ='22'!$J$27 -> 3000 | Y25: ='23'!$J$27 -> 4000 | Z25: ='24'!$J$27 -> 3000 | AA25: ='25'!$J$27 -> 4000 | AB25: ='26'!$J$27 -> 3000 | AC25: ='27'!$J$27 -> 4000 | AD25: ='28'!$J$27 -> 4000 | AE25: ='29'!$J$27 -> 3000 | AF25: ='30'!$J$27 -> 4000 | AG25: ='31'!$J$27 -> 4000 | AH25: =SUM(C25:AG25) -> 105000 | AI25: =IFERROR(AVERAGE(C25:AG25),"") -> 3387.0968
B26: 활성탄공급 | C26: ='1'!$J$28 -> 107 | D26: ='2'!$J$28 -> 54 | E26: ='3'!$J$28 -> 52 | F26: ='4'!$J$28 -> 53 | G26: ='5'!$J$28 -> 53 | H26: ='6'!$J$28 -> 53 | I26: ='7'!$J$28 -> 52 | J26: ='8'!$J$28 -> 56 | K26: ='9'!$J$28 -> 53 | L26: ='10'!$J$28 -> 51 | M26: ='11'!$J$28 -> 49 | N26: ='12'!$J$28 -> 49 | O26: ='13'!$J$28 -> 49 | P26: ='14'!$J$28 -> 50 | Q26: ='15'!$J$28 -> 53 | R26: ='16'!$J$28 -> 51 | S26: ='17'!$J$28 -> 52 | T26: ='18'!$J$28 -> 52 | U26: ='19'!$J$28 -> 52 | V26: ='20'!$J$28 -> 52 | W26: ='21'!$J$28 -> 52 | X26: ='22'!$J$28 -> 52 | Y26: ='23'!$J$28 -> 52 | Z26: ='24'!$J$28 -> 52 | AA26: ='25'!$J$28 -> 50 | AB26: ='26'!$J$28 -> 50 | AC26: ='27'!$J$28 -> 52 | AD26: ='28'!$J$28 -> 49 | AE26: ='29'!$J$28 -> 50 | AF26: ='30'!$J$28 -> 51 | AG26: ='31'!$J$28 -> 50 | AH26: =SUM(C26:AG26) -> 1653 | AI26: =IFERROR(AVERAGE(C26:AG26),"") -> 53.322581
B27: 소석회공급 | C27: ='1'!$J$29 -> 10 | D27: ='2'!$J$29 -> 0 | E27: ='3'!$J$29 -> 0 | F27: ='4'!$J$29 -> 10 | G27: ='5'!$J$29 -> 0 | H27: ='6'!$J$29 -> 0 | I27: ='7'!$J$29 -> 10 | J27: ='8'!$J$29 -> 0 | K27: ='9'!$J$29 -> 0 | L27: ='10'!$J$29 -> 10 | M27: ='11'!$J$29 -> 0 | N27: ='12'!$J$29 -> 0 | O27: ='13'!$J$29 -> 0 | P27: ='14'!$J$29 -> 10 | Q27: ='15'!$J$29 -> 0 | R27: ='16'!$J$29 -> 0 | S27: ='17'!$J$29 -> 0 | T27: ='18'!$J$29 -> 10 | U27: ='19'!$J$29 -> 0 | V27: ='20'!$J$29 -> 0 | W27: ='21'!$J$29 -> 10 | X27: ='22'!$J$29 -> 0 | Y27: ='23'!$J$29 -> 0 | Z27: ='24'!$J$29 -> 0 | AA27: ='25'!$J$29 -> 10 | AB27: ='26'!$J$29 -> 0 | AC27: ='27'!$J$29 -> 0 | AD27: ='28'!$J$29 -> 0 | AE27: ='29'!$J$29 -> 0 | AF27: ='30'!$J$30 -> 10 | AG27: ='31'!$J$30 -> 10 | AH27: =SUM(C27:AG27) -> 100 | AI27: =IFERROR(AVERAGE(C27:AG27),"") -> 3.2258065
B28: 요소수 | C28: ='1'!$J$30 -> 30 | D28: ='2'!$J$30 -> 10 | E28: ='3'!$J$30 -> 10 | F28: ='4'!$J$30 -> 10 | G28: ='5'!$J$30 -> 10 | H28: ='6'!$J$30 -> 20 | I28: ='7'!$J$30 -> 10 | J28: ='8'!$J$30 -> 10 | K28: ='9'!$J$30 -> 10 | L28: ='10'!$J$30 -> 10 | M28: ='11'!$J$30 -> 20 | N28: ='12'!$J$30 -> 10 | O28: ='13'!$J$30 -> 10 | P28: ='14'!$J$30 -> 10 | Q28: ='15'!$J$30 -> 10 | R28: ='16'!$J$30 -> 20 | S28: ='17'!$J$30 -> 10 | T28: ='18'!$J$30 -> 10 | U28: ='19'!$J$30 -> 10 | V28: ='20'!$J$30 -> 10 | W28: ='21'!$J$30 -> 20 | X28: ='22'!$J$30 -> 10 | Y28: ='23'!$J$30 -> 10 | Z28: ='24'!$J$30 -> 10 | AA28: ='25'!$J$30 -> 20 | AB28: ='26'!$J$30 -> 10 | AC28: ='27'!$J$30 -> 10 | AD28: ='28'!$J$30 -> 10 | AE28: ='29'!$J$30 -> 20 | AF28: ='30'!$J$30 -> 10 | AG28: ='31'!$J$30 -> 10 | AH28: =SUM(C28:AG28) -> 390 | AI28: =IFERROR(AVERAGE(C28:AG28),"") -> 12.580645
A29: TMS OVER | B29: NOX OVER | E29: 54.49 | G29: 50.03 51.24 | R29: 47.79 | T29: 48.44 | U29: 47.85 | AA29: 48.45 | AE29: 47.46

Sheet 함수율
B1: 날짜 | C1: 근무 | D1: 1번 탈수기 | F1: 2번 탈수기 | H1: 3번 탈수기 | J1: 4번 탈수기 | L1: 5번 탈수기 | N1: 근무 평균 | O1: 일 평균
D2: 취득시간 | E2: 함수율 | F2: 취득시간 | G2: 함수율 | H2: 취득시간 | I2: 함수율 | J2: 취득시간 | K2: 함수율 | L2: 취득시간 | M2: 함수율
B3: 46204 | C3: 오전 | D3: 0.3125 | E3: 0.6161 | F3: 0.35416667 | G3: 0.6049 | J3: 0.39583333 | K3: 0.5764 | L3: 0.4375 | M3: 0.6462 | N3: =AVERAGE(E3,G3,I3,K3,M3) -> 0.6109 | O3: =AVERAGE(N3:N5) -> 0.5976
C4: 오후 | D4: 0.625 | E4: 0.5933 | F4: 0.65277778 | G4: 0.6155 | J4: 0.68055556 | K4: 0.5331 | L4: 0.72916667 | M4: 0.6495 | N4: =AVERAGE(E4,G4,I4,K4,M4) -> 0.59785
C5: 야간 | D5: 0.97916667 | E5: 0.5152 | F5: 0.013888889 | G5: 0.6244 | J5: 0.0625 | K5: 0.5488 | L5: 0.097222222 | M5: 0.6478 | N5: =AVERAGE(E5,G5,I5,K5,M5) -> 0.58405
B6: 46205 | C6: 오전 | D6: 0.3125 | E6: 0.5792 | F6: 0.35416667 | G6: 0.6055 | J6: 0.39583333 | K6: 0.525 | L6: 0.4375 | M6: 0.6309 | N6: =AVERAGE(E6,G6,I6,K6,M6) -> 0.58515 | O6: =AVERAGE(N6:N8) -> 0.608275
C7: 오후 | D7: 0.63888889 | E7: 0.5281 | F7: 0.67361111 | G7: 0.5783 | J7: 0.72222222 | K7: 0.5402 | L7: 0.75 | M7: 0.7275 | N7: =AVERAGE(E7,G7,I7,K7,M7) -> 0.593525
C8: 야간 | D8: 0.97916667 | E8: 0.6752 | F8: 0.013888889 | G8: 0.6248 | J8: 0.055555556 | K8: 0.6158 | L8: 0.11111111 | M8: 0.6688 | N8: =AVERAGE(E8,G8,I8,K8,M8) -> 0.64615
B9: 46206 | C9: 오전 | D9: 0.3125 | E9: 0.6559 | F9: 0.35416667 | G9: 0.6053 | J9: 0.39583333 | K9: 0.5343 | L9: 0.4375 | M9: 0.6748 | N9: =AVERAGE(E9,G9,I9,K9,M9) -> 0.617575 | O9: =AVERAGE(N9:N11) -> 0.603785
C10: 오후 | D10: 0.64583333 | E10: 0.5514 | F10: 0.6875 | G10: 0.5647 | H10: 0.74305556 | I10: 0.6866 | J10: 0.78472222 | K10: 0.5271 | L10: 0.83333333 | M10: 0.6238 | N10: =AVERAGE(E10,G10,I10,K10,M10) -> 0.59072
C11: 야간 | D11: 0.97916667 | E11: 0.5785 | F11: 0.013888889 | G11: 0.6084 | H11: 0.069444444 | I11: 0.6752 | J11: 0.10416667 | K11: 0.5184 | L11: 0.14583333 | M11: 0.6348 | N11: =AVERAGE(E11,G11,I11,K11,M11) -> 0.60306
B12: 46207 | C12: 오전 | D12: 0.3125 | E12: 0.6163 | F12: 0.35416667 | G12: 0.5571 | H12: 0.39583333 | I12: 0.6722 | J12: 0.4375 | K12: 0.5241 | L12: 0.47916667 | M12: 0.6276 | N12: =AVERAGE(E12,G12,I12,K12,M12) -> 0.59946 | O12: =AVERAGE(N12:N14) -> 0.59362
C13: 오후 | D13: 0.63888889 | E13: 0.5677 | F13: 0.68055556 | G13: 0.5408 | H13: 0.72916667 | I13: 0.6472 | J13: 0.77083333 | K13: 0.5211 | L13: 0.82638889 | M13: 0.6268 | N13: =AVERAGE(E13,G13,I13,K13,M13) -> 0.58072
C14: 야간 | D14: 23.:20 | E14: 0.5987 | F14: 0.020833333 | G14: 0.5999 | H14: 0.055555556 | I14: 0.6452 | J14: 0.11111111 | K14: 0.5158 | L14: 0.13888889 | M14: 0.6438 | N14: =AVERAGE(E14,G14,I14,K14,M14) -> 0.60068
B15: 46208 | C15: 오전 | D15: 0.31944444 | E15: 0.6312 | F15: 0.34027778 | G15: 0.6187 | H15: 0.375 | I15: 0.6687 | J15: 0.40277778 | K15: 0.576 | L15: 0.42361111 | M15: 0.6702 | N15: =AVERAGE(E15,G15,I15,K15,M15) -> 0.63296 | O15: =AVERAGE(N15:N17) -> 0.62615333
C16: 오후 | D16: 0.64583333 | E16: 0.6192 | F16: 0.6875 | G16: 0.5702 | H16: 0.72916667 | I16: 0.6772 | J16: 0.78472222 | K16: 0.5244 | L16: 0.81944444 | M16: 0.6454 | N16: =AVERAGE(E16,G16,I16,K16,M16) -> 0.60728
C17: 야간 | D17: 0.97916667 | E17: 0.6785 | F17: 0.013888889 | G17: 0.6206 | H17: 0.0625 | I17: 0.6679 | J17: 0.097222222 | K17: 0.5799 | L17: 0.15277778 | M17: 0.6442 | N17: =AVERAGE(E17,G17,I17,K17,M17) -> 0.63822
B18: 46209 | C18: 오전 | D18: 0.30555556 | E18: 0.6408 | F18: 0.33333333 | G18: 0.5855 | H18: 0.35416667 | I18: 0.6613 | J18: 0.38888889 | K18: 0.535 | L18: 0.41666667 | M18: 0.6275 | N18: =AVERAGE(E18,G18,I18,K18,M18) -> 0.61002 | O18: =AVERAGE(N18:N20) -> 0.61949333
C19: 오후 | D19: 0.625 | E19: 0.6496 | F19: 0.65972222 | G19: 0.6665 | H19: 0.68055556 | I19: 0.5955 | J19: 0.71527778 | K19: 0.5547 | L19: 0.75 | M19: 0.6384 | N19: =AVERAGE(E19,G19,I19,K19,M19) -> 0.62094
C20: 야간 | D20: 0.95833333 | E20: 0.6288 | F20: 0 | G20: 0.6117 | H20: 0.041666667 | I20: 0.6145 | J20: 0.083333333 | K20: 0.6371 | L20: 0.125 | M20: 0.6455 | N20: =AVERAGE(E20,G20,I20,K20,M20) -> 0.62752
B21: 46210 | C21: 오전 | D21: 0.31944444 | E21: 0.5879 | F21: 0.34722222 | G21: 0.5695 | H21: 0.375 | I21: 0.6406 | J21: 0.39583333 | K21: 0.5375 | L21: 0.43055556 | M21: 0.6304 | N21: =AVERAGE(E21,G21,I21,K21,M21) -> 0.59318 | O21: =AVERAGE(N21:N23) -> 0.64985333
C22: 오후 | D22: 0.63194444 | E22: 0.6946 | F22: 0.67361111 | G22: 0.6895 | H22: 0.72916667 | I22: 0.6857 | J22: 0.77083333 | K22: 0.6079 | L22: 0.72222222 | M22: 0.6742 | N22: =AVERAGE(E22,G22,I22,K22,M22) -> 0.67038
C23: 야간 | H23: 0.95833333 | I23: 0.6811 | L23: 0 | M23: 0.6909 | N23: =AVERAGE(E23,G23,I23,K23,M23) -> 0.686
B24: 46211 | C24: 오전 | H24: 0.30555556 | I24: 0.6962 | L24: 0.34027778 | M24: 0.7023 | N24: =AVERAGE(E24,G24,I24,K24,M24) -> 0.69925 | O24: =AVERAGE(N24:N26) -> 0.6988
C25: 오후 | H25: 0.64583333 | I25: 0.689 | L25: 0.72222222 | M25: 0.6798 | N25: =AVERAGE(E25,G25,I25,K25,M25) -> 0.6844
C26: 야간 | H26: 0.95833333 | I26: 0.7128 | L26: 0 | M26: 0.7127 | N26: =AVERAGE(E26,G26,I26,K26,M26) -> 0.71275
B27: 46212 | C27: 오전 | H27: 0.35416667 | I27: 0.68 | L27: 0.38194444 | M27: 0.6792 | N27: =AVERAGE(E27,G27,I27,K27,M27) -> 0.6796 | O27: =AVERAGE(N27:N29) -> 0.63864
C28: 오후 | D28: 0.63194444 | E28: 0.6891 | F28: 0.67361111 | G28: 0.5881 | H28: 0.72916667 | I28: 0.6778 | J28: 0.77083333 | K28: 0.5614 | L28: 0.8125 | M28: 0.691 | N28: =AVERAGE(E28,G28,I28,K28,M28) -> 0.64148
C29: 야간 | D29: 0.95833333 | E29: 0.6036 | F29: 0 | G29: 0.5129 | H29: 0.041666667 | I29: 0.6234 | J29: 0.083333333 | K29: 0.5462 | L29: 0.125 | M29: 0.6881 | N29: =AVERAGE(E29,G29,I29,K29,M29) -> 0.59484
B30: 46213 | C30: 오전 | D30: 0.29861111 | E30: 0.5482 | F30: 0.33333333 | G30: 0.5493 | H30: 0.375 | I30: 0.6188 | J30: 0.4375 | K30: 0.5027 | L30: 0.47916667 | M30: 0.6422 | N30: =AVERAGE(E30,G30,I30,K30,M30) -> 0.57224 | O30: =AVERAGE(N30:N32) -> #DIV/0!
C31: 오후 | N31: =AVERAGE(E31,G31,I31,K31,M31) -> #DIV/0!
C32: 야간 | D32: 0.97222222 | E32: 0.5692 | F32: 0.98611111 | G32: 0.5588 | H32: 0 | I32: 0.6232 | J32: 0.013888889 | K32: 0.5322 | L32: 0.027777778 | M32: 0.6507 | N32: =AVERAGE(E32,G32,I32,K32,M32) -> 0.58682
B33: 46214 | C33: 오전 | D33: 0.30555556 | E33: 0.5517 | F33: 0.35416667 | G33: 0.5472 | H33: 0.38194444 | I33: 0.6278 | J33: 0.41666667 | K33: 0.5256 | L33: 0.47916667 | M33: 0.6297 | N33: =AVERAGE(E33,G33,I33,K33,M33) -> 0.5764 | O33: =AVERAGE(N33:N35) -> #DIV/0!
C34: 오후 | N34: =AVERAGE(E34,G34,I34,K34,M34) -> #DIV/0!
C35: 야간 | D35: 0.96527778 | E35: 0.6261 | F35: 0.041666667 | G35: 0.6193 | H35: 0.097222222 | I35: 0.6422 | J35: 0.16666667 | K35: 0.5894 | L35: 0.22916667 | M35: 0.7059 | N35: =AVERAGE(E35,G35,I35,K35,M35) -> 0.63658
B36: 46215 | C36: 오전 | D36: 0.30555556 | E36: 0.628 | F36: 0.35416667 | G36: 0.5992 | H36: 0.38194444 | I36: 0.6558 | J36: 0.41666667 | K36: 0.592 | L36: 0.47916667 | M36: 0.6651 | N36: =AVERAGE(E36,G36,I36,K36,M36) -> 0.62802 | O36: =AVERAGE(N36:N38) -> #DIV/0!
C37: 오후 | N37: =AVERAGE(E37,G37,I37,K37,M37) -> #DIV/0!
C38: 야간 | D38: 0.96527778 | E38: 0.6183 | F38: 0.041666667 | G38: 0.5465 | H38: 0.069444444 | I38: 0.6699 | J38: 0.097222222 | K38: 0.5426 | L38: 0.13194444 | M38: 0.6344 | N38: =AVERAGE(E38,G38,I38,K38,M38) -> 0.60234
B39: 46216 | C39: 오전 | D39: 0.30555556 | E39: 0.5337 | F39: 0.34722222 | G39: 0.5721 | H39: 0.38888889 | I39: 0.65 | J39: 0.43055556 | K39: 0.528 | L39: 0.47222222 | M39: 0.724 | N39: =AVERAGE(E39,G39,I39,K39,M39) -> 0.60156 | O39: =AVERAGE(N39:N41) -> 0.60460667
C40: 오후 | D40: 0.625 | E40: 0.5416 | F40: 0.66666667 | G40: 0.5823 | H40: 0.70833333 | I40: 0.6576 | J40: 0.75 | K40: 0.5323 | L40: 0.79166667 | M40: 0.7144 | N40: =AVERAGE(E40,G40,I40,K40,M40) -> 0.60564
C41: 야간 | D41: 0.95833333 | E41: 0.5742 | F41: 0.013888889 | G41: 0.5684 | H41: 0.048611111 | I41: 0.6812 | J41: 0.11111111 | K41: 0.5404 | L41: 0.16666667 | M41: 0.6689 | N41: =AVERAGE(E41,G41,I41,K41,M41) -> 0.60662
B42: 46217 | C42: 오전 | D42: 0.30555556 | E42: 0.5392 | F42: 0.34722222 | G42: 0.5423 | H42: 0.38888889 | I42: 0.65 | J42: 0.43055556 | K42: 0.4793 | L42: 0.47222222 | M42: 0.608 | N42: =AVERAGE(E42,G42,I42,K42,M42) -> 0.56376 | O42: =AVERAGE(N42:N44) -> 0.55905833
C43: 오후 | D43: 0.625 | E43: 0.5412 | F43: 0.66666667 | G43: 0.5546 | H43: 0.70833333 | I43: 0.6516 | J43: 0.75 | K43: 0.5148 | L43: 0.79166667 | M43: 0.6115 | N43: =AVERAGE(E43,G43,I43,K43,M43) -> 0.57474
C44: 야간 | D44: 0.96527778 | E44: 0.5527 | F44: 1.0138889 | G44: 0.5297 | J44: 0.034722222 | K44: 0.4612 | L44: 0.0625 | M44: 0.6111 | N44: =AVERAGE(E44,G44,I44,K44,M44) -> 0.538675
B45: 46218 | C45: 오전 | D45: 0.3125 | E45: 0.4918 | F45: 0.36111111 | G45: 0.558 | J45: 0.38888889 | K45: 0.4928 | L45: 0.4375 | M45: 0.6993 | N45: =AVERAGE(E45,G45,I45,K45,M45) -> 0.560475 | O45: =AVERAGE(N45:N47) -> 0.562525
C46: 오후 | D46: 0.625 | E46: 0.608 | F46: 0.66666667 | G46: 0.5362 | J46: 0.70833333 | K46: 0.4753 | L46: 0.75 | M46: 0.6469 | N46: =AVERAGE(E46,G46,I46,K46,M46) -> 0.5666
C47: 야간 | D47: 0.96527778 | E47: 0.5232 | F47: 0.055555556 | G47: 0.5685 | J47: 0.125 | K47: 0.4876 | L47: 0.1875 | M47: 0.6627 | N47: =AVERAGE(E47,G47,I47,K47,M47) -> 0.5605
B48: 46219 | C48: 오전 | D48: 0.3125 | E48: 0.5548 | F48: 0.36111111 | G48: 0.5485 | J48: 0.38888889 | K48: 0.5284 | L48: 0.4375 | M48: 0.6285 | N48: =AVERAGE(E48,G48,I48,K48,M48) -> 0.56505 | O48: =AVERAGE(N48:N50) -> #DIV/0!
C49: 오후 | N49: =AVERAGE(E49,G49,I49,K49,M49) -> #DIV/0!
C50: 야간 | D50: 0.96527778 | E50: 0.5465 | F50: 0.020833333 | G50: 0.5433 | J50: 0.0625 | K50: 0.5257 | L50: 0.125 | M50: 0.6244 | N50: =AVERAGE(E50,G50,I50,K50,M50) -> 0.559975
B51: 46220 | C51: 오전 | D51: 0.31944444 | E51: 0.614 | F51: 0.35416667 | G51: 0.5577 | J51: 0.40277778 | K51: 0.5501 | L51: 0.43055556 | M51: 0.6377 | N51: =AVERAGE(E51,G51,I51,K51,M51) -> 0.589875 | O51: =AVERAGE(N51:N53) -> 0.59185833
C52: 오후 | D52: 0.65277778 | E52: 0.606 | F52: 0.69444444 | G52: 0.5523 | J52: 0.70138889 | K52: 0.5555 | L52: 0.75 | M52: 0.6292 | N52: =AVERAGE(E52,G52,I52,K52,M52) -> 0.58575
C53: 야간 | D53: 0.96527778 | E53: 0.6235 | F53: 0.0069444444 | G53: 0.6023 | J53: 0.048611111 | K53: 0.547 | L53: 0.090277778 | M53: 0.627 | N53: =AVERAGE(E53,G53,I53,K53,M53) -> 0.59995
B54: 46221 | C54: 오전 | D54: 0.31944444 | E54: 0.6081 | F54: 0.35416667 | G54: 0.5984 | J54: 0.38888889 | K54: 0.5175 | L54: 0.44444444 | M54: 0.6468 | N54: =AVERAGE(E54,G54,I54,K54,M54) -> 0.5927 | O54: =AVERAGE(N54:N56) -> 0.61168333
C55: 오후 | D55: 0.64583333 | E55: 0.6485 | F55: 0.68055556 | G55: 0.6385 | J55: 0.73611111 | K55: 0.5548 | L55: 0.76388889 | M55: 0.6385 | N55: =AVERAGE(E55,G55,I55,K55,M55) -> 0.620075
C56: 야간 | D56: 0.96527778 | E56: 0.6296 | F56: 0.16666667 | G56: 0.6219 | H56: 0.20138889 | I56: 0.6458 | J56: 0.020833333 | K56: 0.5918 | N56: =AVERAGE(E56,G56,I56,K56,M56) -> 0.622275
B57: 46222 | C57: 오전 | D57: 0.31944444 | E57: 0.648 | F57: 0.34722222 | G57: 0.5908 | H57: 0.38888889 | I57: 0.6485 | J57: 0.4375 | K57: 0.5551 | N57: =AVERAGE(E57,G57,I57,K57,M57) -> 0.6106 | O57: =AVERAGE(N57:N59) -> 0.61901667
C58: 오후 | D58: 0.64583333 | E58: 0.6582 | F58: 0.68055556 | G58: 0.6648 | H58: 0.72916667 | I58: 0.6285 | J58: 0.76388889 | K58: 0.6185 | N58: =AVERAGE(E58,G58,I58,K58,M58) -> 0.6425
C59: 야간 | D59: 0.96527778 | E59: 0.625 | F59: 0.0069444444 | G59: 0.5642 | H59: 0.034722222 | I59: 0.6566 | J59: 0.0625 | K59: 0.57 | N59: =AVERAGE(E59,G59,I59,K59,M59) -> 0.60395
B60: 46223 | C60: 오전 | D60: 0.3125 | E60: 0.6805 | F60: 0.35416667 | G60: 0.595 | H60: 0.39583333 | I60: 0.6689 | J60: 0.4375 | K60: 0.5639 | N60: =AVERAGE(E60,G60,I60,K60,M60) -> 0.627075 | O60: =AVERAGE(N60:N62) -> 0.61735833
C61: 오후 | D61: 0.63194444 | E61: 0.6788 | F61: 0.70138889 | G61: 0.5892 | J61: 0.76388889 | K61: 0.5537 | L61: 0.81944444 | M61: 0.6614 | N61: =AVERAGE(E61,G61,I61,K61,M61) -> 0.620775
C62: 야간 | D62: 0.96527778 | E62: 0.6408 | F62: 0.013888889 | G62: 0.587 | J62: 0.055555556 | K62: 0.5523 | L62: 0.10416667 | M62: 0.6368 | N62: =AVERAGE(E62,G62,I62,K62,M62) -> 0.604225
B63: 46224 | C63: 오전 | D63: 0.3125 | E63: 0.6028 | F63: 0.35416667 | G63: 0.6095 | J63: 0.39583333 | K63: 0.555 | L63: 0.4375 | M63: 0.6526 | N63: =AVERAGE(E63,G63,I63,K63,M63) -> 0.604975 | O63: =AVERAGE(N63:N65) -> 0.62469167
C64: 오후 | D64: 0.63194444 | E64: 0.6247 | F64: 0.70138889 | G64: 0.5938 | J64: 0.77777778 | K64: 0.5785 | L64: 0.83333333 | M64: 0.6488 | N64: =AVERAGE(E64,G64,I64,K64,M64) -> 0.61145
C65: 야간 | D65: 0.96527778 | E65: 0.6312 | L65: 0.055555556 | M65: 0.6841 | N65: =AVERAGE(E65,G65,I65,K65,M65) -> 0.65765
B66: 46225 | C66: 오전 | H66: 0.3125 | I66: 0.7008 | L66: 0.35416667 | M66: 0.6982 | N66: =AVERAGE(E66,G66,I66,K66,M66) -> 0.6995 | O66: =AVERAGE(N66:N68) -> 0.70375
C67: 오후 | H67: 0.64583333 | I67: 0.7128 | L67: 0.6875 | M67: 0.7039 | N67: =AVERAGE(E67,G67,I67,K67,M67) -> 0.70835
C68: 야간 | H68: 0.96527778 | I68: 0.7054 | L68: 0.048611111 | M68: 0.7014 | N68: =AVERAGE(E68,G68,I68,K68,M68) -> 0.7034
B69: 46226 | C69: 오전 | N69: =AVERAGE(E69,G69,I69,K69,M69) -> #DIV/0! | O69: =AVERAGE(N69:N71) -> #DIV/0!
C70: 오후 | N70: =AVERAGE(E70,G70,I70,K70,M70) -> #DIV/0!
C71: 야간 | D71: 0.96527778 | E71: 0.5619 | F71: 0.013888889 | G71: 0.5828 | J71: 0.055555556 | K71: 0.5714 | N71: =AVERAGE(E71,G71,I71,K71,M71) -> 0.57203333
B72: 46227 | C72: 오전 | D72: 0.3125 | E72: 0.5456 | F72: 0.35416667 | G72: 0.5406 | J72: 0.39583333 | K72: 0.5384 | N72: =AVERAGE(E72,G72,I72,K72,M72) -> 0.54153333 | O72: =AVERAGE(N72:N74) -> 0.55626667
C73: 오후 | D73: 0.63194444 | E73: 0.5687 | F73: 0.67361111 | G73: 0.5543 | J73: 0.74305556 | K73: 0.5455 | N73: =AVERAGE(E73,G73,I73,K73,M73) -> 0.55616667
C74: 야간 | D74: 0.95833333 | E74: 0.572 | F74: 0.020833333 | G74: 0.5684 | J74: 0.090277778 | K74: 0.5729 | N74: =AVERAGE(E74,G74,I74,K74,M74) -> 0.5711
B75: 46228 | C75: 오전 | D75: 0.30555556 | E75: 0.5618 | F75: 0.375 | G75: 0.5627 | J75: 0.47222222 | K75: 0.5988 | N75: =AVERAGE(E75,G75,I75,K75,M75) -> 0.57443333 | O75: =AVERAGE(N75:N77) -> 0.57628611
C76: 오후 | D76: 0.64583333 | E76: 0.5933 | F76: 0.6875 | G76: 0.5707 | J76: 0.74305556 | K76: 0.4938 | L76: 0.79166667 | M76: 0.637 | N76: =AVERAGE(E76,G76,I76,K76,M76) -> 0.5737
C77: 야간 | D77: 0.95833333 | E77: 0.5881 | F77: 0.020833333 | G77: 0.5619 | J77: 0.0625 | K77: 0.5431 | L77: 0.090277778 | M77: 0.6298 | N77: =AVERAGE(E77,G77,I77,K77,M77) -> 0.580725
B78: 46229 | C78: 오전 | D78: 0.3125 | E78: 0.5444 | F78: 0.34027778 | G78: 0.5479 | J78: 0.375 | K78: 0.5245 | L78: 0.40277778 | M78: 0.6211 | N78: =AVERAGE(E78,G78,I78,K78,M78) -> 0.559475 | O78: =AVERAGE(N78:N80) -> 0.59717167
C79: 오후 | D79: 0.63194444 | E79: 0.5937 | F79: 0.66666667 | G79: 0.6175 | H79: 0.83333333 | I79: 0.6577 | J79: 0.72222222 | K79: 0.5428 | L79: 0.75694444 | M79: 0.6296 | N79: =AVERAGE(E79,G79,I79,K79,M79) -> 0.60826
C80: 야간 | D80: 0.95833333 | E80: 0.6022 | F80: 0 | G80: 0.6173 | H80: 0.041666667 | I80: 0.6074 | J80: 0.083333333 | K80: 0.6026 | L80: 0.125 | M80: 0.6894 | N80: =AVERAGE(E80,G80,I80,K80,M80) -> 0.62378
B81: 46230 | C81: 오전 | D81: 0.29861111 | E81: 0.6257 | F81: 0.36111111 | G81: 0.6347 | H81: 0.38888889 | I81: 0.665 | J81: 0.45833333 | K81: 0.6148 | L81: 0.54861111 | M81: 0.6522 | N81: =AVERAGE(E81,G81,I81,K81,M81) -> 0.63848 | O81: =AVERAGE(N81:N83) -> 0.62356
C82: 오후 | D82: 0.63194444 | E82: 0.644 | F82: 0.66666667 | G82: 0.6206 | H82: 0.73611111 | I82: 0.6647 | J82: 0.70833333 | K82: 0.4969 | L82: 0.77083333 | M82: 0.6423 | N82: =AVERAGE(E82,G82,I82,K82,M82) -> 0.6137
C83: 야간 | D83: 0.95833333 | E83: 0.6455 | F83: 0 | G83: 0.6323 | H83: 0.041666667 | I83: 0.6677 | J83: 0.083333333 | K83: 0.5011 | L83: 0.125 | M83: 0.6459 | N83: =AVERAGE(E83,G83,I83,K83,M83) -> 0.6185
B84: 46231 | C84: 오전 | D84: 0.3125 | E84: 0.6868 | F84: 0.36805556 | G84: 0.5927 | H84: 0.42361111 | I84: 0.6276 | J84: 0.49305556 | K84: 0.6659 | L84: 0.55555556 | M84: 0.6388 | N84: =AVERAGE(E84,G84,I84,K84,M84) -> 0.64236 | O84: =AVERAGE(N84:N86) -> 0.67535889
C85: 오후 | D85: 0.64583333 | E85: 0.7285 | H85: 0.68055556 | I85: 0.6848 | L85: 0.72916667 | M85: 0.6458 | N85: =AVERAGE(E85,G85,I85,K85,M85) -> 0.68636667
C86: 야간 | H86: 0.95833333 | I86: 0.6901 | L86: 0 | M86: 0.7046 | N86: =AVERAGE(E86,G86,I86,K86,M86) -> 0.69735
B87: 46232 | C87: 오전 | H87: 0.42361111 | I87: 0.6991 | L87: 0.55555556 | M87: 0.6874 | N87: =AVERAGE(E87,G87,I87,K87,M87) -> 0.69325 | O87: =AVERAGE(N87:N89) -> #DIV/0!
C88: 오후 | N88: =AVERAGE(E88,G88,I88,K88,M88) -> #DIV/0!
C89: 야간 | N89: =AVERAGE(E89,G89,I89,K89,M89) -> #DIV/0!
B90: 46233 | C90: 오전 | D90: 0.39583333 | E90: 0.5328 | F90: 0.44444444 | G90: 0.5585 | J90: 0.48611111 | K90: 0.5341 | N90: =AVERAGE(E90,G90,I90,K90,M90) -> 0.5418 | O90: =AVERAGE(N90:N92) -> 0.55976667
C91: 오후 | D91: 0.625 | E91: 0.6166 | F91: 0.66666667 | G91: 0.56 | J91: 0.70833333 | K91: 0.5323 | N91: =AVERAGE(E91,G91,I91,K91,M91) -> 0.56963333
C92: 야간 | D92: 0.95833333 | E92: 0.6026 | F92: 0 | G92: 0.5562 | J92: 0.041666667 | K92: 0.5448 | N92: =AVERAGE(E92,G92,I92,K92,M92) -> 0.56786667
B93: 46234 | C93: 오전 | D93: 0.33333333 | E93: 0.5034 | F93: 0.36111111 | G93: 0.5402 | J93: 0.41666667 | K93: 0.5519 | N93: =AVERAGE(E93,G93,I93,K93,M93) -> 0.53183333 | O93: =AVERAGE(N93:N95) -> 0.50271111
C94: 오후 | D94: 0.64583333 | E94: 0.4885 | F94: 0.68055556 | G94: 0.4985 | J94: 0.72916667 | K94: 0.4824 | N94: =AVERAGE(E94,G94,I94,K94,M94) -> 0.4898
C95: 야간 | D95: 0.92361111 | E95: 0.4692 | F95: 0.020833333 | G95: 0.5248 | J95: 0.083333333 | K95: 0.4655 | N95: =AVERAGE(E95,G95,I95,K95,M95) -> 0.4865
